id_candidat,cote_r_equivalent,programme_etudes,region_administrative,code_postal_3,revenu_familial_estime,heures_travail_semaine,distance_domicile_campus_km,premiere_generation_universitaire,group,dbscan_cluster,dbscan_flag,isolation_forest_flag,selected,effort_score,distance_to_cutoff,near_cutoff,dbscan_ambiguous_border,isolation_anomaly_score
C011476,28.06,Sciences sociales,Capitale-Nationale,G1R,52153,8,23.9,0,Centre,0,False,False,0,29.21053942260562,-0.841452283477107,False,False,0.39753926634012926
C000471,27.5,Sciences sociales,Bas-Saint-Laurent,G0L,57169,17,313.5,0,Remote,0,False,False,0,29.944896273036946,-0.10709543304578162,True,False,0.45765872564614063
C006911,26.0,Arts et lettres,Capitale-Nationale,G2E,127089,12,8.6,0,Centre,0,False,False,0,27.72580913390843,-2.3261825721742966,False,False,0.4733156191112116
C007718,24.07,Sciences,Gaspesie-Iles-de-la-Madeleine,G4X,65030,11,205.7,0,Remote,0,False,False,0,25.65199170608273,-4.399999999999999,False,False,0.44267981091579583
C003531,26.39,Sciences sociales,Montreal,H8N,17629,9,6.1,1,Centre,-1,True,True,0,27.684356850431325,-2.367634855651403,False,False,0.5611624849291381
C013582,27.58,Sciences sociales,Montreal,H2X,44823,8,20.5,0,Centre,0,False,False,0,28.73053942260562,-1.3214522834771074,False,False,0.40224954456691814
C001802,28.01,Sciences,Cote-Nord,G4R,34853,15,646.0,0,Remote,0,False,False,1,30.16726141738554,0.11526971130281183,True,False,0.518708874911507
C002621,33.65,Sciences,Montreal,H1A,79546,9,25.2,0,Centre,0,False,False,1,34.94435685043132,4.892365144348592,False,False,0.47277151752454705
C000214,26.72,Arts et lettres,Gaspesie-Iles-de-la-Madeleine,G4X,45817,18,51.2,0,Remote,0,False,False,0,29.308713700862647,-0.7432780052200805,False,False,0.4808088651823457
C011333,23.7,Genie,Cote-Nord,G4R,46477,14,235.0,1,Remote,0,False,False,0,25.713443989559835,-4.338547716522893,False,False,0.44967945154120914
C005995,26.12,Sante,Capitale-Nationale,G1V,40332,7,12.8,0,Centre,0,False,False,0,27.12672199477992,-2.925269711302807,False,False,0.4421242989450573
C000764,31.95,Genie,Capitale-Nationale,G1V,123992,5,20.0,1,Centre,0,False,False,1,32.669087139128514,2.6170954330457867,False,False,0.5106288173279219
C009637,21.71,Arts et lettres,Capitale-Nationale,G2E,80240,16,28.7,1,Centre,-1,True,False,0,24.011078845211244,-6.040912860871483,False,False,0.5264188109219893
C010951,26.94,Genie,Gaspesie-Iles-de-la-Madeleine,G0C,48236,11,557.1,1,Remote,0,False,False,0,28.52199170608273,-1.5299999999999976,False,False,0.48775819096631495
C003989,29.32,Sciences,Bas-Saint-Laurent,G5N,43362,9,107.2,0,Remote,0,False,False,1,30.614356850431324,0.5623651443485969,False,False,0.425740246390968
C001997,23.48,Sciences sociales,Gaspesie-Iles-de-la-Madeleine,G4X,23171,12,190.9,0,Remote,0,False,False,0,25.20580913390843,-4.846182572174296,False,False,0.5189331508709045
C008268,29.24,Genie,Montreal,H1A,26647,6,37.3,0,Centre,0,False,False,1,30.102904566954216,0.050912860871488164,True,False,0.501949579251231
C004195,27.17,Arts et lettres,Cote-Nord,G0G,18062,12,165.5,1,Remote,0,False,False,0,28.895809133908433,-1.1561825721742949,False,False,0.5130361648200766
C008521,28.73,Sciences sociales,Bas-Saint-Laurent,G0L,134962,13,255.7,0,Remote,0,False,False,1,30.599626561734134,0.5476348556514061,False,False,0.49994694058917355
C003182,32.29,Sante,Cote-Nord,G5B,40271,15,155.4,0,Remote,0,False,False,1,34.44726141738554,4.395269711302813,False,False,0.48475885869549906
C002397,28.53,Sante,Bas-Saint-Laurent,G0L,88287,10,294.6,0,Remote,0,False,False,0,29.968174278257028,-0.08381742782570001,True,False,0.44748091499019854
C011557,24.92,Sciences,Capitale-Nationale,G1R,83861,8,9.4,0,Centre,0,False,False,0,26.070539422605624,-3.981452283477104,False,False,0.42278515137205985
C008762,23.38,Genie,Gaspesie-Iles-de-la-Madeleine,G5C,33383,11,385.3,1,Remote,0,False,False,0,24.961991706082728,-5.09,False,False,0.5147283150225498
C011840,30.09,Sciences sociales,Montreal,H8N,65981,13,56.1,0,Centre,0,False,False,1,31.959626561734133,1.9076348556514056,False,False,0.42682902816844265
C011316,31.08,Arts et lettres,Bas-Saint-Laurent,G5L,73745,17,81.1,0,Remote,0,False,False,1,33.524896273036944,3.4729045669542167,False,False,0.4930276953848594
C010291,26.85,Arts et lettres,Montreal,H4L,65024,8,43.4,0,Centre,0,False,False,0,28.000539422605623,-2.0514522834771043,False,False,0.4087627821562904
C006829,33.84,Arts et lettres,Montreal,H4L,29314,10,17.1,0,Centre,0,False,False,1,35.278174278257026,5.226182572174299,False,False,0.535237972614772
C000068,31.93,Sciences sociales,Cote-Nord,G4R,32418,11,287.9,0,Remote,0,False,False,1,33.51199170608273,3.4600000000000044,False,False,0.49948989574710545
C010665,28.82,Sciences,Montreal,H8N,73992,9,20.3,0,Centre,0,False,False,1,30.114356850431324,0.06236514434859686,True,False,0.38671125093650327
C008332,28.78,Genie,Capitale-Nationale,G3A,116980,11,69.1,0,Centre,0,False,False,1,30.36199170608273,0.3100000000000023,True,False,0.4527442396573379
C004852,29.16,Sante,Capitale-Nationale,G3A,82504,6,15.1,1,Centre,0,False,False,0,30.022904566954217,-0.02908713912851013,True,False,0.41747451545590947
C002565,30.61,Sciences sociales,Montreal,H2X,41606,7,17.0,1,Centre,0,False,False,1,31.61672199477992,1.5647302886971914,False,False,0.4386808037765098
C010674,28.46,Genie,Capitale-Nationale,G1R,102301,9,11.4,0,Centre,0,False,False,0,29.754356850431325,-0.2976348556514026,True,False,0.4085276695083463
C001872,30.31,Arts et lettres,Cote-Nord,G5B,40693,17,307.1,1,Remote,0,False,False,1,32.75489627303694,2.7029045669542135,False,False,0.4904820765067433
C005733,29.25,Sante,Bas-Saint-Laurent,G5N,37988,13,126.7,0,Remote,0,False,False,1,31.119626561734133,1.0676348556514057,False,False,0.4308839139352064
C000703,30.53,Sante,Capitale-Nationale,G1V,61802,7,15.4,0,Centre,0,False,False,1,31.53672199477992,1.4847302886971931,False,False,0.4133174690577075
C011867,29.3,Arts et lettres,Montreal,H2X,107952,11,12.6,1,Centre,0,False,False,1,30.88199170608273,0.8300000000000018,False,False,0.42629542260724607
C006713,31.13,Sciences sociales,Capitale-Nationale,G1V,54527,4,8.8,0,Centre,0,False,False,1,31.705269711302808,1.6532780052200806,False,False,0.49561703114557215
C000064,33.82,Sciences,Capitale-Nationale,G1R,69558,6,16.6,1,Centre,0,False,False,1,34.682904566954214,4.6309128608714865,False,False,0.49224480986970415
C004628,23.8,Sciences sociales,Cote-Nord,G4R,69619,13,304.3,0,Remote,0,False,False,0,25.669626561734134,-4.382365144348594,False,False,0.4644665734617508
C012124,27.07,Sciences sociales,Gaspesie-Iles-de-la-Madeleine,G4X,41786,12,176.5,1,Remote,0,False,False,0,28.79580913390843,-1.2561825721742963,False,False,0.42210742360441716
C004326,28.22,Sante,Capitale-Nationale,G3A,120630,5,15.3,0,Centre,0,False,False,0,28.93908713912851,-1.1129045669542172,False,False,0.465250684019577
C008918,24.03,Genie,Cote-Nord,G5B,27974,12,240.2,0,Remote,0,False,False,0,25.755809133908432,-4.2961825721742954,False,False,0.49007845080076345
C012871,35.02,Genie,Montreal,H4L,51534,8,28.9,0,Centre,0,False,False,1,36.17053942260562,6.118547716522894,False,False,0.5135849302033179
C010864,25.53,Sciences sociales,Montreal,H8N,110564,8,15.4,0,Centre,0,False,False,0,26.680539422605623,-3.3714522834771046,False,False,0.4309017888727834
C000878,24.14,Sciences sociales,Gaspesie-Iles-de-la-Madeleine,G4X,52545,6,174.1,1,Remote,0,False,False,0,25.002904566954218,-5.04908713912851,False,False,0.48497557639385247
C012033,23.7,Arts et lettres,Cote-Nord,G4R,72353,11,115.9,0,Remote,0,False,False,0,25.281991706082728,-4.77,False,False,0.44660478144289445
C003603,30.27,Sciences,Montreal,H4L,19345,6,9.3,0,Centre,-1,True,True,1,31.132904566954217,1.0809128608714893,False,False,0.5523921141718456
C012032,27.97,Genie,Bas-Saint-Laurent,G5L,30247,13,257.0,1,Remote,0,False,False,0,29.839626561734132,-0.21236514434859544,True,False,0.45373076358069475
C008543,31.31,Sciences sociales,Montreal,H8N,83994,8,9.9,0,Centre,0,False,False,1,32.46053942260562,2.408547716522893,False,False,0.4327391757207294
C009273,21.95,Arts et lettres,Montreal,H1A,67163,7,10.4,0,Centre,0,False,False,0,22.95672199477992,-7.095269711302809,False,False,0.47879764594954755
C009255,25.76,Arts et lettres,Cote-Nord,G5B,129056,14,193.0,1,Remote,0,False,False,0,27.773443989559837,-2.2785477165228905,False,False,0.4959303502344544
C003722,32.82,Sciences,Capitale-Nationale,G1R,83703,11,21.9,0,Centre,0,False,False,1,34.40199170608273,4.350000000000005,False,False,0.45664521372705363
C009983,24.88,Arts et lettres,Cote-Nord,G0G,20660,15,200.9,0,Remote,0,False,False,0,27.037261417385537,-3.0147302886971907,False,False,0.5284941083629255
C011185,26.75,Arts et lettres,Montreal,H8N,33450,5,4.2,0,Centre,0,False,False,0,27.46908713912851,-2.582904566954216,False,False,0.5348432728904438
C011178,28.54,Sciences,Montreal,H8N,56920,9,30.3,0,Centre,0,False,False,0,29.834356850431323,-0.21763485565140428,True,False,0.3920793173201541
C008130,27.91,Sciences,Montreal,H8N,46030,7,33.6,0,Centre,0,False,False,0,28.91672199477992,-1.1352697113028078,False,False,0.41410911211031676
C009829,26.66,Sciences sociales,Bas-Saint-Laurent,G5N,53642,11,172.7,1,Remote,0,False,False,0,28.24199170608273,-1.8099999999999987,False,False,0.4133099225555716
C003554,30.1,Genie,Montreal,H1A,39748,7,15.9,0,Centre,0,False,False,1,31.10672199477992,1.0547302886971934,False,False,0.44140033033234055
C007210,26.02,Genie,Montreal,H2X,55759,9,24.3,1,Centre,0,False,False,0,27.314356850431324,-2.737634855651404,False,False,0.3992148174438742
C005321,27.58,Genie,Capitale-Nationale,G1R,22423,8,16.8,0,Centre,0,False,False,0,28.73053942260562,-1.3214522834771074,False,False,0.4980788805015867
C011236,28.96,Sante,Montreal,H8N,44059,8,36.4,0,Centre,0,False,False,1,30.110539422605623,0.058547716522895143,True,False,0.41444912504370235
C001439,28.09,Genie,Montreal,H4L,43892,15,14.6,0,Centre,0,False,False,1,30.247261417385538,0.19526971130281012,True,False,0.45580345995463073
C003104,27.96,Genie,Gaspesie-Iles-de-la-Madeleine,G5C,35527,9,257.9,1,Remote,0,False,False,0,29.254356850431325,-0.7976348556514026,False,False,0.4483594566156664
C004474,29.01,Sciences sociales,Montreal,H4L,112674,7,20.4,1,Centre,0,False,False,0,30.01672199477992,-0.03526971130280643,True,False,0.42704069656093446
C011529,30.34,Sante,Gaspesie-Iles-de-la-Madeleine,G0C,54640,6,265.3,1,Remote,0,False,False,1,31.202904566954217,1.1509128608714896,False,False,0.4894827158164603
C007668,29.36,Sciences,Montreal,H3T,145166,8,39.4,0,Centre,0,False,False,1,30.51053942260562,0.4585477165228937,True,False,0.46548254451025617
C005977,23.54,Sciences,Cote-Nord,G0G,112122,15,210.0,1,Remote,0,False,False,0,25.69726141738554,-4.354730288697187,False,False,0.5126353856207203
C009064,26.24,Sciences,Bas-Saint-Laurent,G0L,116550,12,203.5,1,Remote,0,False,False,0,27.96580913390843,-2.086182572174298,False,False,0.4719647296429711
C005597,27.68,Sciences sociales,Montreal,H4L,51571,11,36.2,1,Centre,0,False,False,0,29.26199170608273,-0.7899999999999991,False,False,0.39963294089286644
C011831,27.83,Sciences,Montreal,H8N,54804,7,23.2,0,Centre,0,False,False,0,28.836721994779918,-1.2152697113028097,False,False,0.4008262689814774
C003361,28.02,Genie,Montreal,H3T,64917,13,30.9,0,Centre,0,False,False,0,29.889626561734133,-0.16236514434859473,True,False,0.4092247763076378
C004450,25.91,Genie,Capitale-Nationale,G2E,69081,9,55.4,0,Centre,0,False,False,0,27.204356850431324,-2.8476348556514033,False,False,0.4112274603465037
C008210,23.89,Sciences,Bas-Saint-Laurent,G5N,51308,11,332.5,0,Remote,0,False,False,0,25.47199170608273,-4.579999999999998,False,False,0.4675635935020131
C012014,27.64,Sante,Capitale-Nationale,G1V,39753,11,7.5,0,Centre,0,False,False,0,29.22199170608273,-0.8299999999999983,False,False,0.44762185306093555
C012665,22.61,Genie,Gaspesie-Iles-de-la-Madeleine,G0C,49850,9,389.2,1,Remote,0,False,False,0,23.904356850431324,-6.147634855651404,False,False,0.5098661166085443
C005946,27.95,Genie,Gaspesie-Iles-de-la-Madeleine,G0C,25647,10,450.6,1,Remote,0,False,False,0,29.388174278257026,-0.6638174278257019,False,False,0.5237176250517228
C007529,30.82,Sciences sociales,Montreal,H8N,64091,9,8.6,1,Centre,0,False,False,1,32.11435685043132,2.0623651443485933,False,False,0.42549707424727945
C002940,24.74,Sciences sociales,Capitale-Nationale,G2E,60921,9,6.3,0,Centre,0,False,False,0,26.034356850431323,-4.017634855651405,False,False,0.43447042675816966
C012024,26.04,Genie,Cote-Nord,G5B,93778,19,171.2,0,Remote,0,False,False,0,28.77253112868835,-1.279460577394378,False,False,0.5072982319719639
C004250,29.65,Sciences,Montreal,H2X,115129,10,16.0,0,Centre,0,False,False,1,31.088174278257025,1.0361825721742974,False,False,0.4281402555576347
C003108,29.15,Arts et lettres,Montreal,H1A,71684,9,20.4,0,Centre,0,False,False,1,30.444356850431323,0.39236514434859515,True,False,0.38713894857667164
C009847,27.82,Sante,Cote-Nord,G0G,68238,17,311.3,1,Remote,0,False,False,1,30.264896273036946,0.21290456695421867,True,False,0.462103560545085
C011904,31.67,Sciences sociales,Gaspesie-Iles-de-la-Madeleine,G4X,69400,16,71.7,0,Remote,0,False,False,1,33.971078845211245,3.919087139128518,False,False,0.4867151534459344
C001380,29.87,Arts et lettres,Montreal,H3T,92915,5,5.2,0,Centre,0,False,False,1,30.589087139128516,0.5370954330457884,False,False,0.4813169381825588
C001665,28.43,Sante,Montreal,H2X,93051,14,34.3,0,Centre,0,False,False,1,30.443443989559835,0.3914522834771077,True,False,0.43177896605698235
C009318,22.61,Sciences,Capitale-Nationale,G3A,89109,12,5.7,1,Centre,0,False,False,0,24.33580913390843,-5.716182572174297,False,False,0.4938169857962168
C012553,23.76,Arts et lettres,Bas-Saint-Laurent,G5L,34805,10,109.0,0,Remote,0,False,False,0,25.198174278257028,-4.8538174278257,False,False,0.47056550699574634
C006434,34.2,Genie,Gaspesie-Iles-de-la-Madeleine,G5C,57329,18,92.1,1,Remote,0,False,True,1,36.78871370086265,6.7367219947799235,False,False,0.5627720693041198
C002777,30.1,Sciences,Gaspesie-Iles-de-la-Madeleine,G5C,57684,12,149.5,1,Remote,0,False,False,1,31.825809133908432,1.7738174278257048,False,False,0.4222900939848534
C004436,22.19,Genie,Cote-Nord,G4R,38314,12,121.0,0,Remote,0,False,False,0,23.915809133908432,-6.136182572174295,False,False,0.49524010813999375
C006265,28.22,Sciences sociales,Capitale-Nationale,G3A,67976,6,43.6,0,Centre,0,False,False,0,29.082904566954216,-0.9690871391285114,False,False,0.42382506648506024
C007230,28.45,Sante,Montreal,H8N,45273,13,51.1,0,Centre,0,False,False,1,30.319626561734133,0.267634855651405,True,False,0.42600459920308514
C000924,23.67,Arts et lettres,Montreal,H4L,212392,15,19.6,0,Centre,-1,True,True,0,25.827261417385543,-4.2247302886971845,False,False,0.5866283924679924
C010771,29.8,Sante,Gaspesie-Iles-de-la-Madeleine,G5C,125268,11,241.8,0,Remote,0,False,False,1,31.38199170608273,1.3300000000000018,False,False,0.48446888758461426
C013731,29.53,Arts et lettres,Gaspesie-Iles-de-la-Madeleine,G4X,45638,12,287.6,0,Remote,0,False,False,1,31.255809133908432,1.2038174278257046,False,False,0.4385892762733905
C013586,27.13,Genie,Capitale-Nationale,G3A,149771,10,31.1,0,Centre,0,False,False,0,28.568174278257025,-1.4838174278257021,False,False,0.4643902461615401
C012137,30.98,Sciences sociales,Cote-Nord,G5B,45199,12,187.8,1,Remote,0,False,False,1,32.70580913390843,2.653817427825704,False,False,0.44104454011515243
C002258,24.6,Genie,Montreal,H3T,59702,12,28.1,1,Centre,0,False,False,0,26.325809133908432,-3.726182572174295,False,False,0.419904338945259
C002275,28.55,Genie,Montreal,H4L,108161,9,24.5,1,Centre,0,False,False,0,29.844356850431325,-0.20763485565140272,True,False,0.4079814698229569
C012863,33.03,Sciences,Bas-Saint-Laurent,G5N,35098,14,147.9,0,Remote,0,False,False,1,35.04344398955984,4.991452283477113,False,False,0.5058781011631108
C003726,26.45,Sciences sociales,Montreal,H4L,102493,8,14.1,0,Centre,0,False,False,0,27.60053942260562,-2.4514522834771064,False,False,0.40968208764288505
C012102,26.86,Arts et lettres,Gaspesie-Iles-de-la-Madeleine,G4X,62387,19,217.8,0,Remote,0,False,False,0,29.59253112868835,-0.4594605773943776,True,False,0.476648958871697
C007245,26.18,Arts et lettres,Gaspesie-Iles-de-la-Madeleine,G5C,57205,9,154.5,1,Remote,0,False,False,0,27.474356850431324,-2.5776348556514037,False,False,0.4232763196561346
C010270,24.96,Sciences sociales,Cote-Nord,G4R,55527,11,199.1,0,Remote,0,False,False,0,26.54199170608273,-3.509999999999998,False,False,0.42772529408308746
C003803,28.38,Sante,Capitale-Nationale,G3A,53867,22,51.7,1,Centre,0,False,False,1,31.543983412165456,1.4919917060827288,False,False,0.5285282608870725
C013694,29.78,Genie,Montreal,H8N,38106,12,46.1,0,Centre,0,False,False,1,31.505809133908432,1.4538174278257046,False,False,0.4399949364069046
C007928,29.37,Sante,Cote-Nord,G5B,100446,14,289.4,1,Remote,0,False,False,1,31.383443989559836,1.331452283477109,False,False,0.4702566747142225
C003414,23.61,Genie,Montreal,H4L,50075,17,21.6,0,Centre,0,False,False,0,26.054896273036945,-3.997095433045782,False,False,0.4958171071728071
C001985,33.69,Sciences sociales,Montreal,H1A,38656,6,32.1,0,Centre,0,False,False,1,34.55290456695421,4.500912860871484,False,False,0.5277599207005288
C013889,33.08,Arts et lettres,Gaspesie-Iles-de-la-Madeleine,G4X,69717,17,600.4,0,Remote,0,False,True,1,35.524896273036944,5.472904566954217,False,False,0.5762950801510737
C010308,26.4,Sciences,Bas-Saint-Laurent,G5L,34497,11,469.5,1,Remote,0,False,False,0,27.981991706082727,-2.0700000000000003,False,False,0.49372734464648255
C009835,31.48,Sciences,Montreal,H8N,104543,7,26.2,0,Centre,0,False,False,1,32.48672199477992,2.4347302886971924,False,False,0.4517105389666762
C008685,33.63,Sciences,Montreal,H8N,43277,6,11.4,0,Centre,0,False,False,1,34.492904566954216,4.440912860871489,False,False,0.513067048893243
C006117,26.82,Sciences,Montreal,H3T,77912,12,5.4,1,Centre,0,False,False,0,28.54580913390843,-1.5061825721742963,False,False,0.44005107156987316
C011054,28.14,Arts et lettres,Bas-Saint-Laurent,G5N,83534,14,124.5,0,Remote,0,False,False,1,30.153443989559836,0.10145228347710855,True,False,0.4317375320815547
C009764,30.35,Sciences sociales,Montreal,H3T,98889,3,16.1,0,Centre,0,False,False,1,30.78145228347711,0.7294605773943807,False,False,0.5050253609342714
C007962,27.76,Sciences sociales,Montreal,H4L,47000,5,10.9,0,Centre,0,False,False,0,28.479087139128517,-1.572904566954211,False,False,0.44993804546411414
C006820,26.83,Sciences sociales,Bas-Saint-Laurent,G5L,32906,14,115.5,1,Remote,0,False,False,0,28.843443989559834,-1.2085477165228937,False,False,0.4389330330059324
C006695,23.76,Arts et lettres,Cote-Nord,G5B,54681,11,416.2,1,Remote,0,False,False,0,25.34199170608273,-4.709999999999997,False,False,0.4896319020674811
C003339,27.58,Genie,Gaspesie-Iles-de-la-Madeleine,G5C,118433,5,42.7,0,Remote,0,False,False,0,28.29908713912851,-1.7529045669542178,False,False,0.4780179367078704
C004906,26.25,Sante,Cote-Nord,G5B,80854,14,191.8,1,Remote,0,False,False,0,28.263443989559836,-1.788547716522892,False,False,0.4340492883751357
C004834,26.04,Sciences sociales,Montreal,H1A,50237,8,23.5,0,Centre,0,False,False,0,27.19053942260562,-2.8614522834771066,False,False,0.4054220308532735
C002836,30.74,Genie,Montreal,H8N,187003,10,25.6,0,Centre,0,False,False,1,32.178174278257025,2.1261825721742973,False,False,0.5240022928318315
C007995,25.43,Sciences,Cote-Nord,G4R,95540,16,158.5,1,Remote,0,False,False,0,27.731078845211243,-2.320912860871484,False,False,0.47486644940051226
C011917,25.32,Sciences sociales,Capitale-Nationale,G3A,57001,5,18.8,0,Centre,0,False,False,0,26.03908713912851,-4.012904566954216,False,False,0.44862755581945263
C003676,25.49,Genie,Capitale-Nationale,G3A,65337,9,5.0,1,Centre,0,False,False,0,26.784356850431323,-3.267634855651405,False,False,0.4377468509963853
C008311,33.33,Genie,Gaspesie-Iles-de-la-Madeleine,G5C,114724,16,223.8,1,Remote,0,False,True,1,35.63107884521124,5.579087139128514,False,False,0.5616440797225178
C012715,21.02,Sante,Bas-Saint-Laurent,G5L,35623,16,152.8,0,Remote,0,False,False,0,23.321078845211243,-6.730912860871484,False,False,0.5445055058677237
C010853,23.45,Arts et lettres,Bas-Saint-Laurent,G0L,46057,14,165.2,1,Remote,0,False,False,0,25.463443989559835,-4.588547716522893,False,False,0.45490261568863083
C006031,30.85,Sciences,Montreal,H3T,110367,11,27.6,0,Centre,0,False,False,1,32.431991706082734,2.380000000000006,False,False,0.44308869581326954
C009961,29.22,Genie,Capitale-Nationale,G2E,70466,8,12.3,0,Centre,0,False,False,1,30.37053942260562,0.31854771652289315,True,False,0.3980445965049178
C004133,24.78,Sciences,Gaspesie-Iles-de-la-Madeleine,G4X,57787,11,423.1,1,Remote,0,False,False,0,26.36199170608273,-3.6899999999999977,False,False,0.47537913186955866
C011114,24.33,Sante,Cote-Nord,G0G,122196,21,115.2,0,Remote,-1,True,True,0,27.350165984339753,-2.701825721742974,False,False,0.570740611281037
C007215,22.95,Sciences sociales,Montreal,H3T,68281,10,15.2,0,Centre,0,False,False,0,24.388174278257026,-5.663817427825702,False,False,0.4351666166271619
C004465,30.36,Genie,Capitale-Nationale,G2E,87334,7,8.3,0,Centre,0,False,False,1,31.36672199477992,1.3147302886971914,False,False,0.430322304828717
C010296,26.79,Sciences,Montreal,H3T,50183,11,3.6,1,Centre,0,False,False,0,28.371991706082728,-1.6799999999999997,False,False,0.457894981565349
C008570,26.97,Sante,Bas-Saint-Laurent,G5L,39840,12,425.3,0,Remote,0,False,False,0,28.69580913390843,-1.3561825721742977,False,False,0.4664344030273921
C010116,30.03,Sciences,Bas-Saint-Laurent,G5N,80922,14,87.3,1,Remote,0,False,False,1,32.04344398955984,1.9914522834771127,False,False,0.44732310733617464
C003093,27.51,Genie,Cote-Nord,G5B,59571,12,184.8,0,Remote,0,False,False,0,29.235809133908432,-0.816182572174295,False,False,0.4106174426113577
C002337,31.18,Sante,Montreal,H3T,76764,7,11.8,0,Centre,0,False,False,1,32.186721994779916,2.134730288697188,False,False,0.43183935949844915
C011621,24.7,Genie,Montreal,H3T,47557,9,43.4,0,Centre,0,False,False,0,25.994356850431323,-4.057634855651404,False,False,0.428295665095333
C005587,35.3,Sciences,Montreal,H3T,59177,12,18.1,0,Centre,0,False,False,1,37.02580913390843,6.973817427825704,False,False,0.5244757457242005
C001167,28.26,Genie,Montreal,H3T,74302,6,5.3,1,Centre,0,False,False,0,29.12290456695422,-0.9290871391285087,False,False,0.446776376470223
C001230,24.27,Genie,Bas-Saint-Laurent,G5N,15034,19,206.1,1,Remote,-1,True,True,0,27.00253112868835,-3.0494605773943775,False,False,0.6033521933466339
C002710,24.4,Sante,Gaspesie-Iles-de-la-Madeleine,G4X,50176,13,273.3,0,Remote,0,False,False,0,26.269626561734132,-3.7823651443485957,False,False,0.4451810073510737
C002053,31.66,Sante,Capitale-Nationale,G2E,79166,10,6.7,0,Centre,0,False,False,1,33.09817427825703,3.046182572174299,False,False,0.4515533412370939
C013670,22.03,Sante,Bas-Saint-Laurent,G5N,42875,15,116.1,0,Remote,0,False,False,0,24.187261417385542,-5.864730288697185,False,False,0.503972234994885
C011444,20.98,Sciences sociales,Montreal,H3T,179423,12,20.8,1,Centre,-1,True,True,0,22.70580913390843,-7.346182572174296,False,False,0.5855583290018809
C001936,32.23,Genie,Cote-Nord,G0G,68703,18,224.8,0,Remote,0,False,False,1,34.818713700862645,4.7667219947799175,False,False,0.5157097780178558
C008831,25.41,Sciences,Cote-Nord,G5B,30177,9,278.2,0,Remote,0,False,False,0,26.704356850431324,-3.3476348556514033,False,False,0.48446649351078813
C000847,26.15,Arts et lettres,Capitale-Nationale,G1V,58492,10,10.0,0,Centre,0,False,False,0,27.588174278257025,-2.4638174278257026,False,False,0.41422831536919397
C013477,28.66,Sciences sociales,Montreal,H8N,63348,11,23.6,0,Centre,0,False,False,1,30.24199170608273,0.19000000000000128,True,False,0.3890809384605159
C008690,29.86,Sante,Capitale-Nationale,G3A,93591,11,30.2,0,Centre,0,False,False,1,31.441991706082728,1.3900000000000006,False,False,0.4121712780254144
C003701,25.55,Genie,Montreal,H8N,53416,5,21.1,0,Centre,0,False,False,0,26.269087139128516,-3.782904566954212,False,False,0.446561806862478
C012673,20.36,Genie,Gaspesie-Iles-de-la-Madeleine,G5C,73311,9,27.9,1,Remote,0,False,False,0,21.654356850431324,-8.397634855651404,False,False,0.5154306585283047
C000236,26.96,Genie,Montreal,H1A,62265,8,5.3,0,Centre,0,False,False,0,28.110539422605623,-1.9414522834771049,False,False,0.42798051915438334
C007520,26.93,Sciences,Capitale-Nationale,G1V,87545,13,15.3,0,Centre,0,False,False,0,28.799626561734133,-1.2523651443485946,False,False,0.4256584035746114
C013939,26.72,Sciences,Capitale-Nationale,G1R,59674,12,4.0,0,Centre,0,False,False,0,28.44580913390843,-1.6061825721742977,False,False,0.455959753849241
C012683,24.02,Sciences sociales,Montreal,H1A,48718,15,31.0,0,Centre,0,False,False,0,26.177261417385537,-3.87473028869719,False,False,0.466860254336201
C004294,31.04,Sciences,Gaspesie-Iles-de-la-Madeleine,G4X,102921,16,143.9,1,Remote,0,False,False,1,33.34107884521124,3.2890871391285152,False,False,0.5007113304217611
C002322,25.92,Sante,Gaspesie-Iles-de-la-Madeleine,G0C,50200,12,373.0,1,Remote,0,False,False,0,27.645809133908433,-2.406182572174295,False,False,0.44791947318611436
C007776,30.69,Sante,Capitale-Nationale,G2E,41014,8,11.1,0,Centre,0,False,False,1,31.840539422605623,1.7885477165228956,False,False,0.443197596122247
C002656,27.01,Genie,Cote-Nord,G0G,108662,10,219.3,1,Remote,0,False,False,0,28.448174278257028,-1.6038174278256996,False,False,0.4559456766885304
C005904,27.53,Sante,Gaspesie-Iles-de-la-Madeleine,G0C,58154,9,138.1,1,Remote,0,False,False,0,28.824356850431325,-1.2276348556514023,False,False,0.41495430454164717
C011586,26.41,Arts et lettres,Cote-Nord,G4R,75570,9,185.4,1,Remote,0,False,False,0,27.704356850431324,-2.3476348556514033,False,False,0.42764120431155195
C009228,28.84,Sciences sociales,Montreal,H4L,85629,15,3.3,1,Centre,0,False,False,1,30.997261417385538,0.9452697113028101,False,False,0.5120252487515013
C001140,27.06,Sante,Capitale-Nationale,G1V,77142,7,24.6,1,Centre,0,False,False,0,28.06672199477992,-1.9852697113028093,False,False,0.39612565625996266
C010244,25.15,Sciences,Capitale-Nationale,G3A,106246,8,19.5,1,Centre,0,False,False,0,26.30053942260562,-3.751452283477107,False,False,0.42733267634590527
C000184,23.69,Genie,Montreal,H4L,52963,11,18.1,1,Centre,0,False,False,0,25.27199170608273,-4.779999999999998,False,False,0.4377390004678902
C000568,25.51,Genie,Capitale-Nationale,G2E,107291,12,21.9,0,Centre,0,False,False,0,27.235809133908432,-2.816182572174295,False,False,0.43141750720651195
C007633,33.57,Genie,Montreal,H8N,68337,7,16.4,0,Centre,0,False,False,1,34.576721994779916,4.524730288697189,False,False,0.4738261908066859
C012476,33.92,Genie,Bas-Saint-Laurent,G5L,35128,16,109.4,0,Remote,0,False,True,1,36.221078845211245,6.169087139128518,False,False,0.556375105719174
C013158,33.89,Sciences,Capitale-Nationale,G3A,46034,11,29.6,1,Centre,0,False,False,1,35.47199170608273,5.420000000000005,False,False,0.49482118741844483
C013016,26.61,Sciences sociales,Bas-Saint-Laurent,G0L,44703,16,373.3,0,Remote,0,False,False,0,28.911078845211243,-1.1409128608714845,False,False,0.4673905502799244
C009497,33.54,Sante,Capitale-Nationale,G1R,49653,10,18.0,0,Centre,0,False,False,1,34.97817427825703,4.9261825721743016,False,False,0.4766411425641598
C012613,27.98,Sciences,Montreal,H3T,55629,11,4.3,0,Centre,0,False,False,0,29.56199170608273,-0.48999999999999844,True,False,0.4433460305270185
C000388,29.71,Sciences,Capitale-Nationale,G2E,60561,9,55.4,0,Centre,0,False,False,1,31.004356850431325,0.9523651443485974,False,False,0.4094326547813053
C001162,21.85,Genie,Montreal,H2X,60640,5,33.5,0,Centre,0,False,False,0,22.569087139128513,-7.482904566954215,False,False,0.5043677810257008
C011810,27.14,Sciences sociales,Cote-Nord,G0G,64758,11,153.9,1,Remote,0,False,False,0,28.72199170608273,-1.3299999999999983,False,False,0.41038901378215864
C012658,23.91,Sciences,Montreal,H1A,62828,9,9.3,0,Centre,0,False,False,0,25.204356850431324,-4.847634855651403,False,False,0.434494587550243
C011492,28.07,Sciences sociales,Bas-Saint-Laurent,G5N,50973,11,290.9,0,Remote,0,False,False,0,29.65199170608273,-0.3999999999999986,True,False,0.42799531448035244
C007185,31.67,Sciences sociales,Gaspesie-Iles-de-la-Madeleine,G4X,94987,16,152.4,1,Remote,0,False,False,1,33.971078845211245,3.919087139128518,False,False,0.5037172837908676
C010623,29.42,Genie,Montreal,H4L,53643,10,24.5,0,Centre,0,False,False,1,30.858174278257028,0.8061825721743006,False,False,0.39393003825320455
C006278,24.53,Sciences,Montreal,H4L,50742,11,14.5,0,Centre,0,False,False,0,26.11199170608273,-3.9399999999999977,False,False,0.42877252848024056
C000503,25.05,Genie,Gaspesie-Iles-de-la-Madeleine,G0C,65240,23,340.1,0,Remote,0,False,True,0,28.35780083999116,-1.6941908660915672,False,False,0.5533844488933094
C003224,24.87,Arts et lettres,Montreal,H3T,65047,12,12.1,0,Centre,0,False,False,0,26.595809133908432,-3.4561825721742956,False,False,0.42121298964421033
C003249,24.38,Sciences,Gaspesie-Iles-de-la-Madeleine,G5C,65075,14,260.8,1,Remote,0,False,False,0,26.393443989559835,-3.658547716522893,False,False,0.4465379829942013
C009682,26.63,Genie,Cote-Nord,G5B,62766,15,181.0,0,Remote,0,False,False,0,28.787261417385537,-1.2647302886971907,False,False,0.4268417818529987
C012375,28.95,Sciences sociales,Montreal,H1A,77106,11,38.8,0,Centre,0,False,False,1,30.531991706082728,0.4800000000000004,True,False,0.4039043709073289
C004306,31.4,Sciences,Gaspesie-Iles-de-la-Madeleine,G5C,35560,9,66.1,0,Remote,0,False,False,1,32.69435685043132,2.6423651443485916,False,False,0.4673013581752228
C003236,25.81,Genie,Montreal,H1A,107504,9,26.8,0,Centre,0,False,False,0,27.104356850431323,-2.9476348556514047,False,False,0.4161588308013041
C007387,28.98,Genie,Montreal,H1A,151892,7,30.3,0,Centre,0,False,False,0,29.98672199477992,-0.06526971130280756,True,False,0.4660387331550791
C013861,29.25,Sciences sociales,Montreal,H1A,97379,9,12.2,0,Centre,0,False,False,1,30.544356850431324,0.4923651443485966,True,False,0.40605396373043706
C004620,29.06,Arts et lettres,Bas-Saint-Laurent,G5L,46335,9,191.2,1,Remote,0,False,False,1,30.354356850431323,0.3023651443485953,True,False,0.4271897199974755
C012265,27.91,Sciences sociales,Montreal,H3T,35610,6,19.2,0,Centre,0,False,False,0,28.772904566954217,-1.2790871391285101,False,False,0.44980137460467706
C011642,25.58,Arts et lettres,Bas-Saint-Laurent,G0L,76767,15,187.7,1,Remote,0,False,False,0,27.73726141738554,-2.314730288697188,False,False,0.4490852445129623
C006565,30.22,Arts et lettres,Gaspesie-Iles-de-la-Madeleine,G5C,56104,15,370.7,1,Remote,0,False,False,1,32.37726141738554,2.3252697113028127,False,False,0.46870255556697926
C007404,29.82,Sciences sociales,Montreal,H3T,58575,13,12.0,0,Centre,0,False,False,1,31.689626561734134,1.637634855651406,False,False,0.4272922239064596
C011657,33.23,Sciences sociales,Montreal,H2X,53085,8,6.2,1,Centre,0,False,False,1,34.380539422605615,4.328547716522888,False,False,0.4938274499648788
C013948,27.06,Sante,Capitale-Nationale,G2E,47536,11,7.1,1,Centre,0,False,False,0,28.641991706082727,-1.4100000000000001,False,False,0.43203808473363325
C003295,32.31,Sciences,Montreal,H4L,126408,9,49.0,0,Centre,0,False,False,1,33.60435685043132,3.5523651443485953,False,False,0.49767377092626075
C003227,29.17,Sante,Gaspesie-Iles-de-la-Madeleine,G0C,63621,19,362.5,0,Remote,0,False,False,1,31.902531128688352,1.8505394226056247,False,False,0.5125832107218158
C007403,31.68,Genie,Montreal,H3T,48683,9,7.4,0,Centre,0,False,False,1,32.97435685043132,2.9223651443485927,False,False,0.4535703466239323
C012155,23.1,Sciences sociales,Montreal,H1A,75144,9,50.2,0,Centre,0,False,False,0,24.394356850431326,-5.657634855651402,False,False,0.45193960394565497
C005331,26.44,Arts et lettres,Bas-Saint-Laurent,G5L,40135,11,235.1,1,Remote,0,False,False,0,28.02199170608273,-2.0299999999999976,False,False,0.42769108648152576
C003703,29.54,Sciences sociales,Montreal,H4L,67684,10,29.3,0,Centre,0,False,False,1,30.978174278257026,0.926182572174298,False,False,0.39149384087776207
C008153,25.79,Sante,Capitale-Nationale,G3A,92082,7,25.6,0,Centre,0,False,False,0,26.79672199477992,-3.255269711302809,False,False,0.4144865986533779
C007810,24.39,Sciences,Cote-Nord,G0G,46741,16,170.1,1,Remote,0,False,False,0,26.691078845211244,-3.3609128608714833,False,False,0.4597809903419917
C007763,28.58,Arts et lettres,Bas-Saint-Laurent,G5N,52736,13,379.5,1,Remote,0,False,False,1,30.44962656173413,0.397634855651404,True,False,0.4489396665770078
C000804,30.02,Sciences,Bas-Saint-Laurent,G5N,58569,17,84.3,1,Remote,0,False,False,1,32.46489627303694,2.4129045669542144,False,False,0.4737803311337998
C007223,26.81,Sante,Cote-Nord,G5B,39394,11,506.2,1,Remote,0,False,False,0,28.391991706082727,-1.6600000000000001,False,False,0.49288378384715825
C011277,25.14,Sante,Bas-Saint-Laurent,G5L,62371,8,374.9,0,Remote,0,False,False,0,26.290539422605622,-3.761452283477105,False,False,0.4782236715761922
C001322,30.08,Sciences sociales,Bas-Saint-Laurent,G0L,80519,16,393.8,1,Remote,0,False,False,1,32.38107884521124,2.3290871391285144,False,False,0.4961501033555566
C000290,24.82,Sante,Gaspesie-Iles-de-la-Madeleine,G0C,32716,11,51.6,0,Remote,0,False,False,0,26.40199170608273,-3.6499999999999986,False,False,0.46160965768050644
C006246,25.78,Sciences,Gaspesie-Iles-de-la-Madeleine,G5C,30470,13,236.4,0,Remote,0,False,False,0,27.649626561734134,-2.402365144348593,False,False,0.4545383930141969
C012147,29.89,Sciences,Montreal,H8N,64390,6,15.9,0,Centre,0,False,False,1,30.752904566954218,0.7009128608714903,False,False,0.418756144692228
C008754,25.75,Arts et lettres,Cote-Nord,G4R,36609,16,322.1,1,Remote,0,False,False,0,28.051078845211244,-2.000912860871484,False,False,0.4711308684646469
C004982,29.23,Genie,Montreal,H4L,43111,12,11.3,0,Centre,0,False,False,1,30.95580913390843,0.9038174278257038,False,False,0.42724512905821815
C003328,27.33,Genie,Capitale-Nationale,G2E,70295,12,35.5,0,Centre,0,False,False,0,29.05580913390843,-0.9961825721742983,False,False,0.4030222308556502
C000197,24.85,Genie,Capitale-Nationale,G1R,74167,9,10.7,0,Centre,0,False,False,0,26.144356850431326,-3.907634855651402,False,False,0.4153716818375175
C005825,26.29,Genie,Montreal,H1A,139141,7,9.0,1,Centre,0,False,False,0,27.29672199477992,-2.755269711302809,False,False,0.4676287777741214
C009389,30.49,Genie,Capitale-Nationale,G1V,90493,11,4.0,0,Centre,0,False,False,1,32.07199170608273,2.0199999999999996,False,False,0.4631644213676851
C001703,25.56,Genie,Cote-Nord,G4R,60154,13,200.5,1,Remote,0,False,False,0,27.429626561734132,-2.6223651443485956,False,False,0.4218016190063074
C008587,31.38,Sciences sociales,Bas-Saint-Laurent,G5N,38278,16,230.1,0,Remote,0,False,False,1,33.68107884521124,3.6290871391285116,False,False,0.48657512682945986
C013751,27.5,Sciences,Capitale-Nationale,G2E,41958,18,25.3,1,Centre,0,False,False,1,30.088713700862648,0.036721994779920664,True,False,0.49037932800450756
C009432,34.37,Sciences,Montreal,H1A,27955,7,5.6,0,Centre,-1,True,True,1,35.37672199477991,5.324730288697186,False,False,0.589600212192741
C002682,25.5,Genie,Montreal,H2X,84372,3,32.6,0,Centre,0,False,False,0,25.931452283477107,-4.120539422605621,False,False,0.49671457076399156
C005792,34.62,Genie,Capitale-Nationale,G1R,37823,7,29.0,0,Centre,0,False,False,1,35.62672199477991,5.574730288697186,False,False,0.5407291707210934
C004878,28.37,Genie,Montreal,H1A,25514,10,25.4,1,Centre,0,False,False,0,29.808174278257027,-0.24381742782570015,True,False,0.4744616037219585
C006015,26.76,Sciences sociales,Gaspesie-Iles-de-la-Madeleine,G0C,95888,10,365.9,0,Remote,0,False,False,0,28.198174278257028,-1.8538174278256996,False,False,0.4698342374992562
C009369,25.48,Sciences sociales,Montreal,H4L,41478,11,18.6,0,Centre,0,False,False,0,27.06199170608273,-2.9899999999999984,False,False,0.42789743888022763
C003270,26.09,Sante,Capitale-Nationale,G2E,107400,10,20.8,0,Centre,0,False,False,0,27.528174278257026,-2.5238174278257013,False,False,0.4153902366711895
C008170,28.35,Arts et lettres,Gaspesie-Iles-de-la-Madeleine,G5C,46750,9,171.3,1,Remote,0,False,False,0,29.644356850431326,-0.407634855651402,True,False,0.4209625098613354
C002098,30.91,Sciences sociales,Montreal,H2X,71502,10,8.2,1,Centre,0,False,False,1,32.34817427825703,2.296182572174299,False,False,0.43353719292515147
C005105,30.13,Sante,Montreal,H1A,105314,7,24.0,0,Centre,0,False,False,1,31.13672199477992,1.084730288697191,False,False,0.42780665145295765
C006709,27.89,Sciences,Gaspesie-Iles-de-la-Madeleine,G0C,131913,16,106.2,0,Remote,0,False,False,1,30.191078845211244,0.13908713912851667,True,False,0.5043471335930316
C003727,32.47,Sante,Bas-Saint-Laurent,G0L,65091,16,219.1,0,Remote,0,False,False,1,34.77107884521124,4.719087139128515,False,False,0.49770783007669805
C002937,26.76,Sciences sociales,Capitale-Nationale,G1V,61399,8,6.6,0,Centre,0,False,False,0,27.910539422605623,-2.141452283477104,False,False,0.4227738703205169
C011548,24.41,Sciences,Montreal,H4L,81548,9,6.1,0,Centre,0,False,False,0,25.704356850431324,-4.347634855651403,False,False,0.44243730221396704
C004533,21.11,Sciences,Montreal,H4L,131907,11,15.5,1,Centre,0,False,False,0,22.691991706082728,-7.359999999999999,False,False,0.5428187219959554
C001198,28.36,Genie,Capitale-Nationale,G1R,52972,10,4.2,0,Centre,0,False,False,0,29.798174278257026,-0.2538174278257017,True,False,0.44280569490530947
C000934,24.62,Genie,Cote-Nord,G4R,39899,11,131.8,0,Remote,0,False,False,0,26.20199170608273,-3.849999999999998,False,False,0.44248819732426703
C005047,25.67,Sciences,Montreal,H1A,133525,6,6.0,0,Centre,0,False,False,0,26.53290456695422,-3.5190871391285086,False,False,0.49795892841740397
C013862,28.62,Sciences,Capitale-Nationale,G3A,40280,11,37.8,1,Centre,0,False,False,1,30.20199170608273,0.15000000000000213,True,False,0.41925546899020055
C009400,30.03,Sante,Cote-Nord,G5B,69121,13,148.7,0,Remote,0,False,False,1,31.899626561734134,1.8476348556514068,False,False,0.4266604749972652
C003805,30.29,Sciences,Capitale-Nationale,G2E,170478,7,14.9,0,Centre,0,False,False,1,31.29672199477992,1.2447302886971912,False,False,0.5110623613059984
C001113,31.26,Sciences sociales,Capitale-Nationale,G1R,101001,10,4.1,0,Centre,0,False,False,1,32.69817427825703,2.6461825721743004,False,False,0.4794400664750218
C011242,28.6,Genie,Montreal,H1A,45977,12,17.9,0,Centre,0,False,False,1,30.325809133908432,0.27381742782570484,True,False,0.41009272184292583
C000861,29.49,Genie,Gaspesie-Iles-de-la-Madeleine,G4X,65585,8,156.4,1,Remote,0,False,False,1,30.64053942260562,0.5885477165228927,False,False,0.4286177884876524
C011401,33.69,Sciences,Capitale-Nationale,G1V,34773,7,4.5,1,Centre,0,False,True,1,34.696721994779914,4.644730288697186,False,False,0.5678403918288941
C008110,34.44,Genie,Montreal,H3T,55788,10,28.9,0,Centre,0,False,False,1,35.87817427825702,5.826182572174293,False,False,0.49574677784047666
C005799,25.78,Sciences sociales,Capitale-Nationale,G2E,34453,12,1.8,1,Centre,0,False,True,0,27.505809133908432,-2.5461825721742954,False,False,0.5513503707007342
C010658,32.57,Arts et lettres,Montreal,H1A,60510,10,8.3,1,Centre,0,False,False,1,34.00817427825703,3.9561825721743027,False,False,0.46198101599634056
C005250,26.28,Genie,Montreal,H4L,55834,7,7.6,0,Centre,0,False,False,0,27.28672199477992,-2.765269711302807,False,False,0.43187894665538457
C002530,28.88,Arts et lettres,Montreal,H4L,37925,10,16.5,0,Centre,0,False,False,1,30.318174278257025,0.26618257217429786,True,False,0.4252580858847856
C004559,19.66,Genie,Capitale-Nationale,G1V,40233,10,51.4,0,Centre,0,False,False,0,21.098174278257027,-8.953817427825701,False,False,0.541986690680834
C013519,19.81,Sante,Cote-Nord,G5B,47829,13,277.8,0,Remote,0,False,False,0,21.679626561734132,-8.372365144348596,False,False,0.5484598007999327
C007755,32.91,Sante,Gaspesie-Iles-de-la-Madeleine,G4X,40889,8,147.8,1,Remote,0,False,False,1,34.060539422605615,4.008547716522887,False,False,0.5019114121507328
C007357,27.68,Genie,Gaspesie-Iles-de-la-Madeleine,G0C,89210,14,338.8,1,Remote,0,False,False,0,29.693443989559835,-0.3585477165228923,True,False,0.457666531031113
C010199,26.98,Arts et lettres,Bas-Saint-Laurent,G5N,29096,16,345.5,1,Remote,0,False,False,0,29.281078845211244,-0.7709128608714835,False,False,0.49161001766984186
C010165,29.13,Genie,Montreal,H4L,21538,8,9.3,0,Centre,0,False,False,1,30.28053942260562,0.2285477165228933,True,False,0.5167487630285289
C003635,33.44,Sciences sociales,Gaspesie-Iles-de-la-Madeleine,G4X,87032,11,284.5,0,Remote,0,False,False,1,35.02199170608273,4.970000000000002,False,False,0.5165588491090859
C012343,22.32,Sante,Montreal,H3T,134932,9,26.2,1,Centre,0,False,False,0,23.614356850431324,-6.437634855651403,False,False,0.5053337832676593
C006280,24.55,Genie,Capitale-Nationale,G2E,94624,8,2.9,0,Centre,0,False,False,0,25.700539422605623,-4.351452283477105,False,False,0.48838917838077495
C002571,32.85,Genie,Montreal,H4L,47134,10,16.3,0,Centre,0,False,False,1,34.28817427825703,4.236182572174304,False,False,0.4584913745981191
C011563,26.36,Sante,Bas-Saint-Laurent,G5N,66586,22,148.4,1,Remote,0,False,False,0,29.523983412165457,-0.5280082939172708,False,False,0.5273967717977397
C009891,28.78,Sante,Montreal,H4L,79686,11,9.9,0,Centre,0,False,False,1,30.36199170608273,0.3100000000000023,True,False,0.4091363637915915
C009047,24.44,Sciences,Bas-Saint-Laurent,G5N,48980,14,389.8,1,Remote,0,False,False,0,26.453443989559837,-3.5985477165228907,False,False,0.4716320483159308
C010398,25.99,Genie,Capitale-Nationale,G2E,74862,12,7.5,0,Centre,0,False,False,0,27.71580913390843,-2.336182572174298,False,False,0.42981214118583916
C004077,24.51,Arts et lettres,Gaspesie-Iles-de-la-Madeleine,G0C,82336,13,256.6,0,Remote,0,False,False,0,26.379626561734135,-3.6723651443485927,False,False,0.45835854319136426
C005037,25.69,Arts et lettres,Gaspesie-Iles-de-la-Madeleine,G5C,40332,7,156.2,1,Remote,0,False,False,0,26.69672199477992,-3.3552697113028067,False,False,0.4572620822389734
C000773,21.71,Sciences,Gaspesie-Iles-de-la-Madeleine,G5C,84789,17,393.2,0,Remote,0,False,True,0,24.154896273036947,-5.897095433045781,False,False,0.560637347303805
C003845,31.03,Arts et lettres,Bas-Saint-Laurent,G0L,39136,14,140.3,1,Remote,0,False,False,1,33.04344398955984,2.9914522834771127,False,False,0.4578740502478161
C012165,26.89,Genie,Bas-Saint-Laurent,G5L,64469,14,193.0,0,Remote,0,False,False,0,28.903443989559836,-1.1485477165228914,False,False,0.4192372710250602
C009056,26.76,Sante,Bas-Saint-Laurent,G5N,53077,7,109.9,0,Remote,0,False,False,0,27.76672199477992,-2.2852697113028064,False,False,0.43340043990565463
C007630,25.65,Sciences,Montreal,H2X,56059,10,14.3,0,Centre,0,False,False,0,27.088174278257025,-2.9638174278257026,False,False,0.4075007174463944
C010192,26.5,Arts et lettres,Cote-Nord,G5B,27916,10,304.9,0,Remote,0,False,False,0,27.938174278257026,-2.113817427825701,False,False,0.47460175936474297
C005194,29.18,Sante,Montreal,H4L,32663,5,6.3,0,Centre,0,False,False,0,29.89908713912851,-0.1529045669542164,True,False,0.5159286476355003
C009200,29.05,Sciences,Capitale-Nationale,G3A,29706,13,13.2,0,Centre,0,False,False,1,30.919626561734134,0.8676348556514064,False,False,0.4792032605347903
C013174,28.7,Sciences,Capitale-Nationale,G1R,132661,9,47.6,0,Centre,0,False,False,0,29.994356850431323,-0.05763485565140414,True,False,0.4607242815272153
C011117,31.3,Sciences sociales,Bas-Saint-Laurent,G5L,34394,11,412.1,0,Remote,0,False,False,1,32.88199170608273,2.830000000000002,False,False,0.500103163552782
C012742,29.39,Arts et lettres,Gaspesie-Iles-de-la-Madeleine,G4X,35403,12,231.4,1,Remote,0,False,False,1,31.11580913390843,1.063817427825704,False,False,0.43568122038230694
C010698,26.2,Genie,Capitale-Nationale,G2E,180237,10,7.4,0,Centre,0,False,False,0,27.638174278257026,-2.413817427825702,False,False,0.5227188760381665
C001300,24.73,Sciences sociales,Montreal,H1A,105580,10,14.7,0,Centre,0,False,False,0,26.168174278257027,-3.8838174278257007,False,False,0.4334298002829678
C009549,26.38,Genie,Montreal,H4L,143274,6,22.0,0,Centre,0,False,False,0,27.242904566954216,-2.8090871391285113,False,False,0.47011770391690766
C010628,26.85,Sante,Gaspesie-Iles-de-la-Madeleine,G4X,25601,12,330.7,0,Remote,0,False,False,0,28.575809133908432,-1.4761825721742952,False,False,0.48872332906151006
C002027,30.17,Genie,Capitale-Nationale,G3A,93420,8,17.6,0,Centre,0,False,False,1,31.320539422605624,1.268547716522896,False,False,0.40972087939547436
C002204,31.95,Sciences sociales,Montreal,H1A,22429,7,6.9,0,Centre,0,False,True,1,32.95672199477992,2.9047302886971913,False,False,0.5647330640022764
C011522,28.13,Sciences,Capitale-Nationale,G1R,65256,9,13.5,0,Centre,0,False,False,0,29.424356850431323,-0.6276348556514044,False,False,0.3920734048819747
C000637,29.77,Sciences sociales,Montreal,H2X,42279,8,11.8,0,Centre,0,False,False,1,30.92053942260562,0.8685477165228939,False,False,0.42687422446426154
C012624,29.42,Sante,Montreal,H3T,77139,8,13.0,0,Centre,0,False,False,1,30.570539422605624,0.518547716522896,False,False,0.39839619031590606
C007480,27.26,Sante,Montreal,H3T,44373,7,8.0,0,Centre,0,False,False,0,28.26672199477992,-1.7852697113028064,False,False,0.4445094617341441
C002159,24.58,Sciences sociales,Gaspesie-Iles-de-la-Madeleine,G5C,51405,12,57.1,0,Remote,0,False,False,0,26.30580913390843,-3.7461825721742983,False,False,0.4316396555082903
C012830,24.14,Sciences sociales,Montreal,H1A,95064,5,32.0,0,Centre,0,False,False,0,24.859087139128512,-5.1929045669542155,False,False,0.4771768248612937
C003509,32.83,Sciences sociales,Capitale-Nationale,G1R,49845,8,17.3,0,Centre,0,False,False,1,33.98053942260562,3.928547716522889,False,False,0.45883675419657954
C009458,29.17,Sciences sociales,Capitale-Nationale,G3A,93816,7,19.0,0,Centre,0,False,False,1,30.17672199477992,0.12473028869719371,True,False,0.40534910262500456
C007957,29.19,Sciences,Gaspesie-Iles-de-la-Madeleine,G5C,31416,15,137.5,0,Remote,0,False,False,1,31.34726141738554,1.2952697113028115,False,False,0.4604484981763293
C012426,21.02,Genie,Cote-Nord,G5B,50631,13,333.1,0,Remote,0,False,False,0,22.889626561734133,-7.162365144348595,False,False,0.521110764853405
C003247,30.11,Sciences sociales,Montreal,H2X,101027,18,6.8,1,Centre,0,False,False,1,32.69871370086265,2.64672199477992,False,False,0.536885644619611
C009305,32.18,Sciences sociales,Montreal,H3T,57614,10,32.9,0,Centre,0,False,False,1,33.61817427825703,3.566182572174302,False,False,0.434036946462161
C000646,30.91,Sante,Montreal,H2X,70391,8,30.3,0,Centre,0,False,False,1,32.06053942260562,2.0085477165228944,False,False,0.41091472435568005
C004433,29.16,Sciences,Bas-Saint-Laurent,G0L,21298,21,89.8,0,Remote,-1,True,True,1,32.18016598433976,2.128174278257031,False,False,0.5897062176892436
C002544,22.83,Sciences,Montreal,H3T,71096,6,73.5,0,Centre,0,False,False,0,23.692904566954216,-6.359087139128512,False,False,0.48460392726510026
C011293,33.3,Sciences sociales,Montreal,H8N,44170,10,5.1,0,Centre,0,False,False,1,34.73817427825702,4.6861825721742925,False,False,0.5209025470710797
C008859,25.57,Sciences,Montreal,H8N,68314,10,9.8,0,Centre,0,False,False,0,27.008174278257027,-3.043817427825701,False,False,0.41274493789367483
C000240,28.8,Genie,Montreal,H4L,86067,11,9.9,0,Centre,0,False,False,1,30.38199170608273,0.33000000000000185,True,False,0.41102215427123623
C003482,25.98,Arts et lettres,Montreal,H2X,112842,15,31.1,0,Centre,0,False,False,0,28.137261417385538,-1.9147302886971893,False,False,0.4754866635626914
C000986,31.65,Genie,Capitale-Nationale,G3A,123129,6,28.2,0,Centre,0,False,False,1,32.51290456695421,2.4609128608714848,False,False,0.48401226267777625
C010476,27.68,Arts et lettres,Gaspesie-Iles-de-la-Madeleine,G5C,32530,9,368.0,0,Remote,0,False,False,0,28.974356850431324,-1.0776348556514037,False,False,0.4819831597271975
C006687,29.79,Arts et lettres,Bas-Saint-Laurent,G5L,40927,15,285.9,0,Remote,0,False,False,1,31.94726141738554,1.895269711302813,False,False,0.4571653097125011
C011919,28.4,Genie,Montreal,H3T,65660,9,14.5,0,Centre,0,False,False,0,29.694356850431323,-0.35763485565140485,True,False,0.38970338837395074
C002118,25.53,Sciences,Montreal,H1A,51304,15,15.1,1,Centre,0,False,False,0,27.687261417385542,-2.364730288697185,False,False,0.4573571332598716
C005221,28.14,Arts et lettres,Montreal,H4L,72890,3,29.9,0,Centre,0,False,False,0,28.571452283477107,-1.48053942260562,False,False,0.4791807272007317
C000753,24.76,Sciences,Montreal,H8N,71572,11,30.7,0,Centre,0,False,False,0,26.34199170608273,-3.7099999999999973,False,False,0.41602158635726605
C006869,30.89,Sciences sociales,Capitale-Nationale,G1V,99303,10,26.8,0,Centre,0,False,False,1,32.32817427825702,2.276182572174296,False,False,0.4251042908343476
C010648,30.19,Arts et lettres,Cote-Nord,G5B,66370,18,202.2,1,Remote,0,False,False,1,32.778713700862646,2.7267219947799184,False,False,0.4794419721214587
C003207,22.37,Arts et lettres,Montreal,H2X,77238,13,26.9,1,Centre,0,False,False,0,24.239626561734134,-5.812365144348593,False,False,0.47973794664445024
C003918,23.89,Arts et lettres,Gaspesie-Iles-de-la-Madeleine,G5C,68140,14,147.4,1,Remote,0,False,False,0,25.903443989559836,-4.1485477165228914,False,False,0.44730915812816585
C010349,25.97,Sciences,Montreal,H2X,71661,8,3.0,1,Centre,0,False,False,0,27.12053942260562,-2.931452283477107,False,False,0.4627402762033853
C001899,29.13,Sciences sociales,Montreal,H8N,52016,7,14.6,0,Centre,0,False,False,1,30.13672199477992,0.08473028869719101,True,False,0.40994790709170115
C008596,23.45,Sciences,Montreal,H3T,104568,9,12.1,1,Centre,0,False,False,0,24.744356850431323,-5.307634855651404,False,False,0.45313760016873694
C011243,22.5,Sciences sociales,Montreal,H2X,50371,14,43.9,1,Centre,0,False,False,0,24.513443989559836,-5.538547716522892,False,False,0.4840667694351882
C009253,26.69,Sciences sociales,Montreal,H8N,60545,5,32.5,0,Centre,0,False,False,0,27.409087139128516,-2.6429045669542113,False,False,0.43869310332919376
C000852,29.76,Sante,Capitale-Nationale,G1V,151281,6,19.0,0,Centre,0,False,False,1,30.62290456695422,0.5709128608714913,False,False,0.4767987266821209
C011164,26.44,Sciences,Montreal,H1A,57190,11,27.4,0,Centre,0,False,False,0,28.02199170608273,-2.0299999999999976,False,False,0.4033670046762514
C006142,29.3,Sciences,Bas-Saint-Laurent,G5N,177109,17,221.9,0,Remote,-1,True,True,1,31.744896273036947,1.692904566954219,False,False,0.5694124525942666
C004041,29.65,Sciences sociales,Montreal,H1A,72863,14,41.1,0,Centre,0,False,False,1,31.663443989559834,1.6114522834771066,False,False,0.4324466683881023
C005659,32.38,Genie,Bas-Saint-Laurent,G5L,168858,11,400.4,1,Remote,-1,True,True,1,33.961991706082735,3.9100000000000072,False,False,0.5899213529458359
C001393,29.86,Sciences sociales,Cote-Nord,G4R,74851,22,115.7,1,Remote,0,False,False,1,33.02398341216546,2.9719917060827292,False,False,0.5444993933069073
C007298,30.28,Sciences sociales,Gaspesie-Iles-de-la-Madeleine,G4X,72193,12,119.6,0,Remote,0,False,False,1,32.005809133908436,1.953817427825708,False,False,0.4251455778461248
C003662,31.47,Sciences,Bas-Saint-Laurent,G0L,63458,14,296.4,0,Remote,0,False,False,1,33.48344398955984,3.4314522834771104,False,False,0.4637211748749168
C008339,31.62,Genie,Montreal,H8N,68154,9,69.7,0,Centre,0,False,False,1,32.914356850431325,2.8623651443485976,False,False,0.43851234709453657
C006297,31.21,Sante,Bas-Saint-Laurent,G5L,39593,10,253.8,0,Remote,0,False,False,1,32.64817427825703,2.5961825721743033,False,False,0.46601252250922165
C002222,28.2,Sciences sociales,Capitale-Nationale,G1R,40744,10,11.7,0,Centre,0,False,False,0,29.638174278257026,-0.41381742782570186,True,False,0.4246668795772956
C007501,27.78,Genie,Montreal,H8N,49831,10,20.4,0,Centre,0,False,False,0,29.218174278257028,-0.8338174278257,False,False,0.395598587900529
C006915,27.03,Sciences,Capitale-Nationale,G1V,45931,4,10.6,0,Centre,0,False,False,0,27.60526971130281,-2.4467219947799173,False,False,0.48169633836249165
C013721,27.55,Sante,Montreal,H4L,70382,12,16.6,0,Centre,0,False,False,0,29.27580913390843,-0.7761825721742959,False,False,0.40206263473542414
C000279,26.0,Sciences,Montreal,H4L,61248,16,14.7,0,Centre,0,False,False,0,28.301078845211244,-1.750912860871484,False,False,0.45957871706700787
C007117,30.15,Genie,Gaspesie-Iles-de-la-Madeleine,G4X,39138,15,448.1,0,Remote,0,False,False,1,32.30726141738554,2.2552697113028124,False,False,0.4982924754363032
C008420,28.9,Genie,Gaspesie-Iles-de-la-Madeleine,G4X,81270,12,331.5,0,Remote,0,False,False,1,30.62580913390843,0.573817427825702,False,False,0.4520484687876645
C005066,27.44,Genie,Montreal,H8N,97862,8,9.2,0,Centre,0,False,False,0,28.590539422605623,-1.4614522834771044,False,False,0.41555533731275845
C009079,24.73,Sciences sociales,Bas-Saint-Laurent,G5N,102370,12,304.7,0,Remote,0,False,False,0,26.45580913390843,-3.596182572174296,False,False,0.476626135997086
C003643,29.26,Sciences,Capitale-Nationale,G2E,46892,7,22.2,0,Centre,0,False,False,1,30.26672199477992,0.21473028869719357,True,False,0.40940583475145453
C010184,28.05,Genie,Montreal,H1A,73178,15,22.1,0,Centre,0,False,False,1,30.20726141738554,0.15526971130281098,True,False,0.4362576409090132
C005511,27.47,Sciences sociales,Gaspesie-Iles-de-la-Madeleine,G0C,71117,12,295.3,0,Remote,0,False,False,0,29.19580913390843,-0.8561825721742977,False,False,0.42753263242190714
C002500,24.25,Sciences,Capitale-Nationale,G3A,48025,7,29.4,0,Centre,0,False,False,0,25.25672199477992,-4.795269711302808,False,False,0.440401018512031
C013696,28.78,Genie,Capitale-Nationale,G1R,99937,8,22.7,1,Centre,0,False,False,0,29.930539422605623,-0.12145228347710457,True,False,0.39934015794181565
C001589,27.33,Arts et lettres,Bas-Saint-Laurent,G5L,43104,17,121.0,1,Remote,0,False,False,0,29.774896273036944,-0.2770954330457833,True,False,0.4525648154148313
C012335,26.96,Genie,Montreal,H3T,82587,11,4.2,0,Centre,0,False,False,0,28.54199170608273,-1.509999999999998,False,False,0.4452928695315683
C011402,28.56,Genie,Capitale-Nationale,G2E,75519,5,34.9,1,Centre,0,False,False,0,29.279087139128514,-0.7729045669542138,False,False,0.4351577742386246
C008639,27.95,Arts et lettres,Montreal,H2X,76409,12,9.2,0,Centre,0,False,False,0,29.67580913390843,-0.3761825721742973,True,False,0.4156630887559412
C013233,24.72,Sciences,Gaspesie-Iles-de-la-Madeleine,G4X,20444,9,316.3,1,Remote,0,False,True,0,26.014356850431323,-4.037634855651405,False,False,0.550316444522702
C004096,29.83,Sciences,Gaspesie-Iles-de-la-Madeleine,G4X,69767,14,316.2,1,Remote,0,False,False,1,31.843443989559834,1.7914522834771063,False,False,0.44952798583022335
C007310,24.05,Genie,Cote-Nord,G5B,68338,21,139.6,0,Remote,0,False,False,0,27.070165984339756,-2.981825721742972,False,False,0.5315738083914332
C006221,32.87,Genie,Gaspesie-Iles-de-la-Madeleine,G4X,42938,11,148.4,1,Remote,0,False,False,1,34.45199170608273,4.400000000000002,False,False,0.48064538166287746
C002158,27.18,Sciences,Montreal,H8N,89244,12,4.9,0,Centre,0,False,False,0,28.90580913390843,-1.1461825721742969,False,False,0.44996324783476743
C008960,23.61,Sante,Montreal,H4L,103385,6,13.4,1,Centre,0,False,False,0,24.472904566954217,-5.579087139128511,False,False,0.4664997138189224
C007003,24.7,Sciences sociales,Capitale-Nationale,G1R,78699,12,2.6,1,Centre,0,False,False,0,26.42580913390843,-3.6261825721742973,False,False,0.4933955742547067
C010549,32.17,Sciences sociales,Montreal,H4L,101436,13,52.1,0,Centre,0,False,False,1,34.03962656173414,3.987634855651411,False,False,0.48748421487315224
C004100,29.87,Genie,Montreal,H3T,55684,7,24.4,1,Centre,0,False,False,1,30.87672199477992,0.824730288697193,False,False,0.406593123069669
C007296,25.74,Genie,Capitale-Nationale,G2E,58589,13,18.7,0,Centre,0,False,False,0,27.60962656173413,-2.442365144348596,False,False,0.4214461374993301
C012817,25.04,Arts et lettres,Cote-Nord,G5B,69279,19,303.8,1,Remote,0,False,False,0,27.77253112868835,-2.279460577394378,False,False,0.5056230405326071
C011307,20.13,Sciences,Capitale-Nationale,G3A,48940,12,28.0,0,Centre,-1,True,False,0,21.85580913390843,-8.196182572174298,False,False,0.5329883244425196
C008442,22.85,Genie,Montreal,H8N,107264,8,6.8,0,Centre,0,False,False,0,24.000539422605623,-6.051452283477104,False,False,0.4928420300308186
C002884,29.52,Sciences sociales,Montreal,H1A,52950,10,9.0,0,Centre,0,False,False,1,30.958174278257026,0.9061825721742984,False,False,0.4157740570572586
C001209,26.44,Arts et lettres,Gaspesie-Iles-de-la-Madeleine,G0C,60996,20,717.4,0,Remote,0,False,True,0,29.316348556514054,-0.7356431495686735,False,False,0.5606963206339843
C010017,25.68,Genie,Montreal,H2X,63409,10,8.5,0,Centre,0,False,False,0,27.118174278257026,-2.9338174278257014,False,False,0.4177439706972572
C012652,25.9,Sciences,Montreal,H4L,66110,12,18.3,0,Centre,0,False,False,0,27.62580913390843,-2.426182572174298,False,False,0.4056556694436468
C013979,27.65,Sante,Bas-Saint-Laurent,G5N,113872,9,200.5,1,Remote,0,False,False,0,28.944356850431323,-1.1076348556514048,False,False,0.4588357831679923
C005405,31.85,Sciences,Cote-Nord,G0G,166207,9,204.3,1,Remote,-1,True,True,1,33.14435685043132,3.0923651443485944,False,False,0.5592432179333353
C004045,22.97,Sciences sociales,Bas-Saint-Laurent,G5N,40456,12,355.9,0,Remote,0,False,False,0,24.69580913390843,-5.356182572174298,False,False,0.4985820465517077
C000844,30.44,Sciences,Montreal,H3T,30411,7,14.8,0,Centre,0,False,False,1,31.44672199477992,1.3947302886971933,False,False,0.48050137620917327
C008724,24.68,Sante,Bas-Saint-Laurent,G5N,23673,12,195.6,0,Remote,0,False,False,0,26.40580913390843,-3.646182572174297,False,False,0.495020087073854
C007865,31.86,Sante,Bas-Saint-Laurent,G0L,27983,18,130.2,1,Remote,0,False,True,1,34.44871370086265,4.39672199477992,False,False,0.5525864858466437
C005558,31.91,Arts et lettres,Gaspesie-Iles-de-la-Madeleine,G5C,65090,12,393.2,0,Remote,0,False,False,1,33.63580913390843,3.5838174278257036,False,False,0.48971663322027076
C006927,29.41,Sciences,Montreal,H1A,56714,12,8.8,1,Centre,0,False,False,1,31.13580913390843,1.0838174278257036,False,False,0.42249973626108905
C012640,26.52,Arts et lettres,Cote-Nord,G0G,30257,18,117.6,1,Remote,0,False,False,0,29.108713700862648,-0.9432780052200798,False,False,0.4985012449798835
C000428,33.87,Sciences,Capitale-Nationale,G2E,85462,9,7.4,0,Centre,0,False,False,1,35.16435685043132,5.1123651443485905,False,False,0.4955579834648263
C008769,27.22,Genie,Montreal,H8N,43388,11,10.7,0,Centre,0,False,False,0,28.801991706082728,-1.25,False,False,0.42787184368596154
C002822,34.5,Arts et lettres,Capitale-Nationale,G2E,145527,7,50.2,1,Centre,0,False,True,1,35.506721994779916,5.4547302886971885,False,False,0.5643420088422655
C001760,28.42,Genie,Gaspesie-Iles-de-la-Madeleine,G4X,56067,14,375.2,0,Remote,0,False,False,1,30.433443989559837,0.3814522834771097,True,False,0.44724760912232714
C012136,33.01,Arts et lettres,Capitale-Nationale,G3A,26838,11,13.6,1,Centre,0,False,False,1,34.59199170608273,4.540000000000003,False,False,0.5376873389331067
C009714,29.92,Sante,Montreal,H2X,46916,8,6.3,0,Centre,0,False,False,1,31.070539422605624,1.018547716522896,False,False,0.44193191374879887
C011759,25.4,Sciences,Capitale-Nationale,G1R,79010,7,20.7,0,Centre,0,False,False,0,26.406721994779918,-3.6452697113028094,False,False,0.40776123869512665
C012002,26.16,Sciences,Cote-Nord,G4R,63891,13,79.1,0,Remote,0,False,False,0,28.029626561734133,-2.022365144348594,False,False,0.4216199760873599
C011297,23.91,Genie,Montreal,H1A,36314,5,17.2,0,Centre,0,False,False,0,24.629087139128515,-5.422904566954212,False,False,0.4997534773018208
C004640,30.49,Sciences sociales,Gaspesie-Iles-de-la-Madeleine,G4X,47718,9,164.0,0,Remote,0,False,False,1,31.784356850431323,1.732365144348595,False,False,0.43471893461929306
C003360,29.21,Sante,Montreal,H2X,42725,9,15.3,0,Centre,0,False,False,1,30.504356850431325,0.4523651443485974,True,False,0.4107501149352593
C010275,21.72,Genie,Gaspesie-Iles-de-la-Madeleine,G4X,51777,14,310.5,0,Remote,0,False,False,0,23.733443989559834,-6.318547716522893,False,False,0.5076380467479484
C002416,25.95,Sante,Bas-Saint-Laurent,G5N,41417,16,156.2,1,Remote,0,False,False,0,28.251078845211243,-1.8009128608714846,False,False,0.44939505887046727
C002711,29.59,Genie,Gaspesie-Iles-de-la-Madeleine,G5C,64519,15,129.1,1,Remote,0,False,False,1,31.747261417385538,1.6952697113028101,False,False,0.43724970772315935
C010051,26.74,Sciences,Montreal,H2X,96694,4,27.0,0,Centre,0,False,False,0,27.315269711302808,-2.73672199477992,False,False,0.46892590846391075
C004027,29.74,Genie,Montreal,H2X,38361,5,16.2,0,Centre,0,False,False,1,30.459087139128513,0.4070954330457859,True,False,0.4726062542704225
C005723,29.32,Sante,Montreal,H1A,164428,12,51.6,0,Centre,0,False,False,1,31.04580913390843,0.9938174278257037,False,False,0.5157194979429658
C001533,24.27,Sciences,Montreal,H2X,96978,4,3.7,1,Centre,0,False,False,0,24.84526971130281,-5.206721994779919,False,False,0.5386193916927945
C010473,29.21,Sciences,Bas-Saint-Laurent,G5L,50634,18,208.6,0,Remote,0,False,False,1,31.79871370086265,1.7467219947799215,False,False,0.467398676200576
C012668,28.21,Arts et lettres,Bas-Saint-Laurent,G5N,36678,12,246.9,1,Remote,0,False,False,0,29.935809133908432,-0.11618257217429573,True,False,0.4285406265831199
C007005,28.37,Sciences sociales,Gaspesie-Iles-de-la-Madeleine,G0C,93259,14,291.9,0,Remote,0,False,False,1,30.383443989559836,0.331452283477109,True,False,0.45578236796756244
C003229,31.89,Sante,Montreal,H3T,32255,11,18.1,0,Centre,0,False,False,1,33.47199170608273,3.4200000000000053,False,False,0.4808357368518209
C009375,30.82,Arts et lettres,Gaspesie-Iles-de-la-Madeleine,G4X,101020,13,307.0,0,Remote,0,False,False,1,32.68962656173414,2.6376348556514095,False,False,0.4842044431937222
C005730,24.32,Sciences,Capitale-Nationale,G1V,49292,6,15.0,0,Centre,0,False,False,0,25.182904566954218,-4.86908713912851,False,False,0.4523463118953711
C009457,26.28,Sciences,Bas-Saint-Laurent,G5N,32005,12,140.7,1,Remote,0,False,False,0,28.005809133908432,-2.0461825721742954,False,False,0.43989421338327633
C010666,31.26,Genie,Montreal,H3T,139911,11,14.0,1,Centre,0,False,False,1,32.84199170608273,2.7900000000000027,False,False,0.47892599152170534
C007582,27.64,Genie,Montreal,H8N,61613,5,10.6,0,Centre,0,False,False,0,28.359087139128512,-1.6929045669542155,False,False,0.4368068942781826
C009349,28.67,Arts et lettres,Gaspesie-Iles-de-la-Madeleine,G4X,41680,12,257.2,1,Remote,0,False,False,1,30.395809133908433,0.3438174278257051,True,False,0.43176092930607074
C000044,23.1,Sciences,Gaspesie-Iles-de-la-Madeleine,G0C,55697,13,251.7,1,Remote,0,False,False,0,24.969626561734135,-5.082365144348593,False,False,0.46158085553645956
C004535,31.08,Sciences,Bas-Saint-Laurent,G5L,40543,11,183.9,1,Remote,0,False,False,1,32.66199170608273,2.610000000000003,False,False,0.44638188144255564
C013930,30.49,Genie,Montreal,H8N,144942,13,6.8,0,Centre,0,False,False,1,32.35962656173413,2.307634855651404,False,False,0.5156954249759915
C013197,29.02,Arts et lettres,Gaspesie-Iles-de-la-Madeleine,G4X,59909,17,307.9,0,Remote,0,False,False,1,31.464896273036945,1.412904566954218,False,False,0.46393008382149425
C005096,28.39,Sciences,Montreal,H4L,30557,7,5.9,1,Centre,0,False,False,0,29.39672199477992,-0.6552697113028074,False,False,0.4974501060536442
C011072,25.31,Genie,Gaspesie-Iles-de-la-Madeleine,G5C,50780,11,199.9,0,Remote,0,False,False,0,26.891991706082727,-3.16,False,False,0.42489143396507556
C006796,27.87,Sciences sociales,Montreal,H8N,40980,6,19.4,0,Centre,0,False,False,0,28.73290456695422,-1.3190871391285093,False,False,0.43599691124574236
C009620,30.39,Sciences,Capitale-Nationale,G1R,48148,7,4.9,0,Centre,0,False,False,1,31.39672199477992,1.3447302886971926,False,False,0.46721471271728005
C013103,28.71,Genie,Gaspesie-Iles-de-la-Madeleine,G0C,94385,13,283.1,0,Remote,0,False,False,1,30.579626561734134,0.5276348556514066,False,False,0.45545075915273364
C009913,28.48,Arts et lettres,Montreal,H4L,78663,11,4.7,0,Centre,0,False,False,1,30.06199170608273,0.010000000000001563,True,False,0.43827719767209633
C005966,25.57,Sciences,Gaspesie-Iles-de-la-Madeleine,G0C,34674,13,136.8,0,Remote,0,False,False,0,27.439626561734134,-2.612365144348594,False,False,0.4439971274686222
C010388,27.89,Sante,Montreal,H2X,61306,14,16.9,0,Centre,0,False,False,0,29.903443989559836,-0.14854771652289145,True,False,0.42160721362262105
C004798,28.3,Arts et lettres,Capitale-Nationale,G3A,71148,13,56.0,0,Centre,0,False,False,1,30.169626561734134,0.11763485565140641,True,False,0.4188680876196385
C000958,25.05,Arts et lettres,Montreal,H3T,42916,7,14.1,1,Centre,0,False,False,0,26.05672199477992,-3.9952697113028073,False,False,0.44670403125871877
C008974,29.95,Arts et lettres,Montreal,H1A,57388,10,16.3,1,Centre,0,False,False,1,31.388174278257026,1.3361825721742981,False,False,0.40195729434704824
C007343,32.1,Genie,Gaspesie-Iles-de-la-Madeleine,G0C,65662,16,407.4,1,Remote,0,False,False,1,34.401078845211245,4.3490871391285175,False,False,0.5204910870994838
C004189,31.87,Sciences,Bas-Saint-Laurent,G0L,34901,16,223.5,0,Remote,0,False,False,1,34.17107884521124,4.1190871391285135,False,False,0.5015442156216573
C008674,28.44,Sciences,Montreal,H2X,65381,8,43.2,1,Centre,0,False,False,0,29.590539422605623,-0.46145228347710443,True,False,0.404916606828605
C002594,31.38,Sante,Gaspesie-Iles-de-la-Madeleine,G4X,39826,12,286.5,1,Remote,0,False,False,1,33.10580913390843,3.0538174278257024,False,False,0.470350814329959
C002576,26.82,Sciences,Cote-Nord,G0G,45651,11,183.0,0,Remote,0,False,False,0,28.40199170608273,-1.6499999999999986,False,False,0.4156128563749392
C002615,26.42,Sciences sociales,Capitale-Nationale,G3A,84365,12,17.5,0,Centre,0,False,False,0,28.145809133908433,-1.9061825721742949,False,False,0.41050167668889925
C002830,29.73,Sante,Montreal,H3T,163570,14,3.7,1,Centre,0,False,True,1,31.743443989559836,1.6914522834771084,False,False,0.5602222881169795
C005488,36.06,Sciences sociales,Gaspesie-Iles-de-la-Madeleine,G4X,58724,19,251.2,0,Remote,-1,True,True,1,38.79253112868835,8.740539422605625,False,False,0.5963481185481978
C009754,23.62,Genie,Gaspesie-Iles-de-la-Madeleine,G5C,49508,13,235.4,1,Remote,0,False,False,0,25.489626561734134,-4.562365144348593,False,False,0.44937413378355384
C004944,24.04,Genie,Gaspesie-Iles-de-la-Madeleine,G5C,47905,16,132.9,0,Remote,0,False,False,0,26.341078845211243,-3.7109128608714848,False,False,0.46453699069215626
C003186,31.33,Arts et lettres,Bas-Saint-Laurent,G5N,68414,16,516.4,1,Remote,0,False,False,1,33.63107884521124,3.5790871391285144,False,False,0.5279767509236262
C005458,30.69,Sciences,Montreal,H2X,108169,13,51.6,0,Centre,0,False,False,1,32.559626561734134,2.507634855651407,False,False,0.4693036994789116
C011424,22.48,Sciences,Montreal,H1A,61706,6,6.9,0,Centre,0,False,False,0,23.342904566954218,-6.70908713912851,False,False,0.48744750043657314
C001754,33.14,Arts et lettres,Cote-Nord,G4R,59036,11,175.2,0,Remote,0,False,False,1,34.72199170608273,4.670000000000005,False,False,0.47455984918923294
C012186,26.13,Sciences sociales,Capitale-Nationale,G3A,203256,11,6.3,0,Centre,0,False,True,0,27.711991706082728,-2.34,False,False,0.5490034318997209
C001953,28.06,Sciences sociales,Bas-Saint-Laurent,G5N,31217,8,171.0,1,Remote,0,False,False,0,29.21053942260562,-0.841452283477107,False,False,0.4611679002122774
C007399,25.09,Sante,Cote-Nord,G5B,20931,15,66.7,0,Remote,0,False,False,0,27.247261417385538,-2.80473028869719,False,False,0.5461146962775976
C010315,25.77,Genie,Montreal,H4L,41608,7,14.8,0,Centre,0,False,False,0,26.77672199477992,-3.2752697113028084,False,False,0.4389917929884333
C008487,27.13,Sante,Cote-Nord,G4R,60533,14,241.9,0,Remote,0,False,False,0,29.143443989559835,-0.908547716522893,False,False,0.41672957254403736
C004348,28.16,Genie,Montreal,H4L,76678,9,13.8,0,Centre,0,False,False,0,29.454356850431324,-0.5976348556514033,False,False,0.3927613523451703
C013615,29.19,Sciences sociales,Gaspesie-Iles-de-la-Madeleine,G5C,55636,9,340.8,1,Remote,0,False,False,1,30.484356850431325,0.43236514434859785,True,False,0.4557374869091458
C004129,32.37,Arts et lettres,Cote-Nord,G5B,183661,17,121.2,0,Remote,-1,True,True,1,34.81489627303694,4.762904566954216,False,False,0.599606688880385
C012551,28.75,Sciences,Montreal,H4L,69175,13,27.6,0,Centre,0,False,False,1,30.619626561734133,0.5676348556514057,False,False,0.4104590052489794
C001714,24.81,Arts et lettres,Montreal,H8N,33893,6,13.2,1,Centre,0,False,False,0,25.672904566954216,-4.3790871391285116,False,False,0.488017407235796
C010128,30.05,Arts et lettres,Capitale-Nationale,G3A,91091,8,13.4,0,Centre,0,False,False,1,31.200539422605623,1.148547716522895,False,False,0.4104279431715299
C002452,31.35,Arts et lettres,Gaspesie-Iles-de-la-Madeleine,G4X,29382,9,275.7,0,Remote,0,False,False,1,32.64435685043132,2.5923651443485944,False,False,0.5074824251843997
C008105,25.38,Genie,Gaspesie-Iles-de-la-Madeleine,G5C,84217,18,111.0,0,Remote,0,False,False,0,27.968713700862647,-2.0832780052200803,False,False,0.4866921961437459
C010794,25.43,Genie,Bas-Saint-Laurent,G5L,29699,17,115.6,1,Remote,0,False,False,0,27.874896273036946,-2.177095433045782,False,False,0.5018469544129707
C008994,23.96,Arts et lettres,Montreal,H1A,122358,7,1.4,0,Centre,0,False,True,0,24.96672199477992,-5.085269711302807,False,False,0.5678148706308566
C004048,29.42,Sante,Cote-Nord,G0G,54340,7,320.6,1,Remote,0,False,False,1,30.42672199477992,0.3747302886971937,True,False,0.47489682736667094
C010265,27.65,Sciences,Capitale-Nationale,G1V,73103,7,4.4,1,Centre,0,False,False,0,28.656721994779918,-1.3952697113028094,False,False,0.44229988068573256
C006771,25.66,Genie,Cote-Nord,G0G,66227,12,212.2,0,Remote,0,False,False,0,27.38580913390843,-2.6661825721742964,False,False,0.4204090633148337
C000556,23.05,Arts et lettres,Cote-Nord,G4R,21204,13,150.3,1,Remote,0,False,False,0,24.919626561734134,-5.132365144348594,False,False,0.5424641445081861
C008076,26.65,Sciences sociales,Montreal,H4L,75516,8,11.3,0,Centre,0,False,False,0,27.80053942260562,-2.251452283477107,False,False,0.4014018958145841
C002085,29.21,Sciences,Montreal,H3T,39754,4,23.0,0,Centre,0,False,False,0,29.78526971130281,-0.26672199477991754,True,False,0.48188094619125604
C009077,27.73,Sante,Bas-Saint-Laurent,G0L,97321,12,174.7,0,Remote,0,False,False,0,29.45580913390843,-0.5961825721742962,False,False,0.4387514946337293
C008238,24.86,Genie,Montreal,H2X,46906,11,8.9,0,Centre,0,False,False,0,26.441991706082728,-3.6099999999999994,False,False,0.44497228761640695
C012950,31.06,Sciences sociales,Gaspesie-Iles-de-la-Madeleine,G0C,19250,9,115.4,0,Remote,0,False,False,1,32.35435685043132,2.3023651443485953,False,False,0.5396474713376885
C012635,37.04,Arts et lettres,Capitale-Nationale,G3A,24819,11,11.5,0,Centre,-1,True,True,1,38.62199170608273,8.570000000000004,False,False,0.6006010094115675
C003706,28.85,Sciences sociales,Montreal,H1A,114891,7,30.9,0,Centre,0,False,False,0,29.85672199477992,-0.19526971130280657,True,False,0.4349262608899231
C002819,32.55,Genie,Montreal,H4L,67262,9,31.9,1,Centre,0,False,False,1,33.84435685043132,3.79236514434859,False,False,0.4397208221468246
C010338,24.81,Sciences,Gaspesie-Iles-de-la-Madeleine,G0C,95320,17,113.6,1,Remote,0,False,False,0,27.254896273036945,-2.797095433045783,False,False,0.48602829992049185
C002223,27.56,Sante,Gaspesie-Iles-de-la-Madeleine,G5C,28568,12,326.2,0,Remote,0,False,False,0,29.28580913390843,-0.7661825721742979,False,False,0.46874091983520416
C009187,31.92,Sciences,Cote-Nord,G4R,53421,15,134.8,0,Remote,0,False,False,1,34.07726141738554,4.0252697113028155,False,False,0.46575249899791543
C010526,25.16,Sciences,Cote-Nord,G4R,113372,10,71.5,0,Remote,0,False,False,0,26.598174278257027,-3.453817427825701,False,False,0.456768385382386
C009675,30.44,Genie,Gaspesie-Iles-de-la-Madeleine,G4X,82219,15,136.2,0,Remote,0,False,False,1,32.59726141738554,2.5452697113028115,False,False,0.4626636837698751
C003317,23.32,Sciences,Montreal,H2X,51222,10,6.8,0,Centre,0,False,False,0,24.758174278257027,-5.293817427825701,False,False,0.46601052897079503
C009367,26.21,Arts et lettres,Capitale-Nationale,G1V,54131,10,17.8,1,Centre,0,False,False,0,27.648174278257027,-2.4038174278257003,False,False,0.40285288984056666
C009753,27.55,Sciences,Montreal,H3T,85109,6,11.3,0,Centre,0,False,False,0,28.412904566954218,-1.6390871391285096,False,False,0.4191535774443979
C011097,30.98,Arts et lettres,Bas-Saint-Laurent,G5N,87850,7,261.5,1,Remote,0,False,False,1,31.98672199477992,1.9347302886971924,False,False,0.4943156608898411
C013330,26.08,Sciences sociales,Bas-Saint-Laurent,G0L,31152,16,108.7,1,Remote,0,False,False,0,28.381078845211242,-1.6709128608714856,False,False,0.4747395240890594
C004324,25.41,Genie,Capitale-Nationale,G1V,56751,7,29.1,0,Centre,0,False,False,0,26.41672199477992,-3.635269711302808,False,False,0.41721373723073035
C012497,23.98,Arts et lettres,Montreal,H1A,36169,5,9.3,1,Centre,0,False,False,0,24.699087139128515,-5.352904566954212,False,False,0.5139874153850551
C007497,24.14,Arts et lettres,Montreal,H1A,106683,8,28.7,0,Centre,0,False,False,0,25.290539422605622,-4.761452283477105,False,False,0.44336266258427504
C013207,30.15,Sciences,Bas-Saint-Laurent,G5L,37842,10,385.1,0,Remote,0,False,False,1,31.588174278257025,1.5361825721742974,False,False,0.4836880603239365
C008582,28.68,Sciences,Capitale-Nationale,G1R,130611,9,6.2,0,Centre,0,False,False,0,29.974356850431324,-0.07763485565140371,True,False,0.4650881860269283
C003216,29.0,Sciences sociales,Bas-Saint-Laurent,G5N,41203,16,276.1,0,Remote,0,False,False,1,31.301078845211244,1.249087139128516,False,False,0.4601346595003446
C006211,31.23,Arts et lettres,Montreal,H2X,98326,14,17.8,0,Centre,0,False,False,1,33.243443989559836,3.1914522834771084,False,False,0.4715267993403501
C005924,28.32,Sciences,Montreal,H2X,56763,6,27.2,0,Centre,0,False,False,0,29.182904566954218,-0.86908713912851,False,False,0.4137015654801601
C011745,28.49,Arts et lettres,Cote-Nord,G5B,38652,14,83.9,1,Remote,0,False,False,1,30.503443989559834,0.4514522834771064,True,False,0.43823032550900487
C007248,21.47,Genie,Cote-Nord,G4R,49784,6,211.2,1,Remote,0,False,False,0,22.332904566954216,-7.719087139128511,False,False,0.5313881855469189
C013553,28.64,Genie,Montreal,H3T,79068,8,5.5,0,Centre,0,False,False,0,29.790539422605622,-0.26145228347710514,True,False,0.42202044141151535
C008862,27.46,Sciences,Gaspesie-Iles-de-la-Madeleine,G5C,93380,5,158.8,1,Remote,0,False,False,0,28.179087139128512,-1.8729045669542153,False,False,0.4891511553688157
C003275,28.56,Sciences,Montreal,H3T,82469,9,12.0,1,Centre,0,False,False,0,29.854356850431323,-0.1976348556514047,True,False,0.3942811242394526
C000524,23.09,Arts et lettres,Cote-Nord,G4R,61810,15,261.1,1,Remote,0,False,False,0,25.247261417385538,-4.80473028869719,False,False,0.4824160721300733
C001419,31.85,Sante,Cote-Nord,G4R,54598,12,417.6,1,Remote,0,False,False,1,33.575809133908436,3.5238174278257084,False,False,0.49289005854782203
C004871,23.51,Arts et lettres,Bas-Saint-Laurent,G5L,86632,14,342.3,0,Remote,0,False,False,0,25.523443989559837,-4.5285477165228905,False,False,0.4978336202647988
C007265,28.82,Genie,Montreal,H8N,109062,6,4.6,1,Centre,0,False,False,0,29.682904566954218,-0.36908713912851,True,False,0.4782144778713963
C000347,31.3,Sante,Montreal,H1A,105105,6,19.2,0,Centre,0,False,False,1,32.16290456695422,2.1109128608714904,False,False,0.4616348704361495
C006626,23.81,Arts et lettres,Cote-Nord,G0G,65130,16,290.4,0,Remote,0,False,False,0,26.111078845211242,-3.940912860871485,False,False,0.4813595097292557
C009715,31.01,Arts et lettres,Gaspesie-Iles-de-la-Madeleine,G0C,73358,6,260.6,0,Remote,0,False,False,1,31.87290456695422,1.8209128608714913,False,False,0.5009780554059163
C002384,28.22,Sciences sociales,Capitale-Nationale,G3A,124731,10,24.2,0,Centre,0,False,False,0,29.658174278257025,-0.3938174278257023,True,False,0.43393117822586114
C001195,24.78,Sciences sociales,Cote-Nord,G4R,43171,10,157.6,1,Remote,0,False,False,0,26.218174278257028,-3.8338174278257,False,False,0.4369134365852814
C010982,31.28,Genie,Montreal,H4L,87383,6,6.6,1,Centre,0,False,False,1,32.142904566954215,2.0909128608714873,False,False,0.46806734554582213
C012706,31.79,Sciences sociales,Montreal,H2X,42791,11,21.3,0,Centre,0,False,False,1,33.37199170608273,3.320000000000004,False,False,0.44415351747047166
C005954,22.35,Sante,Cote-Nord,G4R,45180,7,198.2,0,Remote,0,False,False,0,23.35672199477992,-6.695269711302807,False,False,0.5033696149043142
C007380,25.45,Sante,Montreal,H8N,40971,13,15.2,0,Centre,0,False,False,0,27.319626561734133,-2.732365144348595,False,False,0.45126342222320126
C012654,30.09,Arts et lettres,Montreal,H2X,175235,6,3.4,0,Centre,0,False,True,1,30.952904566954217,0.9009128608714896,False,False,0.5702003856043211
C002320,27.88,Sciences sociales,Gaspesie-Iles-de-la-Madeleine,G4X,38145,13,208.7,0,Remote,0,False,False,0,29.749626561734132,-0.3023651443485953,True,False,0.4259877322840921
C000352,28.16,Sante,Cote-Nord,G4R,107049,10,438.4,0,Remote,0,False,False,0,29.598174278257027,-0.453817427825701,True,False,0.5035297600543234
C013387,28.77,Sciences,Gaspesie-Iles-de-la-Madeleine,G4X,24406,11,259.8,0,Remote,0,False,False,1,30.35199170608273,0.3000000000000007,True,False,0.4868286244856692
C011551,25.95,Arts et lettres,Montreal,H1A,69462,7,14.9,0,Centre,0,False,False,0,26.95672199477992,-3.0952697113028087,False,False,0.40564915541792745
C008340,28.48,Sciences sociales,Capitale-Nationale,G2E,101835,11,23.2,1,Centre,0,False,False,1,30.06199170608273,0.010000000000001563,True,False,0.4098075404398871
C001617,26.64,Sante,Gaspesie-Iles-de-la-Madeleine,G4X,66489,15,316.4,1,Remote,0,False,False,0,28.797261417385542,-1.2547302886971856,False,False,0.4440294254889605
C007196,27.61,Sciences,Montreal,H1A,76372,6,45.1,0,Centre,0,False,False,0,28.472904566954217,-1.5790871391285108,False,False,0.42853763806383716
C008655,23.96,Sante,Montreal,H3T,36701,10,49.2,0,Centre,0,False,False,0,25.398174278257027,-4.6538174278257,False,False,0.4618200554022594
C000274,26.8,Arts et lettres,Gaspesie-Iles-de-la-Madeleine,G4X,80765,9,199.8,0,Remote,0,False,False,0,28.094356850431325,-1.9576348556514027,False,False,0.43066374838035937
C007416,24.42,Genie,Capitale-Nationale,G1V,46853,9,14.2,0,Centre,0,False,False,0,25.714356850431326,-4.337634855651402,False,False,0.42870119319623823
C000185,31.75,Sciences,Capitale-Nationale,G1R,21070,13,22.9,0,Centre,-1,True,False,1,33.61962656173414,3.5676348556514093,False,False,0.5432447501561569
C002809,34.25,Sciences,Gaspesie-Iles-de-la-Madeleine,G4X,29288,15,122.1,1,Remote,0,False,True,1,36.40726141738554,6.355269711302814,False,False,0.5624639461049047
C008334,27.95,Sciences sociales,Bas-Saint-Laurent,G5L,77305,14,153.6,1,Remote,0,False,False,0,29.963443989559835,-0.08854771652289273,True,False,0.4239287380842088
C000391,25.83,Genie,Montreal,H2X,36449,8,42.0,1,Centre,0,False,False,0,26.98053942260562,-3.0714522834771074,False,False,0.43796739816942676
C010578,33.3,Sciences,Montreal,H8N,84701,6,4.6,0,Centre,0,False,False,1,34.16290456695421,4.110912860871483,False,False,0.5287661807233436
C013479,22.75,Genie,Montreal,H2X,107367,11,14.6,0,Centre,0,False,False,0,24.33199170608273,-5.719999999999999,False,False,0.4765917980225008
C010670,23.05,Sante,Montreal,H2X,66198,5,15.8,0,Centre,0,False,False,0,23.769087139128516,-6.282904566954212,False,False,0.4729521398977625
C007007,31.45,Genie,Montreal,H1A,54140,7,26.5,0,Centre,0,False,False,1,32.45672199477992,2.4047302886971913,False,False,0.42724987270804027
C007177,19.06,Sciences sociales,Montreal,H3T,50514,9,13.2,0,Centre,0,False,False,0,20.354356850431323,-9.697634855651405,False,False,0.5455872656384007
C008200,26.81,Sciences,Gaspesie-Iles-de-la-Madeleine,G0C,51662,16,188.9,1,Remote,0,False,False,0,29.111078845211242,-0.9409128608714852,False,False,0.43494942554728494
C008005,25.05,Sante,Gaspesie-Iles-de-la-Madeleine,G0C,62533,9,71.7,0,Remote,0,False,False,0,26.344356850431325,-3.7076348556514027,False,False,0.4232730480215563
C008058,34.09,Sciences sociales,Montreal,H2X,70386,5,14.6,0,Centre,0,False,False,1,34.809087139128515,4.757095433045787,False,False,0.51863748570603
C007599,27.02,Sante,Capitale-Nationale,G3A,32300,8,25.5,0,Centre,0,False,False,0,28.17053942260562,-1.8814522834771061,False,False,0.44072790858772964
C003909,25.57,Sante,Gaspesie-Iles-de-la-Madeleine,G4X,38247,11,85.7,1,Remote,0,False,False,0,27.15199170608273,-2.8999999999999986,False,False,0.4387091217119295
C001071,25.77,Arts et lettres,Cote-Nord,G0G,20897,21,335.2,0,Remote,-1,True,True,0,28.790165984339755,-1.261825721742973,False,False,0.595138464953032
C005531,26.09,Arts et lettres,Cote-Nord,G4R,73363,20,91.2,0,Remote,0,False,False,0,28.966348556514053,-1.085643149568675,False,False,0.5070108440780465
C011626,22.61,Arts et lettres,Montreal,H4L,131643,2,18.2,0,Centre,-1,True,True,0,22.897634855651404,-7.1543568504313235,False,False,0.5817254713239696
C009378,24.98,Genie,Montreal,H2X,80130,7,36.5,1,Centre,0,False,False,0,25.98672199477992,-4.065269711302808,False,False,0.4225916799599191
C008591,25.56,Sante,Cote-Nord,G0G,53224,7,129.3,1,Remote,0,False,False,0,26.56672199477992,-3.4852697113028093,False,False,0.44393247225206345
C004950,28.97,Genie,Montreal,H4L,80251,8,18.7,1,Centre,0,False,False,1,30.12053942260562,0.06854771652289315,True,False,0.3895110787772094
C004477,30.37,Arts et lettres,Capitale-Nationale,G2E,57823,9,74.3,0,Centre,0,False,False,1,31.664356850431325,1.6123651443485976,False,False,0.42264092740155157
C013685,32.39,Sciences,Cote-Nord,G0G,61787,13,185.2,0,Remote,0,False,False,1,34.25962656173414,4.20763485565141,False,False,0.46204797295305994
C012913,24.85,Sante,Capitale-Nationale,G2E,63364,9,6.4,1,Centre,0,False,False,0,26.144356850431326,-3.907634855651402,False,False,0.4318035419382676
C001815,31.46,Genie,Cote-Nord,G0G,42974,10,95.6,0,Remote,0,False,False,1,32.89817427825703,2.8461825721743033,False,False,0.4494217563168527
C011092,25.82,Sante,Montreal,H1A,92499,8,38.1,0,Centre,0,False,False,0,26.970539422605622,-3.0814522834771054,False,False,0.4171458098515293
C008990,26.48,Genie,Gaspesie-Iles-de-la-Madeleine,G4X,75507,13,238.1,1,Remote,0,False,False,0,28.349626561734134,-1.7023651443485939,False,False,0.42550194426892596
C008998,27.09,Sciences,Bas-Saint-Laurent,G5L,43326,10,63.0,0,Remote,0,False,False,0,28.528174278257026,-1.5238174278257013,False,False,0.41908321906660134
C006355,25.4,Genie,Capitale-Nationale,G2E,75312,8,15.2,0,Centre,0,False,False,0,26.55053942260562,-3.501452283477107,False,False,0.40642485015869606
C008605,21.0,Genie,Capitale-Nationale,G3A,98742,7,3.0,0,Centre,0,False,True,0,22.00672199477992,-8.045269711302808,False,False,0.5652880392110451
C012001,25.02,Sciences,Bas-Saint-Laurent,G5L,76442,11,294.6,1,Remote,0,False,False,0,26.60199170608273,-3.4499999999999993,False,False,0.448540984843258
C004464,28.0,Genie,Montreal,H4L,68338,8,18.1,0,Centre,0,False,False,0,29.150539422605622,-0.9014522834771057,False,False,0.38930627189292427
C009570,33.83,Sciences sociales,Montreal,H8N,114527,7,15.5,0,Centre,0,False,False,1,34.836721994779914,4.784730288697187,False,False,0.5177314047623811
C010536,26.89,Sante,Gaspesie-Iles-de-la-Madeleine,G5C,43817,6,477.7,0,Remote,0,False,False,0,27.752904566954218,-2.2990871391285097,False,False,0.5287475309856158
C008338,30.65,Genie,Bas-Saint-Laurent,G5N,157302,12,215.8,0,Remote,0,False,False,1,32.37580913390843,2.3238174278257056,False,False,0.5275501933542435
C012561,24.68,Sciences sociales,Cote-Nord,G4R,55909,13,461.7,1,Remote,0,False,False,0,26.549626561734133,-3.5023651443485946,False,False,0.4824094517649873
C005425,29.54,Sciences,Gaspesie-Iles-de-la-Madeleine,G0C,103197,12,116.1,1,Remote,0,False,False,1,31.26580913390843,1.2138174278257026,False,False,0.4407857151110167
C011408,28.57,Sciences,Capitale-Nationale,G3A,77595,7,23.3,0,Centre,0,False,False,0,29.57672199477992,-0.4752697113028077,True,False,0.39443959604904805
C009837,26.06,Sciences,Montreal,H3T,68090,8,36.1,1,Centre,0,False,False,0,27.21053942260562,-2.841452283477107,False,False,0.4014637603496514
C009132,27.78,Sciences sociales,Montreal,H2X,32668,6,14.6,1,Centre,0,False,False,0,28.64290456695422,-1.4090871391285091,False,False,0.4681525296177862
C008912,27.43,Genie,Capitale-Nationale,G3A,123830,7,22.0,1,Centre,0,False,False,0,28.43672199477992,-1.6152697113028083,False,False,0.4337741380254166
C004716,25.03,Genie,Montreal,H4L,55730,6,12.6,0,Centre,0,False,False,0,25.89290456695422,-4.159087139128509,False,False,0.4373566993215994
C005505,29.74,Sciences,Gaspesie-Iles-de-la-Madeleine,G4X,33952,15,179.7,0,Remote,0,False,False,1,31.897261417385536,1.8452697113028087,False,False,0.45347814413765725
C002752,23.63,Sciences sociales,Montreal,H1A,54275,5,18.8,1,Centre,0,False,False,0,24.349087139128514,-5.7029045669542135,False,False,0.4711007871597127
C012381,31.48,Genie,Montreal,H8N,87879,7,20.5,0,Centre,0,False,False,1,32.48672199477992,2.4347302886971924,False,False,0.4282973768337586
C004459,32.36,Sciences sociales,Montreal,H2X,98107,8,8.0,1,Centre,0,False,False,1,33.51053942260562,3.45854771652289,False,False,0.47663068618078147
C010655,28.91,Sciences,Montreal,H4L,86524,9,5.8,0,Centre,0,False,False,1,30.204356850431324,0.15236514434859671,True,False,0.4210368171519453
C008835,31.5,Sciences sociales,Montreal,H4L,40043,8,42.1,1,Centre,0,False,False,1,32.65053942260562,2.5985477165228907,False,False,0.45459406493230614
C007658,27.78,Sciences,Montreal,H8N,128783,12,14.3,1,Centre,0,False,False,0,29.505809133908432,-0.5461825721742954,False,False,0.4545464558085842
C000762,28.27,Arts et lettres,Bas-Saint-Laurent,G0L,67697,12,135.8,1,Remote,0,False,False,0,29.99580913390843,-0.05618257217429701,True,False,0.40705662921223407
C006570,26.51,Sciences,Capitale-Nationale,G2E,53334,13,26.3,1,Centre,0,False,False,0,28.379626561734135,-1.6723651443485927,False,False,0.41437758533409913
C010738,29.54,Arts et lettres,Montreal,H2X,50760,6,57.5,0,Centre,0,False,False,1,30.402904566954216,0.3509128608714889,True,False,0.4394885762579729
C008590,27.54,Sciences,Capitale-Nationale,G1R,46537,11,8.4,1,Centre,0,False,False,0,29.121991706082728,-0.9299999999999997,False,False,0.4231021947284663
C011449,25.06,Arts et lettres,Capitale-Nationale,G3A,111922,11,63.3,0,Centre,0,False,False,0,26.641991706082727,-3.41,False,False,0.4579904787611821
C013899,29.94,Sciences,Bas-Saint-Laurent,G5N,91408,20,290.4,0,Remote,0,False,False,1,32.81634855651406,2.76435685043133,False,False,0.5401398534990929
C008515,24.98,Sciences sociales,Bas-Saint-Laurent,G5L,51968,12,145.4,1,Remote,0,False,False,0,26.70580913390843,-3.346182572174296,False,False,0.4258673226146578
C009476,27.85,Sciences,Montreal,H3T,123926,7,9.6,0,Centre,0,False,False,0,28.85672199477992,-1.1952697113028066,False,False,0.4485040940832808
C011012,27.38,Sante,Cote-Nord,G5B,57807,18,93.3,0,Remote,0,False,False,0,29.968713700862647,-0.08327800522008033,True,False,0.46394693014058497
C001049,24.24,Genie,Gaspesie-Iles-de-la-Madeleine,G0C,110906,12,126.3,0,Remote,0,False,False,0,25.96580913390843,-4.086182572174298,False,False,0.4647086531853136
C004099,27.32,Sciences sociales,Gaspesie-Iles-de-la-Madeleine,G0C,34326,12,198.0,1,Remote,0,False,False,0,29.04580913390843,-1.0061825721742963,False,False,0.429554486349478
C013487,26.44,Arts et lettres,Gaspesie-Iles-de-la-Madeleine,G5C,42993,12,96.3,0,Remote,0,False,False,0,28.165809133908432,-1.8861825721742953,False,False,0.42481119368304254
C002700,27.41,Genie,Montreal,H8N,119989,6,31.9,1,Centre,0,False,False,0,28.272904566954217,-1.7790871391285101,False,False,0.4503810212178812
C012663,25.67,Genie,Gaspesie-Iles-de-la-Madeleine,G4X,48540,19,214.7,0,Remote,0,False,False,0,28.402531128688352,-1.6494605773943753,False,False,0.4859556499435226
C012400,29.81,Genie,Capitale-Nationale,G1R,50409,11,12.9,0,Centre,0,False,False,1,31.391991706082727,1.3399999999999999,False,False,0.4130836586956731
C000052,24.91,Arts et lettres,Gaspesie-Iles-de-la-Madeleine,G0C,75605,10,424.3,1,Remote,0,False,False,0,26.348174278257027,-3.703817427825701,False,False,0.48293081441635266
C002968,27.32,Sciences sociales,Bas-Saint-Laurent,G5L,21925,15,274.8,1,Remote,0,False,False,0,29.47726141738554,-0.5747302886971859,False,False,0.5036090779411605
C008422,27.08,Sciences,Montreal,H2X,143322,9,14.6,0,Centre,0,False,False,0,28.374356850431322,-1.6776348556514051,False,False,0.45408264417730715
C013074,30.34,Arts et lettres,Montreal,H3T,75136,8,10.8,0,Centre,0,False,False,1,31.49053942260562,1.4385477165228941,False,False,0.4103212772014061
C010422,26.26,Genie,Montreal,H8N,100472,12,19.9,0,Centre,0,False,False,0,27.985809133908432,-2.066182572174295,False,False,0.4147268333152836
C009020,28.56,Arts et lettres,Cote-Nord,G4R,34894,12,208.8,1,Remote,0,False,False,1,30.28580913390843,0.23381742782570214,True,False,0.42766099248615624
C010449,30.57,Sciences sociales,Bas-Saint-Laurent,G0L,67737,10,319.7,1,Remote,0,False,False,1,32.00817427825703,1.9561825721743027,False,False,0.4531301191211643
C005322,28.99,Sciences,Gaspesie-Iles-de-la-Madeleine,G4X,23259,10,122.3,0,Remote,0,False,False,1,30.428174278257025,0.3761825721742973,True,False,0.4906785036073351
C010563,29.0,Sciences,Bas-Saint-Laurent,G5N,62625,19,156.9,0,Remote,0,False,False,1,31.73253112868835,1.680539422605623,False,False,0.481622258015389
C012928,26.71,Sciences sociales,Gaspesie-Iles-de-la-Madeleine,G4X,40078,14,147.9,1,Remote,0,False,False,0,28.723443989559836,-1.3285477165228912,False,False,0.4269423135743001
C013935,23.17,Sante,Bas-Saint-Laurent,G0L,35014,15,113.1,0,Remote,0,False,False,0,25.327261417385543,-4.7247302886971845,False,False,0.4934759298987642
C013439,24.37,Genie,Gaspesie-Iles-de-la-Madeleine,G0C,58118,9,145.6,1,Remote,0,False,False,0,25.664356850431325,-4.387634855651402,False,False,0.4406352445438784
C003925,27.89,Arts et lettres,Montreal,H8N,92045,9,5.4,1,Centre,0,False,False,0,29.184356850431325,-0.8676348556514029,False,False,0.43162385715059165
C003091,24.17,Sciences sociales,Cote-Nord,G0G,69595,20,208.4,1,Remote,0,False,False,0,27.046348556514054,-3.005643149568673,False,False,0.5194619614121305
C007935,26.09,Arts et lettres,Montreal,H2X,66023,12,6.4,0,Centre,0,False,False,0,27.81580913390843,-2.2361825721742967,False,False,0.4329077925698133
C011694,23.86,Genie,Capitale-Nationale,G1V,38174,5,18.5,0,Centre,0,False,False,0,24.57908713912851,-5.472904566954217,False,False,0.49787752881409547
C008211,31.98,Sante,Montreal,H3T,83346,9,12.4,0,Centre,0,False,False,1,33.274356850431325,3.222365144348597,False,False,0.4402883773278247
C009820,33.95,Sante,Gaspesie-Iles-de-la-Madeleine,G5C,88162,9,245.6,0,Remote,0,False,False,1,35.24435685043132,5.192365144348596,False,False,0.5169299505468429
C008969,23.77,Sciences sociales,Montreal,H8N,46797,6,21.2,0,Centre,0,False,False,0,24.632904566954217,-5.419087139128511,False,False,0.4525452312685359
C012208,31.5,Genie,Capitale-Nationale,G2E,52187,8,5.1,0,Centre,0,False,False,1,32.65053942260562,2.5985477165228907,False,False,0.46635356696577124
C004729,25.57,Sante,Gaspesie-Iles-de-la-Madeleine,G0C,54651,13,213.8,1,Remote,0,False,False,0,27.439626561734134,-2.612365144348594,False,False,0.4232030590467036
C002047,25.85,Arts et lettres,Montreal,H2X,81174,10,14.7,1,Centre,0,False,False,0,27.288174278257028,-2.7638174278256997,False,False,0.4020940584344397
C005663,30.92,Sciences sociales,Capitale-Nationale,G1R,54235,11,38.4,0,Centre,0,False,False,1,32.501991706082734,2.4500000000000064,False,False,0.4195917596548466
C013203,24.09,Genie,Cote-Nord,G0G,50753,14,294.0,0,Remote,0,False,False,0,26.103443989559835,-3.948547716522892,False,False,0.4546159431125242
C013218,24.62,Arts et lettres,Cote-Nord,G5B,121397,11,260.8,0,Remote,0,False,False,0,26.20199170608273,-3.849999999999998,False,False,0.49748621013556577
C009480,24.95,Sante,Bas-Saint-Laurent,G0L,53749,12,339.1,1,Remote,0,False,False,0,26.67580913390843,-3.3761825721742973,False,False,0.44833980115510086
C010633,29.87,Sante,Montreal,H2X,50391,10,27.4,0,Centre,0,False,False,1,31.308174278257027,1.2561825721742998,False,False,0.40253544333753016
C009315,31.91,Sante,Montreal,H4L,117349,14,25.6,0,Centre,0,False,False,1,33.923443989559836,3.871452283477108,False,False,0.5015200081654001
C010041,35.35,Sante,Capitale-Nationale,G3A,53592,10,12.8,1,Centre,0,False,False,1,36.78817427825703,6.736182572174304,False,False,0.5253389724378735
C000792,26.34,Genie,Montreal,H8N,175815,10,5.3,0,Centre,0,False,False,0,27.778174278257026,-2.2738174278257013,False,False,0.5338019987774526
C000841,26.62,Sante,Montreal,H3T,59426,10,3.5,0,Centre,0,False,False,0,28.058174278257027,-1.9938174278257002,False,False,0.4525863277045536
C013130,27.09,Sciences sociales,Capitale-Nationale,G1R,49262,10,37.5,0,Centre,0,False,False,0,28.528174278257026,-1.5238174278257013,False,False,0.4057901982336904
C010043,33.29,Sciences,Cote-Nord,G0G,24676,10,183.8,0,Remote,0,False,False,1,34.72817427825703,4.6761825721743016,False,False,0.542978705682636
C002625,23.76,Sciences,Bas-Saint-Laurent,G5L,62917,14,59.0,0,Remote,0,False,False,0,25.773443989559837,-4.2785477165228905,False,False,0.4504768480065063
C005033,22.8,Genie,Gaspesie-Iles-de-la-Madeleine,G5C,68848,12,189.7,0,Remote,0,False,False,0,24.52580913390843,-5.526182572174296,False,False,0.4675686987211933
C012331,24.92,Sciences sociales,Montreal,H1A,39063,11,13.8,0,Centre,0,False,False,0,26.50199170608273,-3.549999999999997,False,False,0.4520122590447897
C008556,30.93,Sante,Montreal,H4L,55407,5,23.8,0,Centre,0,False,False,1,31.64908713912851,1.5970954330457836,False,False,0.4528035580474407
C007925,30.33,Arts et lettres,Capitale-Nationale,G1V,100528,14,9.0,0,Centre,0,False,False,1,32.34344398955984,2.29145228347711,False,False,0.4745709305485929
C011192,32.71,Sciences,Montreal,H4L,56101,11,18.8,0,Centre,0,False,False,1,34.29199170608273,4.2400000000000055,False,False,0.4511140934621857
C002580,21.27,Sciences sociales,Montreal,H2X,62444,9,10.9,0,Centre,0,False,False,0,22.564356850431324,-7.487634855651404,False,False,0.4991449719457128
C002570,25.28,Sciences sociales,Gaspesie-Iles-de-la-Madeleine,G5C,41284,13,124.0,1,Remote,0,False,False,0,27.149626561734134,-2.902365144348593,False,False,0.43522050882250257
C010817,27.22,Arts et lettres,Cote-Nord,G5B,26746,14,174.8,0,Remote,0,False,False,0,29.233443989559834,-0.8185477165228932,False,False,0.46643401058527045
C008132,25.56,Arts et lettres,Gaspesie-Iles-de-la-Madeleine,G4X,81772,12,253.4,1,Remote,0,False,False,0,27.28580913390843,-2.766182572174298,False,False,0.4424410403547168
C010773,26.32,Genie,Capitale-Nationale,G3A,55980,8,20.6,1,Centre,0,False,False,0,27.470539422605622,-2.5814522834771054,False,False,0.39954646468762267
C005535,28.61,Sciences,Gaspesie-Iles-de-la-Madeleine,G0C,49061,14,369.6,1,Remote,0,False,False,1,30.623443989559835,0.5714522834771074,False,False,0.4488950520791454
C001346,23.22,Genie,Montreal,H1A,67630,6,2.3,0,Centre,0,False,False,0,24.082904566954216,-5.969087139128511,False,False,0.5256251317637579
C013642,29.19,Arts et lettres,Cote-Nord,G4R,68905,11,154.2,1,Remote,0,False,False,1,30.77199170608273,0.7200000000000024,False,False,0.413168584464287
C002096,30.53,Sciences sociales,Bas-Saint-Laurent,G5N,55461,13,216.4,0,Remote,0,False,False,1,32.39962656173414,2.3476348556514104,False,False,0.4325021374747998
C013146,23.0,Genie,Montreal,H2X,66951,8,44.3,1,Centre,0,False,False,0,24.150539422605622,-5.901452283477106,False,False,0.4509422316636735
C008121,28.25,Genie,Gaspesie-Iles-de-la-Madeleine,G4X,35310,15,181.9,0,Remote,0,False,False,1,30.40726141738554,0.3552697113028138,True,False,0.4416126438419759
C003356,30.38,Sante,Gaspesie-Iles-de-la-Madeleine,G0C,95805,17,179.1,1,Remote,0,False,False,1,32.82489627303694,2.772904566954214,False,False,0.4899900381632084
C001412,25.02,Sante,Montreal,H4L,33731,10,14.1,1,Centre,0,False,False,0,26.458174278257026,-3.5938174278257016,False,False,0.46007389497827783
C008631,28.32,Sante,Bas-Saint-Laurent,G0L,34604,14,127.2,1,Remote,0,False,False,1,30.333443989559836,0.28145228347710827,True,False,0.4376315327134896
C002420,22.41,Sante,Montreal,H4L,48515,7,17.2,1,Centre,0,False,False,0,23.41672199477992,-6.635269711302808,False,False,0.4719470321917581
C007341,27.99,Sciences,Montreal,H4L,65728,8,33.7,0,Centre,0,False,False,0,29.14053942260562,-0.9114522834771073,False,False,0.39395832197155106
C007601,24.65,Sciences,Montreal,H3T,55597,10,20.8,1,Centre,0,False,False,0,26.088174278257025,-3.9638174278257026,False,False,0.411284307911766
C009297,29.07,Sante,Montreal,H4L,47635,6,21.9,0,Centre,0,False,False,0,29.932904566954218,-0.11908713912850999,True,False,0.4202917119820841
C003505,28.39,Sante,Capitale-Nationale,G1V,48626,7,3.7,0,Centre,0,False,False,0,29.39672199477992,-0.6552697113028074,False,False,0.46888837336593586
C008977,30.76,Sciences,Capitale-Nationale,G1V,34587,8,72.3,0,Centre,0,False,False,1,31.910539422605623,1.8585477165228959,False,False,0.46792930352695594
C008946,27.48,Sciences sociales,Bas-Saint-Laurent,G0L,107877,13,134.2,0,Remote,0,False,False,0,29.349626561734134,-0.7023651443485939,False,False,0.44838216714877205
C013639,29.93,Arts et lettres,Capitale-Nationale,G1V,117590,5,24.0,0,Centre,0,False,False,1,30.64908713912851,0.5970954330457836,False,False,0.4706436475682428
C005380,23.44,Genie,Capitale-Nationale,G3A,125680,3,8.2,0,Centre,0,False,True,0,23.871452283477108,-6.180539422605619,False,False,0.5652772474122403
C011340,27.44,Sciences,Bas-Saint-Laurent,G5N,61619,11,360.4,1,Remote,0,False,False,0,29.02199170608273,-1.0299999999999976,False,False,0.43925643476945836
C012993,26.18,Sciences sociales,Capitale-Nationale,G1V,45908,7,12.3,0,Centre,0,False,False,0,27.18672199477992,-2.8652697113028083,False,False,0.4288423703368496
C008212,25.73,Sciences sociales,Bas-Saint-Laurent,G5N,57786,10,211.9,0,Remote,0,False,False,0,27.168174278257027,-2.8838174278257007,False,False,0.4237803629295177
C001993,23.78,Sante,Cote-Nord,G4R,91130,14,122.6,1,Remote,0,False,False,0,25.793443989559837,-4.258547716522891,False,False,0.4680181748454604
C010290,18.8,Sciences,Cote-Nord,G5B,61546,10,186.2,1,Remote,0,False,False,0,20.238174278257027,-9.8138174278257,False,False,0.543626040005756
C002011,28.83,Sciences sociales,Capitale-Nationale,G3A,95357,8,4.5,1,Centre,0,False,False,0,29.98053942260562,-0.07145228347710741,True,False,0.4426081160406716
C000300,23.11,Sciences,Capitale-Nationale,G3A,99562,12,23.8,0,Centre,0,False,False,0,24.83580913390843,-5.216182572174297,False,False,0.4619290443928599
C010509,28.68,Sante,Montreal,H4L,89783,8,18.4,0,Centre,0,False,False,0,29.83053942260562,-0.221452283477106,True,False,0.39394403628664254
C003975,25.52,Sante,Bas-Saint-Laurent,G5L,58767,10,243.3,0,Remote,0,False,False,0,26.958174278257026,-3.0938174278257016,False,False,0.4271667905154361
C008924,30.37,Sciences,Montreal,H3T,106803,7,17.9,0,Centre,0,False,False,1,31.37672199477992,1.324730288697193,False,False,0.43387413784704454
C002486,30.27,Sciences sociales,Capitale-Nationale,G1V,37317,8,13.2,0,Centre,0,False,False,1,31.42053942260562,1.3685477165228939,False,False,0.44124828354715784
C001157,29.55,Sante,Cote-Nord,G4R,51681,16,232.3,0,Remote,0,False,False,1,31.851078845211244,1.7990871391285168,False,False,0.44222647535391113
C010205,25.79,Sciences,Cote-Nord,G0G,44094,9,169.3,1,Remote,0,False,False,0,27.084356850431323,-2.9676348556514043,False,False,0.4314966600473182
C005093,28.22,Sciences sociales,Capitale-Nationale,G2E,76942,9,18.0,0,Centre,0,False,False,0,29.514356850431323,-0.5376348556514046,False,False,0.3891145340850107
C009233,34.05,Arts et lettres,Capitale-Nationale,G1R,76320,8,9.4,0,Centre,0,False,False,1,35.200539422605615,5.148547716522888,False,False,0.49327192872544817
C008586,27.3,Sciences,Capitale-Nationale,G1V,134890,7,36.3,0,Centre,0,False,False,0,28.30672199477992,-1.7452697113028073,False,False,0.45651440287815986
C012116,21.02,Sciences,Capitale-Nationale,G1V,75075,10,6.9,1,Centre,0,False,False,0,22.458174278257026,-7.593817427825702,False,False,0.5148429332672069
C003872,35.67,Sciences,Capitale-Nationale,G3A,55380,8,8.0,1,Centre,0,False,False,1,36.82053942260562,6.768547716522892,False,False,0.5278411870800161
C013761,24.26,Sciences,Montreal,H4L,42808,8,11.9,1,Centre,0,False,False,0,25.410539422605623,-4.641452283477104,False,False,0.45148258750337544
C009667,32.43,Genie,Montreal,H2X,53353,8,16.0,1,Centre,0,False,False,1,33.58053942260562,3.5285477165228905,False,False,0.44698413024742395
C001375,29.49,Genie,Montreal,H1A,58254,9,8.5,0,Centre,0,False,False,1,30.784356850431323,0.732365144348595,False,False,0.4110670175136846
C007188,29.52,Sciences,Capitale-Nationale,G2E,76093,14,18.6,0,Centre,0,False,False,1,31.533443989559835,1.4814522834771076,False,False,0.42880666818347457
C008885,27.32,Sciences,Capitale-Nationale,G3A,121518,8,16.4,0,Centre,0,False,False,0,28.470539422605622,-1.5814522834771054,False,False,0.4280323272482789
C001909,27.94,Arts et lettres,Montreal,H3T,113437,8,18.2,1,Centre,0,False,False,0,29.090539422605623,-0.9614522834771044,False,False,0.41840841554005864
C008138,27.91,Genie,Montreal,H4L,40593,8,23.9,1,Centre,0,False,False,0,29.060539422605622,-0.9914522834771056,False,False,0.41510608114284775
C011578,24.33,Sciences sociales,Cote-Nord,G0G,40070,16,450.4,1,Remote,0,False,False,0,26.631078845211242,-3.4209128608714856,False,False,0.5129912424584874
C007730,25.19,Sciences,Capitale-Nationale,G1R,52129,14,41.3,0,Centre,0,False,False,0,27.203443989559837,-2.8485477165228907,False,False,0.4407532544829486
C010453,25.65,Sciences,Capitale-Nationale,G1R,69185,5,22.4,0,Centre,0,False,False,0,26.36908713912851,-3.6829045669542175,False,False,0.4363836588622651
C003389,25.15,Genie,Capitale-Nationale,G1R,89714,6,19.0,0,Centre,0,False,False,0,26.012904566954216,-4.039087139128512,False,False,0.43094335620942587
C002655,28.11,Sciences sociales,Capitale-Nationale,G2E,75166,10,6.5,1,Centre,0,False,False,0,29.548174278257026,-0.5038174278257017,False,False,0.4188598497739667
C012294,27.33,Sciences sociales,Montreal,H4L,190763,8,2.8,0,Centre,0,False,True,0,28.48053942260562,-1.5714522834771074,False,False,0.5537340801634528
C003844,26.77,Sciences sociales,Gaspesie-Iles-de-la-Madeleine,G5C,73048,13,226.1,0,Remote,0,False,False,0,28.639626561734133,-1.4123651443485947,False,False,0.42350072167958386
C013750,32.86,Sciences,Bas-Saint-Laurent,G5L,62133,11,118.1,1,Remote,0,False,False,1,34.44199170608273,4.390000000000004,False,False,0.45945875570133266
C004148,26.9,Sciences sociales,Cote-Nord,G4R,54414,15,137.4,0,Remote,0,False,False,0,29.05726141738554,-0.9947302886971876,False,False,0.42590163097887945
C011384,26.64,Sante,Capitale-Nationale,G2E,110625,7,32.8,0,Centre,0,False,False,0,27.64672199477992,-2.4052697113028074,False,False,0.4321142275734339
C007152,34.25,Sciences,Montreal,H3T,91190,6,50.7,0,Centre,0,False,False,1,35.112904566954214,5.060912860871486,False,False,0.5342929637804624
C012153,27.44,Sciences,Gaspesie-Iles-de-la-Madeleine,G4X,44664,11,440.7,0,Remote,0,False,False,0,29.02199170608273,-1.0299999999999976,False,False,0.4650573327113341
C009299,25.46,Sciences,Montreal,H1A,71163,13,6.2,0,Centre,0,False,False,0,27.329626561734134,-2.7223651443485934,False,False,0.4579048577269855
C006973,29.47,Sciences sociales,Montreal,H1A,79925,8,10.8,1,Centre,0,False,False,1,30.62053942260562,0.5685477165228932,False,False,0.4017573059871607
C004858,23.4,Genie,Cote-Nord,G4R,50502,15,380.8,0,Remote,0,False,False,0,25.55726141738554,-4.494730288697188,False,False,0.49571743278700964
C013470,24.3,Sciences sociales,Montreal,H8N,57298,8,5.5,0,Centre,0,False,False,0,25.450539422605623,-4.601452283477105,False,False,0.4524866735891587
C011254,28.15,Sante,Cote-Nord,G5B,63568,23,157.9,0,Remote,0,False,False,1,31.457800839991158,1.4058091339084307,False,False,0.5309343215680551
C003572,28.03,Sciences sociales,Montreal,H8N,69027,10,22.6,0,Centre,0,False,False,0,29.468174278257028,-0.5838174278257,False,False,0.38827761261680205
C008849,27.4,Sciences,Montreal,H2X,34902,8,12.4,1,Centre,0,False,False,0,28.55053942260562,-1.5014522834771071,False,False,0.4419810848053386
C012628,25.38,Arts et lettres,Gaspesie-Iles-de-la-Madeleine,G4X,57286,15,274.3,1,Remote,0,False,False,0,27.537261417385537,-2.5147302886971907,False,False,0.4431175660695659
C007461,27.13,Sciences sociales,Capitale-Nationale,G1V,76957,11,51.3,1,Centre,0,False,False,0,28.711991706082728,-1.3399999999999999,False,False,0.41138665881008035
C001783,28.11,Sante,Gaspesie-Iles-de-la-Madeleine,G5C,47382,10,127.4,1,Remote,0,False,False,0,29.548174278257026,-0.5038174278257017,False,False,0.4110631175408696
C005947,30.2,Sante,Montreal,H2X,133348,6,16.3,0,Centre,0,False,False,1,31.062904566954217,1.010912860871489,False,False,0.4735832024935784
C011982,30.18,Sciences sociales,Montreal,H8N,81894,10,47.8,0,Centre,0,False,False,1,31.618174278257026,1.5661825721742986,False,False,0.4203282764888765
C013681,25.58,Sante,Montreal,H1A,68457,11,17.6,0,Centre,0,False,False,0,27.161991706082727,-2.8900000000000006,False,False,0.40449205853454234
C001447,22.48,Genie,Capitale-Nationale,G2E,168340,6,36.4,0,Centre,0,False,True,0,23.342904566954218,-6.70908713912851,False,False,0.5626181416255639
C010194,28.01,Genie,Bas-Saint-Laurent,G0L,131594,15,465.0,1,Remote,0,False,True,1,30.16726141738554,0.11526971130281183,True,False,0.5496326013118032
C007192,27.62,Arts et lettres,Bas-Saint-Laurent,G5L,75461,14,284.5,1,Remote,0,False,False,0,29.633443989559836,-0.418547716522891,True,False,0.43387415024887444
C011202,29.47,Arts et lettres,Capitale-Nationale,G1R,54346,9,17.4,0,Centre,0,False,False,1,30.764356850431323,0.7123651443485954,False,False,0.3955336422189262
C006066,27.92,Genie,Montreal,H8N,35940,7,14.2,1,Centre,0,False,False,0,28.92672199477992,-1.1252697113028063,False,False,0.4437632736518302
C005150,29.93,Genie,Montreal,H2X,105311,8,7.8,0,Centre,0,False,False,1,31.08053942260562,1.028547716522894,False,False,0.43654414643047806
C012454,28.54,Genie,Gaspesie-Iles-de-la-Madeleine,G0C,54252,14,267.3,1,Remote,0,False,False,1,30.553443989559835,0.5014522834771071,False,False,0.429512602729083
C003167,23.57,Arts et lettres,Capitale-Nationale,G1R,37828,8,2.1,0,Centre,0,False,True,0,24.720539422605622,-5.331452283477105,False,False,0.5502585870262502
C003752,33.12,Sciences,Montreal,H3T,103914,5,17.2,0,Centre,0,False,False,1,33.83908713912851,3.7870954330457813,False,False,0.5210297380373858
C011152,27.34,Genie,Montreal,H2X,63431,8,24.3,1,Centre,0,False,False,0,28.49053942260562,-1.5614522834771059,False,False,0.38947365065279493
C013390,26.86,Sciences sociales,Capitale-Nationale,G1V,41446,14,40.6,0,Centre,0,False,False,0,28.873443989559835,-1.1785477165228926,False,False,0.44049624472267024
C004138,26.73,Arts et lettres,Gaspesie-Iles-de-la-Madeleine,G5C,71189,15,131.4,0,Remote,0,False,False,0,28.887261417385538,-1.1647302886971893,False,False,0.43105470495659304
C008625,24.96,Sciences sociales,Montreal,H4L,72344,7,21.6,1,Centre,0,False,False,0,25.96672199477992,-4.085269711302807,False,False,0.41313743544442255
C004258,24.43,Arts et lettres,Bas-Saint-Laurent,G0L,51512,14,249.7,1,Remote,0,False,False,0,26.443443989559835,-3.6085477165228923,False,False,0.437040387104792
C003480,28.47,Genie,Bas-Saint-Laurent,G5L,48493,18,158.6,1,Remote,0,False,False,1,31.058713700862647,1.0067219947799195,False,False,0.46103597861185963
C008840,25.0,Sciences,Capitale-Nationale,G1V,51189,10,12.3,0,Centre,0,False,False,0,26.438174278257026,-3.613817427825701,False,False,0.4233707026799049
C004649,25.21,Genie,Gaspesie-Iles-de-la-Madeleine,G5C,30814,16,173.9,0,Remote,0,False,False,0,27.511078845211244,-2.540912860871483,False,False,0.4838753085395681
C004732,27.4,Sciences sociales,Gaspesie-Iles-de-la-Madeleine,G4X,41326,14,246.3,1,Remote,0,False,False,0,29.413443989559834,-0.6385477165228934,False,False,0.4259900804981318
C010922,32.15,Genie,Montreal,H3T,51058,6,10.0,0,Centre,0,False,False,1,33.01290456695421,2.9609128608714848,False,False,0.47425813865498345
C005753,30.87,Genie,Montreal,H8N,85088,7,7.0,1,Centre,0,False,False,1,31.87672199477992,1.824730288697193,False,False,0.4474209371527279
C004935,29.19,Arts et lettres,Cote-Nord,G0G,28697,17,237.9,0,Remote,0,False,False,1,31.634896273036947,1.5829045669542197,False,False,0.4940420751782635
C010498,28.83,Sciences sociales,Capitale-Nationale,G2E,85393,8,15.0,0,Centre,0,False,False,0,29.98053942260562,-0.07145228347710741,True,False,0.39465341241726265
C004717,26.42,Sciences,Montreal,H2X,79374,7,18.4,0,Centre,0,False,False,0,27.42672199477992,-2.6252697113028063,False,False,0.4004481864364168
C004145,27.39,Sante,Cote-Nord,G0G,24299,11,139.1,1,Remote,0,False,False,0,28.97199170608273,-1.0799999999999983,False,False,0.4747217057577098
C002751,31.35,Arts et lettres,Montreal,H2X,130067,6,31.2,0,Centre,0,False,False,1,32.212904566954215,2.1609128608714876,False,False,0.48784273653610266
C013228,33.36,Genie,Montreal,H2X,92471,13,11.7,0,Centre,0,False,False,1,35.229626561734136,5.177634855651409,False,False,0.5077542062164321
C010615,28.72,Sciences,Gaspesie-Iles-de-la-Madeleine,G0C,69448,16,203.2,1,Remote,0,False,False,1,31.021078845211242,0.969087139128515,False,False,0.4421102782362883
C000466,30.12,Arts et lettres,Montreal,H1A,78055,7,13.5,0,Centre,0,False,False,1,31.12672199477992,1.074730288697193,False,False,0.41351877224904593
C003426,27.94,Sante,Montreal,H4L,56543,8,27.2,0,Centre,0,False,False,0,29.090539422605623,-0.9614522834771044,False,False,0.39450204461061766
C007495,28.36,Sciences sociales,Capitale-Nationale,G2E,76812,5,8.2,1,Centre,0,False,False,0,29.07908713912851,-0.9729045669542167,False,False,0.4479378144657831
C005629,26.82,Genie,Capitale-Nationale,G1R,36485,11,3.9,1,Centre,0,False,False,0,28.40199170608273,-1.6499999999999986,False,False,0.4930804518103319
C002983,27.33,Genie,Cote-Nord,G0G,62107,19,157.1,0,Remote,0,False,False,1,30.06253112868835,0.01053942260562124,True,False,0.4748690968105864
C012391,34.31,Genie,Capitale-Nationale,G3A,129459,8,5.7,1,Centre,0,False,True,1,35.46053942260562,5.408547716522893,False,False,0.5547446441500316
C001752,27.45,Sciences,Montreal,H2X,122335,12,89.1,1,Centre,0,False,False,0,29.17580913390843,-0.8761825721742973,False,False,0.459654921485788
C000301,23.5,Sante,Capitale-Nationale,G1R,67093,11,14.4,0,Centre,0,False,False,0,25.08199170608273,-4.969999999999999,False,False,0.43351659622400057
C011394,26.05,Sciences sociales,Capitale-Nationale,G3A,40805,6,24.2,0,Centre,0,False,False,0,26.912904566954218,-3.1390871391285096,False,False,0.4478793340703996
C013875,35.22,Sciences,Capitale-Nationale,G3A,124142,9,23.1,0,Centre,0,False,False,1,36.51435685043132,6.462365144348592,False,False,0.5453025611751854
C002879,29.3,Arts et lettres,Montreal,H2X,126131,9,9.4,1,Centre,0,False,False,1,30.594356850431325,0.5423651443485973,False,False,0.44922631761665255
C011156,25.5,Genie,Montreal,H4L,71457,7,26.4,0,Centre,0,False,False,0,26.50672199477992,-3.545269711302808,False,False,0.4088461753281268
C010990,28.94,Genie,Capitale-Nationale,G2E,65584,10,31.2,0,Centre,0,False,False,1,30.378174278257028,0.32618257217430013,True,False,0.39038349450084103
C008565,28.19,Arts et lettres,Bas-Saint-Laurent,G5N,45956,11,324.4,0,Remote,0,False,False,0,29.77199170608273,-0.2799999999999976,True,False,0.4375622535213819
C002317,28.65,Genie,Cote-Nord,G0G,34257,5,90.9,0,Remote,0,False,False,0,29.36908713912851,-0.6829045669542175,False,False,0.5015501111583615
C008665,27.77,Sciences,Montreal,H4L,70307,9,11.3,0,Centre,0,False,False,0,29.064356850431324,-0.9876348556514039,False,False,0.39620380394602117
C003486,26.24,Arts et lettres,Capitale-Nationale,G2E,40797,4,7.3,0,Centre,0,False,False,0,26.815269711302808,-3.23672199477992,False,False,0.5216620476093438
C002506,29.72,Sciences,Montreal,H3T,28016,10,9.6,1,Centre,0,False,False,1,31.158174278257025,1.1061825721742977,False,False,0.49432284548079247
C002457,31.03,Sciences sociales,Capitale-Nationale,G3A,82560,6,21.7,0,Centre,0,False,False,1,31.89290456695422,1.8409128608714909,False,False,0.43319395468898636
C013414,28.8,Genie,Montreal,H8N,183087,11,24.9,0,Centre,0,False,False,1,30.38199170608273,0.33000000000000185,True,False,0.5122933508476428
C007214,30.43,Sante,Bas-Saint-Laurent,G5N,108027,12,250.7,0,Remote,0,False,False,1,32.155809133908434,2.1038174278257067,False,False,0.47449040778430035
C001246,22.28,Genie,Gaspesie-Iles-de-la-Madeleine,G0C,35154,17,141.9,0,Remote,0,False,False,0,24.724896273036947,-5.3270954330457805,False,False,0.5276895553630326
C002371,24.92,Sante,Montreal,H4L,89086,13,9.0,0,Centre,0,False,False,0,26.789626561734135,-3.2623651443485926,False,False,0.45351870957189394
C010389,26.66,Arts et lettres,Bas-Saint-Laurent,G0L,27792,15,118.6,0,Remote,0,False,False,0,28.817261417385538,-1.2347302886971896,False,False,0.47334171991376567
C008163,20.42,Sciences sociales,Montreal,H4L,46232,11,11.6,0,Centre,0,False,False,0,22.00199170608273,-8.049999999999997,False,False,0.5365357199504934
C007345,32.71,Sante,Montreal,H8N,111274,9,27.9,0,Centre,0,False,False,1,34.00435685043132,3.952365144348594,False,False,0.4787836633529327
C000276,30.14,Genie,Montreal,H3T,78852,8,16.4,1,Centre,0,False,False,1,31.290539422605622,1.2385477165228949,False,False,0.402253054677089
C002076,26.67,Sante,Cote-Nord,G4R,47286,12,336.3,1,Remote,0,False,False,0,28.395809133908433,-1.6561825721742949,False,False,0.43802611028983807
C011324,22.88,Genie,Capitale-Nationale,G2E,81382,10,23.6,1,Centre,0,False,False,0,24.318174278257025,-5.733817427825702,False,False,0.43892024746710495
C005958,28.53,Sciences,Capitale-Nationale,G1V,126676,16,4.6,1,Centre,0,False,False,1,30.831078845211245,0.7790871391285172,False,False,0.5440040817913796
C001826,19.98,Sciences,Cote-Nord,G0G,41292,12,68.3,0,Remote,0,False,False,0,21.70580913390843,-8.346182572174296,False,False,0.5466524303955032
C001266,27.31,Arts et lettres,Cote-Nord,G0G,61724,13,161.4,1,Remote,0,False,False,0,29.179626561734132,-0.8723651443485956,False,False,0.4102001042313994
C004083,24.19,Sante,Capitale-Nationale,G1V,68002,11,24.0,1,Centre,0,False,False,0,25.77199170608273,-4.279999999999998,False,False,0.4195575893590282
C006979,31.19,Sante,Montreal,H2X,75508,9,13.5,0,Centre,0,False,False,1,32.484356850431325,2.432365144348598,False,False,0.41932826387405203
C005785,32.24,Genie,Montreal,H3T,97570,11,12.6,1,Centre,0,False,False,1,33.821991706082734,3.7700000000000067,False,False,0.4619162926437948
C003567,21.66,Sciences sociales,Gaspesie-Iles-de-la-Madeleine,G4X,49507,20,294.7,1,Remote,0,False,True,0,24.536348556514053,-5.515643149568675,False,False,0.5701347997528144
C013781,26.41,Arts et lettres,Montreal,H4L,23796,12,26.2,1,Centre,0,False,False,0,28.13580913390843,-1.9161825721742964,False,False,0.4950315993350605
C007715,28.43,Genie,Bas-Saint-Laurent,G5L,61620,13,187.4,0,Remote,0,False,False,1,30.299626561734133,0.24763485565140542,True,False,0.4147825466380422
C013040,28.39,Sciences,Montreal,H3T,38429,10,3.6,1,Centre,0,False,False,0,29.828174278257027,-0.22381742782570058,True,False,0.480915735271827
C012623,27.62,Sante,Gaspesie-Iles-de-la-Madeleine,G0C,84097,11,343.8,0,Remote,0,False,False,0,29.20199170608273,-0.8499999999999979,False,False,0.45098327818359046
C004835,30.77,Genie,Cote-Nord,G4R,257517,10,359.5,1,Remote,-1,True,True,1,32.208174278257026,2.1561825721742984,False,False,0.5919994997682091
C013859,32.41,Genie,Gaspesie-Iles-de-la-Madeleine,G5C,56323,9,242.2,1,Remote,0,False,False,1,33.70435685043132,3.6523651443485896,False,False,0.473681518935381
C011223,31.63,Arts et lettres,Montreal,H1A,103594,9,9.7,1,Centre,0,False,False,1,32.92435685043132,2.8723651443485956,False,False,0.4569603009481331
C005729,29.47,Sciences,Bas-Saint-Laurent,G5N,40975,12,518.7,1,Remote,0,False,False,1,31.19580913390843,1.1438174278257023,False,False,0.5043117778768809
C004349,22.48,Sciences sociales,Bas-Saint-Laurent,G5N,43327,14,117.0,1,Remote,0,False,False,0,24.493443989559836,-5.558547716522892,False,False,0.4804076903398586
C008319,29.7,Arts et lettres,Bas-Saint-Laurent,G0L,57020,7,70.1,0,Remote,0,False,False,1,30.70672199477992,0.6547302886971913,False,False,0.4287754343148139
C009923,26.4,Sciences,Capitale-Nationale,G2E,23382,5,33.4,0,Centre,0,False,False,0,27.11908713912851,-2.9329045669542175,False,False,0.5322104975948444
C010461,26.62,Sante,Montreal,H3T,74465,2,15.8,1,Centre,0,False,False,0,26.907634855651406,-3.144356850431322,False,False,0.5129943062622819
C013322,24.17,Sciences,Montreal,H3T,72277,10,8.9,0,Centre,0,False,False,0,25.608174278257028,-4.443817427825699,False,False,0.43704862987608734
C012118,27.58,Sciences,Montreal,H2X,39191,10,30.8,0,Centre,0,False,False,0,29.018174278257025,-1.0338174278257029,False,False,0.41783041678228056
C007595,31.9,Arts et lettres,Gaspesie-Iles-de-la-Madeleine,G0C,21436,13,221.5,1,Remote,0,False,False,1,33.769626561734135,3.717634855651408,False,False,0.5374335541491962
C010263,26.39,Genie,Cote-Nord,G4R,45600,15,131.9,0,Remote,0,False,False,0,28.547261417385542,-1.5047302886971856,False,False,0.4334002457101083
C000562,29.17,Sciences sociales,Cote-Nord,G5B,26927,15,496.9,1,Remote,0,False,False,1,31.327261417385543,1.2752697113028155,False,False,0.5378758374271878
C012132,30.09,Sciences,Montreal,H4L,58006,8,8.4,1,Centre,0,False,False,1,31.24053942260562,1.1885477165228941,False,False,0.4219866555865496
C010709,23.33,Sciences,Bas-Saint-Laurent,G5L,72873,10,231.2,0,Remote,0,False,False,0,24.768174278257025,-5.283817427825703,False,False,0.46963389934842
C011734,23.68,Genie,Gaspesie-Iles-de-la-Madeleine,G0C,71258,15,297.4,1,Remote,0,False,False,0,25.83726141738554,-4.2147302886971865,False,False,0.4775936587462821
C001625,22.65,Sciences,Bas-Saint-Laurent,G0L,85595,12,348.8,0,Remote,0,False,False,0,24.37580913390843,-5.676182572174298,False,False,0.5083500445175695
C008866,22.94,Genie,Cote-Nord,G5B,165234,9,111.6,1,Remote,0,False,True,0,24.234356850431325,-5.817634855651402,False,False,0.5503413822804182
C013408,29.81,Sante,Montreal,H2X,96396,11,5.2,0,Centre,0,False,False,1,31.391991706082727,1.3399999999999999,False,False,0.44715064761641327
C006271,29.23,Genie,Gaspesie-Iles-de-la-Madeleine,G5C,62160,10,236.0,0,Remote,0,False,False,1,30.668174278257027,0.6161825721742993,False,False,0.4223893496894969
C002744,24.46,Arts et lettres,Montreal,H3T,66950,5,58.3,1,Centre,0,False,False,0,25.179087139128512,-4.872904566954215,False,False,0.47268908984453023
C003028,30.94,Sciences,Montreal,H8N,52799,8,31.1,0,Centre,0,False,False,1,32.09053942260562,2.0385477165228956,False,False,0.41656519374215295
C009860,24.8,Sante,Montreal,H1A,127513,12,4.5,0,Centre,0,False,False,0,26.52580913390843,-3.526182572174296,False,False,0.5190171839872586
C006647,21.89,Sciences,Gaspesie-Iles-de-la-Madeleine,G0C,38726,21,226.3,1,Remote,0,False,True,0,24.910165984339756,-5.141825721742972,False,False,0.5812797734620363
C003851,25.74,Arts et lettres,Capitale-Nationale,G3A,71698,1,20.2,0,Centre,0,False,False,0,25.8838174278257,-4.168174278257027,False,False,0.5162438404999011
C007074,25.05,Arts et lettres,Bas-Saint-Laurent,G5N,45578,14,229.9,1,Remote,0,False,False,0,27.063443989559836,-2.9885477165228913,False,False,0.4333863651862011
C000508,28.59,Genie,Bas-Saint-Laurent,G5L,43322,14,263.9,1,Remote,0,False,False,1,30.603443989559835,0.5514522834771078,False,False,0.4339445076409169
C002243,24.91,Sante,Montreal,H1A,59959,4,3.9,1,Centre,0,False,False,0,25.48526971130281,-4.566721994779918,False,False,0.5179852671764095
C005640,27.67,Sante,Montreal,H1A,46997,7,38.7,0,Centre,0,False,False,0,28.67672199477992,-1.3752697113028063,False,False,0.4150981104663022
C011971,30.24,Genie,Montreal,H2X,93725,2,34.9,1,Centre,0,False,False,1,30.527634855651403,0.4756431495686755,True,False,0.5212860469953227
C008144,25.31,Genie,Capitale-Nationale,G1V,64631,8,24.4,1,Centre,0,False,False,0,26.46053942260562,-3.591452283477107,False,False,0.40045421899214945
C007857,30.37,Sciences,Montreal,H1A,52571,9,17.1,0,Centre,0,False,False,1,31.664356850431325,1.6123651443485976,False,False,0.4043027633628672
C010010,31.99,Sciences,Montreal,H3T,64460,10,22.5,1,Centre,0,False,False,1,33.428174278257025,3.3761825721742973,False,False,0.42420082457864206
C008050,31.17,Arts et lettres,Gaspesie-Iles-de-la-Madeleine,G5C,50584,12,148.1,0,Remote,0,False,False,1,32.895809133908436,2.8438174278257087,False,False,0.4363101547352014
C004873,32.38,Genie,Cote-Nord,G5B,67185,14,271.3,0,Remote,0,False,False,1,34.39344398955984,4.341452283477114,False,False,0.4836844079593257
C011648,29.75,Sante,Capitale-Nationale,G3A,86122,7,23.0,1,Centre,0,False,False,1,30.75672199477992,0.704730288697192,False,False,0.40498979736296176
C010935,30.36,Arts et lettres,Bas-Saint-Laurent,G5N,56937,13,137.6,1,Remote,0,False,False,1,32.229626561734136,2.1776348556514087,False,False,0.4284195040842021
C003160,30.12,Arts et lettres,Capitale-Nationale,G2E,119457,6,27.6,1,Centre,0,False,False,1,30.98290456695422,0.9309128608714907,False,False,0.45845241114503366
C006519,31.2,Sciences sociales,Gaspesie-Iles-de-la-Madeleine,G4X,113976,24,119.1,0,Remote,-1,True,True,1,34.651618267816865,4.599626561734137,False,False,0.6012246160154439
C003997,29.93,Sciences sociales,Capitale-Nationale,G1V,57030,8,10.5,1,Centre,0,False,False,1,31.08053942260562,1.028547716522894,False,False,0.4130255999519234
C000168,27.74,Arts et lettres,Bas-Saint-Laurent,G5L,39652,7,81.4,0,Remote,0,False,False,0,28.746721994779918,-1.3052697113028096,False,False,0.4443613038693348
C010647,26.04,Genie,Bas-Saint-Laurent,G5L,45670,11,123.4,0,Remote,0,False,False,0,27.621991706082728,-2.4299999999999997,False,False,0.4194354661256684
C002645,25.45,Sante,Capitale-Nationale,G2E,50421,10,32.5,0,Centre,0,False,False,0,26.888174278257026,-3.163817427825702,False,False,0.41227927761041744
C000657,30.26,Genie,Montreal,H2X,66589,8,12.1,0,Centre,0,False,False,1,31.410539422605623,1.3585477165228959,False,False,0.4046806245491871
C001515,27.23,Sciences,Montreal,H4L,119744,8,12.5,0,Centre,0,False,False,0,28.380539422605622,-1.6714522834771053,False,False,0.43160066488207116
C000511,26.34,Sciences sociales,Capitale-Nationale,G1V,64872,10,7.2,1,Centre,0,False,False,0,27.778174278257026,-2.2738174278257013,False,False,0.41937633453560086
C010400,27.75,Arts et lettres,Bas-Saint-Laurent,G5N,49356,11,61.9,0,Remote,0,False,False,0,29.33199170608273,-0.7199999999999989,False,False,0.41244928129050484
C008715,28.47,Sante,Montreal,H3T,81940,12,17.1,0,Centre,0,False,False,1,30.19580913390843,0.14381742782570228,True,False,0.4046718279286831
C008435,22.14,Genie,Montreal,H3T,57643,8,53.4,1,Centre,0,False,False,0,23.290539422605622,-6.761452283477105,False,False,0.48183135984334363
C001067,30.6,Genie,Montreal,H8N,50129,10,4.7,1,Centre,0,False,False,1,32.03817427825703,1.9861825721743038,False,False,0.45762970778364465
C009282,29.92,Genie,Capitale-Nationale,G2E,55291,7,29.4,0,Centre,0,False,False,1,30.92672199477992,0.8747302886971937,False,False,0.40982410135549735
C005426,26.57,Genie,Montreal,H8N,58775,17,5.5,0,Centre,0,False,False,0,29.014896273036946,-1.0370954330457813,False,False,0.5013843549858444
C002825,30.42,Sante,Gaspesie-Iles-de-la-Madeleine,G4X,84009,14,65.6,1,Remote,0,False,False,1,32.43344398955984,2.3814522834771132,False,False,0.4531063494398634
C013375,36.06,Sciences,Gaspesie-Iles-de-la-Madeleine,G4X,52835,19,196.7,1,Remote,-1,True,True,1,38.79253112868835,8.740539422605625,False,False,0.5916671959086918
C008425,22.71,Sciences sociales,Cote-Nord,G0G,52331,11,463.0,1,Remote,0,False,False,0,24.29199170608273,-5.759999999999998,False,False,0.5167081302376544
C001171,24.9,Sante,Montreal,H2X,83640,6,21.1,0,Centre,0,False,False,0,25.762904566954216,-4.289087139128512,False,False,0.4283686685329258
C006039,24.84,Sciences sociales,Montreal,H1A,40404,14,19.1,1,Centre,0,False,False,0,26.853443989559835,-3.198547716522892,False,False,0.4613317014864205
C007814,29.75,Genie,Bas-Saint-Laurent,G5N,32446,12,171.8,0,Remote,0,False,False,1,31.47580913390843,1.4238174278257034,False,False,0.4441577513175483
C007943,29.84,Sciences,Capitale-Nationale,G2E,101912,8,23.0,1,Centre,0,False,False,1,30.99053942260562,0.9385477165228941,False,False,0.4120829353652778
C002842,26.15,Genie,Capitale-Nationale,G1R,70062,11,30.4,1,Centre,0,False,False,0,27.731991706082727,-2.3200000000000003,False,False,0.40090625878422853
C006809,21.77,Genie,Montreal,H8N,83190,12,47.4,0,Centre,0,False,False,0,23.49580913390843,-6.556182572174297,False,False,0.4927482891269065
C013165,24.83,Genie,Gaspesie-Iles-de-la-Madeleine,G5C,74236,15,246.9,1,Remote,0,False,False,0,26.98726141738554,-3.064730288697188,False,False,0.4514294890528223
C001912,24.99,Sante,Cote-Nord,G0G,42835,10,381.5,0,Remote,0,False,False,0,26.428174278257025,-3.6238174278257027,False,False,0.47208320746168936
C006092,27.38,Sciences sociales,Gaspesie-Iles-de-la-Madeleine,G4X,73616,16,143.3,0,Remote,0,False,False,0,29.681078845211243,-0.3709128608714849,True,False,0.4404623943831053
C004140,28.83,Sciences,Gaspesie-Iles-de-la-Madeleine,G5C,49740,18,288.9,1,Remote,0,False,False,1,31.418713700862646,1.366721994779919,False,False,0.47719137282317026
C009445,35.28,Sante,Capitale-Nationale,G2E,99170,8,8.2,0,Centre,0,False,False,1,36.43053942260562,6.378547716522892,False,False,0.5374691324903333
C001133,27.83,Genie,Montreal,H8N,61398,5,13.6,0,Centre,0,False,False,0,28.54908713912851,-1.5029045669542178,False,False,0.4298137995700493
C008133,23.97,Sciences,Capitale-Nationale,G1R,54393,2,19.5,1,Centre,0,False,False,0,24.257634855651403,-5.794356850431324,False,False,0.5360573148596247
C009556,29.6,Genie,Montreal,H8N,75130,10,18.7,0,Centre,0,False,False,1,31.038174278257028,0.9861825721743003,False,False,0.3927534708112685
C009986,31.42,Sciences sociales,Capitale-Nationale,G3A,75997,4,7.7,0,Centre,0,False,False,1,31.99526971130281,1.9432780052200833,False,False,0.4987734062482457
C000443,25.47,Sciences sociales,Bas-Saint-Laurent,G0L,90695,15,214.8,1,Remote,0,False,False,0,27.62726141738554,-2.4247302886971873,False,False,0.4631203674893818
C012511,29.83,Sciences sociales,Cote-Nord,G4R,15078,14,312.1,0,Remote,0,False,True,1,31.843443989559834,1.7914522834771063,False,False,0.5589195138044059
C000109,26.5,Arts et lettres,Montreal,H1A,45410,11,16.2,0,Centre,0,False,False,0,28.08199170608273,-1.9699999999999989,False,False,0.41443925536804876
C003598,25.35,Sciences,Gaspesie-Iles-de-la-Madeleine,G4X,41536,13,59.4,1,Remote,0,False,False,0,27.219626561734135,-2.832365144348593,False,False,0.4417479475854137
C011461,26.53,Sciences,Montreal,H3T,76852,5,46.3,1,Centre,0,False,False,0,27.249087139128513,-2.802904566954215,False,False,0.45160059346020665
C001976,28.76,Sciences,Montreal,H8N,100109,8,43.3,0,Centre,0,False,False,0,29.910539422605623,-0.14145228347710415,True,False,0.41975343122195324
C006600,25.89,Genie,Cote-Nord,G5B,38053,14,58.3,0,Remote,0,False,False,0,27.903443989559836,-2.1485477165228914,False,False,0.4473477721482603
C008101,20.88,Arts et lettres,Bas-Saint-Laurent,G5N,42384,9,311.3,0,Remote,0,False,True,0,22.174356850431323,-7.877634855651404,False,False,0.5504581447040421
C001253,30.23,Sciences sociales,Montreal,H4L,58931,12,20.4,0,Centre,0,False,False,1,31.95580913390843,1.9038174278257038,False,False,0.40712903858286664
C009427,28.83,Sante,Montreal,H8N,57200,6,15.0,0,Centre,0,False,False,0,29.692904566954216,-0.359087139128512,True,False,0.4173927183479618
C008726,26.7,Sciences,Bas-Saint-Laurent,G5N,31136,10,410.0,0,Remote,0,False,False,0,28.138174278257026,-1.9138174278257019,False,False,0.4872802691457924
C000542,22.35,Genie,Gaspesie-Iles-de-la-Madeleine,G4X,76472,13,144.1,0,Remote,0,False,False,0,24.219626561734135,-5.832365144348593,False,False,0.48412157645767545
C010042,29.61,Arts et lettres,Montreal,H8N,80775,10,14.1,1,Centre,0,False,False,1,31.048174278257026,0.9961825721742983,False,False,0.3983067044647052
C008709,28.26,Sciences sociales,Capitale-Nationale,G2E,61376,4,15.6,0,Centre,0,False,False,0,28.83526971130281,-1.2167219947799168,False,False,0.45273275417276215
C007789,28.11,Sciences,Gaspesie-Iles-de-la-Madeleine,G5C,21531,9,181.9,0,Remote,0,False,False,0,29.404356850431324,-0.647634855651404,False,False,0.49742907380807583
C013936,33.59,Sante,Bas-Saint-Laurent,G0L,49968,11,291.9,1,Remote,0,False,False,1,35.171991706082736,5.120000000000008,False,False,0.5050897945339159
C010946,24.08,Sciences sociales,Gaspesie-Iles-de-la-Madeleine,G4X,103616,13,103.0,0,Remote,0,False,False,0,25.94962656173413,-4.102365144348596,False,False,0.4689995280062551
C013287,24.86,Genie,Cote-Nord,G0G,57829,14,141.8,0,Remote,0,False,False,0,26.873443989559835,-3.1785477165228926,False,False,0.43241244732261297
C010467,29.65,Sciences sociales,Cote-Nord,G5B,84706,12,154.7,1,Remote,0,False,False,1,31.37580913390843,1.323817427825702,False,False,0.43289400067684786
C010924,29.12,Arts et lettres,Cote-Nord,G5B,48079,8,152.7,1,Remote,0,False,False,1,30.270539422605623,0.21854771652289529,True,False,0.43049301531431183
C006739,34.98,Genie,Capitale-Nationale,G2E,46087,11,49.3,0,Centre,0,False,False,1,36.56199170608273,6.510000000000002,False,False,0.5234616243827629
C012046,30.71,Sciences,Montreal,H8N,146337,8,18.8,0,Centre,0,False,False,1,31.860539422605623,1.8085477165228951,False,False,0.4663536889853993
C000457,28.17,Sante,Capitale-Nationale,G3A,30256,8,17.0,0,Centre,0,False,False,0,29.320539422605624,-0.731452283477104,False,False,0.45160915970311377
C005811,27.75,Sante,Gaspesie-Iles-de-la-Madeleine,G0C,49872,13,241.6,1,Remote,0,False,False,0,29.619626561734133,-0.4323651443485943,True,False,0.41539302758716484
C005696,27.33,Sante,Montreal,H4L,39780,7,21.2,0,Centre,0,False,False,0,28.336721994779918,-1.7152697113028097,False,False,0.4246466133559994
C007896,26.37,Genie,Capitale-Nationale,G3A,115796,8,6.7,0,Centre,0,False,False,0,27.520539422605623,-2.5314522834771047,False,False,0.45359179687185136
C001120,23.82,Genie,Cote-Nord,G5B,13236,16,197.0,0,Remote,-1,True,True,0,26.121078845211244,-3.9309128608714836,False,False,0.5849701888348964
C007268,25.45,Sciences,Montreal,H2X,62401,11,19.4,0,Centre,0,False,False,0,27.031991706082728,-3.0199999999999996,False,False,0.4041602979662879
C010210,29.69,Sciences,Montreal,H1A,69986,7,11.0,0,Centre,0,False,False,1,30.69672199477992,0.6447302886971933,False,False,0.4089398582172452
C010217,24.86,Sciences sociales,Cote-Nord,G4R,64125,13,127.8,0,Remote,0,False,False,0,26.729626561734133,-3.322365144348595,False,False,0.4272731550518914
C008976,30.01,Genie,Gaspesie-Iles-de-la-Madeleine,G5C,57024,10,198.9,1,Remote,0,False,False,1,31.448174278257028,1.3961825721743004,False,False,0.4271682167518707
C006487,26.52,Genie,Montreal,H3T,105496,4,16.1,0,Centre,0,False,False,0,27.09526971130281,-2.956721994779919,False,False,0.4780201591859187
C005211,27.9,Sciences sociales,Montreal,H4L,53305,9,20.3,0,Centre,0,False,False,0,29.194356850431323,-0.8576348556514048,False,False,0.392211579029452
C011515,31.1,Sciences sociales,Capitale-Nationale,G3A,126041,14,19.4,0,Centre,0,False,False,1,33.11344398955984,3.061452283477113,False,False,0.49922983522648634
C008492,28.65,Sante,Cote-Nord,G5B,33887,10,98.8,1,Remote,0,False,False,1,30.088174278257025,0.036182572174297434,True,False,0.4412623291405241
C004354,30.76,Arts et lettres,Montreal,H3T,62877,11,25.3,1,Centre,0,False,False,1,32.34199170608273,2.2900000000000027,False,False,0.40710096959744124
C008536,30.14,Sciences sociales,Bas-Saint-Laurent,G0L,34770,10,75.1,0,Remote,0,False,False,1,31.578174278257027,1.5261825721742994,False,False,0.4526713034408407
C003003,26.51,Genie,Capitale-Nationale,G3A,82305,10,17.9,0,Centre,0,False,False,0,27.948174278257028,-2.1038174278256996,False,False,0.39745766953907474
C011494,25.72,Sciences,Montreal,H4L,63960,14,32.2,0,Centre,0,False,False,0,27.733443989559834,-2.318547716522893,False,False,0.424168026082771
C012313,28.66,Sciences,Bas-Saint-Laurent,G5L,30442,14,380.5,0,Remote,0,False,False,1,30.673443989559836,0.6214522834771081,False,False,0.486635006561921
C011416,28.25,Sciences sociales,Capitale-Nationale,G2E,49594,14,15.3,1,Centre,0,False,False,1,30.263443989559836,0.21145228347710798,True,False,0.43343920931038815
C011351,29.0,Arts et lettres,Cote-Nord,G0G,36468,22,134.3,1,Remote,0,False,False,1,32.16398341216546,2.11199170608273,False,False,0.5436819296254619
C004111,25.72,Sciences,Montreal,H2X,66502,10,7.0,1,Centre,0,False,False,0,27.158174278257025,-2.8938174278257023,False,False,0.42545226925868584
C002216,25.82,Sciences,Cote-Nord,G4R,92430,16,85.6,0,Remote,0,False,False,0,28.121078845211244,-1.9309128608714836,False,False,0.4706430490716739
C012184,31.62,Sciences,Montreal,H8N,81321,10,41.5,0,Centre,0,False,False,1,33.05817427825703,3.0061825721743,False,False,0.4329399289324228
C000467,19.92,Arts et lettres,Cote-Nord,G5B,50983,13,96.8,0,Remote,0,False,False,0,21.789626561734135,-8.262365144348593,False,False,0.5394157992728219
C010245,29.18,Sciences,Bas-Saint-Laurent,G0L,32800,20,358.5,0,Remote,0,False,False,1,32.05634855651405,2.004356850431325,False,False,0.5458970187300014
C012467,34.22,Sciences sociales,Cote-Nord,G4R,125014,11,65.3,1,Remote,-1,True,False,1,35.80199170608273,5.7500000000000036,False,False,0.5432835922374069
C009568,23.7,Sciences sociales,Bas-Saint-Laurent,G5N,25799,11,361.3,0,Remote,0,False,False,0,25.281991706082728,-4.77,False,False,0.5352176526557545
C006040,28.98,Arts et lettres,Cote-Nord,G4R,59743,15,99.7,0,Remote,0,False,False,1,31.137261417385538,1.0852697113028107,False,False,0.43586195570224506
C011063,27.68,Genie,Capitale-Nationale,G3A,80590,10,28.1,0,Centre,0,False,False,0,29.118174278257026,-0.9338174278257014,False,False,0.39118847553725145
C006411,28.56,Sante,Capitale-Nationale,G2E,76236,8,35.5,0,Centre,0,False,False,0,29.71053942260562,-0.341452283477107,True,False,0.39621597584666124
C010767,24.64,Arts et lettres,Gaspesie-Iles-de-la-Madeleine,G5C,59132,12,51.0,0,Remote,0,False,False,0,26.36580913390843,-3.686182572174296,False,False,0.4285079581268791
C003818,33.26,Arts et lettres,Capitale-Nationale,G1R,76332,5,16.5,0,Centre,0,False,False,1,33.97908713912851,3.927095433045782,False,False,0.5016361098339545
C008699,27.06,Sciences,Cote-Nord,G5B,73869,13,523.9,1,Remote,0,False,False,0,28.929626561734132,-1.1223651443485956,False,False,0.4886644630518833
C004777,19.59,Sante,Bas-Saint-Laurent,G0L,80174,9,144.8,1,Remote,0,False,True,0,20.884356850431324,-9.167634855651404,False,False,0.5562975405645064
C003621,29.03,Arts et lettres,Bas-Saint-Laurent,G5N,43699,9,327.2,1,Remote,0,False,False,1,30.324356850431325,0.2723651443485977,True,False,0.4614397936376795
C006657,35.9,Sciences sociales,Capitale-Nationale,G3A,56100,12,15.0,0,Centre,0,False,False,1,37.62580913390843,7.5738174278257056,False,False,0.5347820633921213
C001464,26.14,Sciences,Capitale-Nationale,G1V,136510,9,34.1,0,Centre,0,False,False,0,27.434356850431325,-2.617634855651403,False,False,0.44860759452903265
C004797,28.35,Arts et lettres,Bas-Saint-Laurent,G0L,71288,16,56.2,0,Remote,0,False,False,1,30.651078845211245,0.5990871391285175,False,False,0.44781890564587984
C013073,26.46,Sciences sociales,Montreal,H1A,62193,13,18.3,0,Centre,0,False,False,0,28.329626561734134,-1.7223651443485934,False,False,0.4154244313120616
C009263,25.06,Genie,Gaspesie-Iles-de-la-Madeleine,G4X,49073,10,239.4,1,Remote,0,False,False,0,26.498174278257025,-3.5538174278257024,False,False,0.434800061395983
C008678,30.38,Sciences,Bas-Saint-Laurent,G5N,40264,12,676.5,0,Remote,0,False,False,1,32.10580913390843,2.0538174278257024,False,False,0.5196047246617839
C006544,31.8,Sciences,Montreal,H1A,62166,7,22.1,1,Centre,0,False,False,1,32.80672199477992,2.7547302886971927,False,False,0.4308525510044316
C011603,24.82,Sciences sociales,Montreal,H2X,40140,13,13.0,0,Centre,0,False,False,0,26.689626561734134,-3.362365144348594,False,False,0.4651118977417233
C008524,29.76,Sante,Montreal,H4L,119024,12,20.7,0,Centre,0,False,False,1,31.485809133908432,1.433817427825705,False,False,0.4403813211762775
C008986,30.39,Sante,Gaspesie-Iles-de-la-Madeleine,G0C,40566,17,328.7,0,Remote,0,False,False,1,32.83489627303695,2.782904566954219,False,False,0.4925556889544883
C008571,29.45,Sciences sociales,Capitale-Nationale,G1V,104179,11,16.6,0,Centre,0,False,False,1,31.031991706082728,0.9800000000000004,False,False,0.4162298353588123
C000962,24.78,Sciences sociales,Gaspesie-Iles-de-la-Madeleine,G0C,71119,11,304.5,0,Remote,0,False,False,0,26.36199170608273,-3.6899999999999977,False,False,0.4468703144937389
C000582,28.35,Arts et lettres,Cote-Nord,G4R,48795,14,223.0,1,Remote,0,False,False,1,30.363443989559837,0.3114522834771094,True,False,0.4200931951343795
C002800,27.35,Sciences,Cote-Nord,G5B,128699,15,272.6,1,Remote,0,False,False,0,29.507261417385543,-0.5447302886971848,False,False,0.5081617426016212
C002114,29.78,Genie,Bas-Saint-Laurent,G0L,30390,18,303.6,0,Remote,0,False,False,1,32.36871370086265,2.316721994779922,False,False,0.5192169976977633
C007313,21.7,Sciences,Cote-Nord,G0G,41811,11,127.6,0,Remote,0,False,False,0,23.281991706082728,-6.77,False,False,0.49948535368667824
C011371,28.38,Genie,Capitale-Nationale,G2E,132523,5,3.3,0,Centre,0,False,False,0,29.099087139128514,-0.9529045669542135,False,False,0.5283533283912929
C003099,28.69,Genie,Montreal,H4L,66126,19,22.3,0,Centre,0,False,False,1,31.42253112868835,1.3705394226056242,False,False,0.48866321832407555
C011032,26.65,Sciences,Bas-Saint-Laurent,G5N,76000,12,151.7,1,Remote,0,False,False,0,28.37580913390843,-1.676182572174298,False,False,0.41860177429817
C012395,26.76,Sante,Montreal,H1A,75915,4,14.0,1,Centre,0,False,False,0,27.33526971130281,-2.716721994779917,False,False,0.45830809569888953
C005623,29.39,Arts et lettres,Capitale-Nationale,G1V,131573,6,20.7,0,Centre,0,False,False,1,30.252904566954218,0.2009128608714903,True,False,0.4598796293565147
C005555,27.29,Genie,Montreal,H1A,88381,6,26.5,1,Centre,0,False,False,0,28.152904566954216,-1.8990871391285111,False,False,0.41474259234561894
C012059,25.49,Genie,Montreal,H2X,38764,12,6.4,0,Centre,0,False,False,0,27.21580913390843,-2.836182572174298,False,False,0.4764410398415273
C004357,25.21,Sante,Bas-Saint-Laurent,G5N,65426,9,111.7,1,Remote,0,False,False,0,26.504356850431325,-3.5476348556514026,False,False,0.4277112283297974
C005445,25.71,Sciences,Gaspesie-Iles-de-la-Madeleine,G5C,82650,12,95.2,1,Remote,0,False,False,0,27.435809133908432,-2.6161825721742957,False,False,0.4307931632971828
C012360,27.06,Sciences sociales,Bas-Saint-Laurent,G0L,52139,9,223.1,1,Remote,0,False,False,0,28.354356850431323,-1.6976348556514047,False,False,0.42390662130943085
C004800,28.09,Sciences sociales,Gaspesie-Iles-de-la-Madeleine,G5C,70538,12,151.3,0,Remote,0,False,False,0,29.81580913390843,-0.23618257217429672,True,False,0.4112831345365669
C006429,29.12,Genie,Gaspesie-Iles-de-la-Madeleine,G0C,37840,20,239.3,1,Remote,0,False,False,1,31.996348556514054,1.9443568504313262,False,False,0.5138191428257725
C013480,26.55,Sciences,Bas-Saint-Laurent,G5L,76485,5,84.2,0,Remote,0,False,False,0,27.269087139128516,-2.782904566954212,False,False,0.4673346304887128
C011361,26.17,Sciences,Bas-Saint-Laurent,G0L,30094,12,267.6,0,Remote,0,False,False,0,27.895809133908433,-2.156182572174295,False,False,0.45937558937972744
C000383,25.77,Sciences sociales,Montreal,H1A,82165,10,6.6,0,Centre,0,False,False,0,27.208174278257026,-2.8438174278257016,False,False,0.4298502869278485
C009679,26.65,Sciences sociales,Montreal,H2X,40956,12,9.4,0,Centre,0,False,False,0,28.37580913390843,-1.676182572174298,False,False,0.4497175860097079
C012361,31.06,Sciences,Bas-Saint-Laurent,G5L,75028,8,186.8,0,Remote,0,False,False,1,32.21053942260562,2.158547716522893,False,False,0.4574462123615776
C010297,27.8,Genie,Bas-Saint-Laurent,G5L,61453,12,153.8,1,Remote,0,False,False,0,29.52580913390843,-0.5261825721742959,False,False,0.40808076804222515
C001663,29.05,Sciences sociales,Montreal,H8N,122083,8,21.2,1,Centre,0,False,False,1,30.200539422605623,0.148547716522895,True,False,0.42715313256345067
C004293,27.63,Sciences,Capitale-Nationale,G1V,40527,15,32.2,0,Centre,0,False,False,0,29.787261417385537,-0.26473028869719073,True,False,0.4480943273840752
C010176,27.83,Sciences sociales,Montreal,H4L,51950,8,9.4,0,Centre,0,False,False,0,28.98053942260562,-1.0714522834771074,False,False,0.41605483645777724
C007151,27.9,Sciences,Capitale-Nationale,G3A,108796,17,4.2,1,Centre,-1,True,False,1,30.344896273036944,0.29290456695421696,True,False,0.5339056972277766
C003857,29.52,Sciences,Montreal,H4L,19451,8,10.8,1,Centre,-1,True,False,1,30.67053942260562,0.6185477165228939,False,False,0.5237544775976639
C003126,28.87,Sciences,Gaspesie-Iles-de-la-Madeleine,G4X,160544,21,285.2,1,Remote,-1,True,True,1,31.890165984339756,1.8381742782570285,False,False,0.6077684112526972
C013159,28.11,Genie,Montreal,H3T,48880,9,38.3,0,Centre,0,False,False,0,29.404356850431324,-0.647634855651404,False,False,0.4039722660645714
C008768,28.03,Arts et lettres,Gaspesie-Iles-de-la-Madeleine,G4X,47510,10,209.3,0,Remote,0,False,False,0,29.468174278257028,-0.5838174278257,False,False,0.4182720171849125
C012359,27.6,Genie,Montreal,H1A,94369,11,9.9,0,Centre,0,False,False,0,29.18199170608273,-0.8699999999999974,False,False,0.42171417502097214
C013616,29.65,Arts et lettres,Gaspesie-Iles-de-la-Madeleine,G4X,47385,15,190.8,1,Remote,0,False,False,1,31.80726141738554,1.7552697113028124,False,False,0.43881281871112127
C000652,35.02,Genie,Gaspesie-Iles-de-la-Madeleine,G5C,39975,8,275.1,0,Remote,-1,True,True,1,36.17053942260562,6.118547716522894,False,False,0.5721645602648873
C001425,26.56,Genie,Cote-Nord,G0G,35289,21,156.1,0,Remote,0,False,False,0,29.580165984339754,-0.47182572174297377,True,False,0.5245848375683092
C006860,24.33,Sciences,Bas-Saint-Laurent,G5N,72402,15,529.3,0,Remote,0,False,False,0,26.48726141738554,-3.564730288697188,False,False,0.5181121582891038
C002091,29.4,Sciences sociales,Montreal,H8N,114035,15,13.1,0,Centre,0,False,False,1,31.55726141738554,1.5052697113028124,False,False,0.48453281319130986
C012328,31.9,Sciences,Montreal,H2X,59124,7,16.0,0,Centre,0,False,False,1,32.906721994779915,2.854730288697187,False,False,0.4388943200909719
C008627,25.63,Arts et lettres,Montreal,H4L,94368,8,12.2,1,Centre,0,False,False,0,26.78053942260562,-3.2714522834771067,False,False,0.41359386959275607
C000114,29.67,Sante,Montreal,H4L,66053,6,50.4,0,Centre,0,False,False,1,30.53290456695422,0.48091286087149143,True,False,0.4374493439788302
C007779,27.82,Sciences,Montreal,H8N,102364,13,4.2,1,Centre,0,False,False,0,29.689626561734134,-0.362365144348594,True,False,0.4797701332724708
C004259,24.12,Sante,Bas-Saint-Laurent,G5L,62583,13,265.3,1,Remote,0,False,False,0,25.989626561734134,-4.062365144348593,False,False,0.4504214461210119
C013802,23.62,Arts et lettres,Cote-Nord,G5B,24276,10,164.9,1,Remote,0,False,False,0,25.058174278257027,-4.9938174278257,False,False,0.5202922246511487
C005933,22.35,Sciences,Gaspesie-Iles-de-la-Madeleine,G5C,24213,16,135.2,1,Remote,0,False,True,0,24.651078845211245,-5.4009128608714825,False,False,0.563872957352184
C007922,31.53,Sante,Bas-Saint-Laurent,G5L,188227,20,121.0,0,Remote,-1,True,True,1,34.406348556514054,4.354356850431326,False,False,0.6191208082559426
C013784,28.34,Sciences sociales,Montreal,H8N,78298,12,9.8,0,Centre,0,False,False,1,30.06580913390843,0.013817427825703277,True,False,0.4162625186571624
C002673,27.16,Sciences,Gaspesie-Iles-de-la-Madeleine,G4X,70734,10,157.2,0,Remote,0,False,False,0,28.598174278257027,-1.453817427825701,False,False,0.415510056039336
C012077,29.12,Genie,Capitale-Nationale,G2E,94270,5,19.3,1,Centre,0,False,False,0,29.839087139128516,-0.21290456695421156,True,False,0.43911464921614285
C012571,26.5,Sciences,Montreal,H3T,37791,5,23.7,0,Centre,0,False,False,0,27.21908713912851,-2.832904566954216,False,False,0.472709932965521
C006763,28.72,Sciences,Capitale-Nationale,G3A,58605,5,13.8,0,Centre,0,False,False,0,29.43908713912851,-0.6129045669542172,False,False,0.43192746240949953
C013012,30.66,Genie,Montreal,H4L,143650,6,63.1,0,Centre,0,False,False,1,31.522904566954217,1.4709128608714899,False,False,0.5091477011244273
C013454,24.17,Sante,Montreal,H4L,70544,11,4.9,0,Centre,0,False,False,0,25.75199170608273,-4.299999999999997,False,False,0.46255395155990053
C009489,30.49,Sciences,Montreal,H2X,70064,11,14.2,0,Centre,0,False,False,1,32.07199170608273,2.0199999999999996,False,False,0.4075475751456442
C001421,29.61,Arts et lettres,Cote-Nord,G5B,39670,8,143.6,0,Remote,0,False,False,1,30.76053942260562,0.7085477165228937,False,False,0.4458005541805657
C005760,27.13,Sciences,Capitale-Nationale,G1R,52570,10,20.6,0,Centre,0,False,False,0,28.568174278257025,-1.4838174278257021,False,False,0.3939721176208053
C001675,31.17,Arts et lettres,Cote-Nord,G4R,22170,12,111.4,0,Remote,0,False,False,1,32.895809133908436,2.8438174278257087,False,False,0.5164848891069973
C001028,26.46,Arts et lettres,Bas-Saint-Laurent,G0L,78467,15,332.1,1,Remote,0,False,False,0,28.617261417385542,-1.4347302886971853,False,False,0.4568932712095395
C006602,25.09,Sciences,Cote-Nord,G5B,58825,17,84.1,1,Remote,0,False,False,0,27.534896273036946,-2.5170954330457818,False,False,0.4678577956749369
C004491,29.82,Sciences sociales,Cote-Nord,G0G,47738,10,211.2,0,Remote,0,False,False,1,31.258174278257027,1.2061825721742991,False,False,0.4286662763208008
C002315,26.31,Sante,Cote-Nord,G5B,37184,13,259.0,1,Remote,0,False,False,0,28.179626561734132,-1.8723651443485956,False,False,0.4342509883335674
C003978,28.21,Arts et lettres,Bas-Saint-Laurent,G5L,42560,16,84.9,0,Remote,0,False,False,1,30.511078845211244,0.45908713912851695,True,False,0.45037266568807094
C011744,29.22,Arts et lettres,Cote-Nord,G4R,77645,21,58.6,0,Remote,0,False,False,1,32.240165984339754,2.1881742782570264,False,False,0.5285819935243923
C001286,30.96,Genie,Montreal,H4L,110319,8,13.3,0,Centre,0,False,False,1,32.11053942260562,2.0585477165228916,False,False,0.4451778327313716
C002070,28.31,Arts et lettres,Capitale-Nationale,G1V,42211,6,15.1,0,Centre,0,False,False,0,29.172904566954216,-0.8790871391285116,False,False,0.4398770319747494
C011965,29.76,Genie,Montreal,H8N,92608,10,11.3,0,Centre,0,False,False,1,31.198174278257028,1.1461825721743004,False,False,0.4114701740616958
C000690,28.43,Genie,Capitale-Nationale,G1R,61508,10,9.8,0,Centre,0,False,False,0,29.868174278257026,-0.18381742782570143,True,False,0.4052035589341222
C009413,26.78,Genie,Bas-Saint-Laurent,G5L,48913,13,430.2,0,Remote,0,False,False,0,28.649626561734134,-1.4023651443485932,False,False,0.46392442830088987
C012876,27.07,Genie,Cote-Nord,G5B,84176,14,186.0,1,Remote,0,False,False,0,29.083443989559836,-0.9685477165228917,False,False,0.43589048814812303
C007984,27.25,Genie,Montreal,H4L,43794,7,20.6,0,Centre,0,False,False,0,28.25672199477992,-1.795269711302808,False,False,0.4179482064071178
C013838,23.15,Sante,Montreal,H1A,66884,8,8.5,0,Centre,0,False,False,0,24.30053942260562,-5.751452283477107,False,False,0.44960955960338517
C009161,29.58,Genie,Gaspesie-Iles-de-la-Madeleine,G4X,76019,11,84.5,0,Remote,0,False,False,1,31.161991706082727,1.1099999999999994,False,False,0.4191149118324267
C003074,22.24,Arts et lettres,Cote-Nord,G5B,39966,13,321.5,0,Remote,0,False,False,0,24.10962656173413,-5.942365144348596,False,False,0.5072918162327714
C005482,24.75,Sante,Capitale-Nationale,G2E,49601,11,18.4,1,Centre,0,False,False,0,26.33199170608273,-3.719999999999999,False,False,0.42435907182799915
C005793,26.84,Arts et lettres,Bas-Saint-Laurent,G5L,23169,9,161.0,0,Remote,0,False,False,0,28.134356850431324,-1.9176348556514036,False,False,0.4933888851543666
C002727,31.85,Genie,Gaspesie-Iles-de-la-Madeleine,G5C,40623,15,196.1,1,Remote,0,False,False,1,34.00726141738554,3.9552697113028152,False,False,0.47853165063608677
C009580,24.13,Sciences sociales,Capitale-Nationale,G1R,60189,7,11.5,0,Centre,0,False,False,0,25.13672199477992,-4.915269711302809,False,False,0.4347709048582224
C013173,25.17,Arts et lettres,Cote-Nord,G5B,45363,14,248.5,1,Remote,0,False,False,0,27.183443989559837,-2.8685477165228903,False,False,0.43408672696756695
C006504,26.74,Genie,Cote-Nord,G5B,40009,12,397.2,0,Remote,0,False,False,0,28.46580913390843,-1.5861825721742981,False,False,0.4589754205409639
C013743,27.92,Sciences,Cote-Nord,G5B,91994,18,269.1,1,Remote,0,False,False,1,30.50871370086265,0.45672199477992237,True,False,0.4905165998489755
C008232,24.26,Sciences,Gaspesie-Iles-de-la-Madeleine,G5C,74206,7,166.2,0,Remote,0,False,False,0,25.26672199477992,-4.785269711302806,False,False,0.4648659015034373
C001984,26.87,Sante,Capitale-Nationale,G2E,74141,5,23.9,1,Centre,0,False,False,0,27.589087139128516,-2.4629045669542116,False,False,0.4302736958438719
C009236,29.54,Sciences,Bas-Saint-Laurent,G5L,72746,15,241.4,1,Remote,0,False,False,1,31.69726141738554,1.645269711302813,False,False,0.43912016301829243
C004760,28.18,Genie,Bas-Saint-Laurent,G5L,48226,10,368.6,0,Remote,0,False,False,0,29.618174278257026,-0.43381742782570143,True,False,0.44998727313342596
C002789,27.26,Sciences sociales,Bas-Saint-Laurent,G5N,141359,16,231.9,0,Remote,0,False,False,0,29.561078845211245,-0.49091286087148234,True,False,0.5175171895499694
C007125,19.32,Genie,Gaspesie-Iles-de-la-Madeleine,G4X,84031,10,278.2,0,Remote,0,False,True,0,20.758174278257027,-9.2938174278257,False,False,0.5661243942542965
C006769,32.05,Genie,Montreal,H2X,122719,12,41.3,0,Centre,0,False,False,1,33.77580913390843,3.723817427825704,False,False,0.49332559425614747
C002073,25.29,Arts et lettres,Cote-Nord,G5B,92269,10,319.7,0,Remote,0,False,False,0,26.728174278257026,-3.323817427825702,False,False,0.46867247961153957
C008337,25.59,Sciences sociales,Capitale-Nationale,G3A,82331,4,5.9,1,Centre,0,False,False,0,26.16526971130281,-3.8867219947799185,False,False,0.4929514601617295
C010528,26.51,Sante,Capitale-Nationale,G1R,105152,9,36.7,0,Centre,0,False,False,0,27.804356850431326,-2.247634855651402,False,False,0.41690922741368897
C012418,30.9,Genie,Bas-Saint-Laurent,G0L,36521,12,33.0,0,Remote,0,False,False,1,32.62580913390843,2.5738174278257056,False,False,0.45150377678478854
C013909,25.18,Sante,Montreal,H3T,49457,7,8.8,0,Centre,0,False,False,0,26.18672199477992,-3.8652697113028083,False,False,0.4459271595936131
C000189,24.4,Genie,Montreal,H1A,46973,6,13.4,0,Centre,0,False,False,0,25.262904566954216,-4.789087139128512,False,False,0.45446929285670035
C005507,24.77,Sciences,Montreal,H1A,90921,10,3.8,0,Centre,0,False,False,0,26.208174278257026,-3.8438174278257016,False,False,0.46818702024966674
C000560,25.72,Sante,Montreal,H2X,74884,9,22.0,0,Centre,0,False,False,0,27.014356850431323,-3.0376348556514046,False,False,0.39570877017638806
C003619,28.23,Sciences,Montreal,H4L,69683,8,15.5,0,Centre,0,False,False,0,29.380539422605622,-0.6714522834771053,False,False,0.39162833268121955
C007870,28.61,Genie,Gaspesie-Iles-de-la-Madeleine,G5C,82254,10,156.7,0,Remote,0,False,False,0,30.048174278257026,-0.0038174278257017136,True,False,0.4224855627374641
C002087,29.96,Sciences,Montreal,H1A,51222,9,75.3,0,Centre,0,False,False,1,31.254356850431325,1.2023651443485974,False,False,0.41987055473515844
C011375,27.82,Sciences sociales,Montreal,H2X,120060,8,15.4,0,Centre,0,False,False,0,28.970539422605622,-1.0814522834771054,False,False,0.42623071109197674
C007672,32.86,Sciences sociales,Gaspesie-Iles-de-la-Madeleine,G0C,81398,22,143.7,0,Remote,-1,True,True,1,36.02398341216546,5.971991706082729,False,False,0.5906253015658701
C008104,29.23,Sciences sociales,Montreal,H1A,61228,12,40.1,0,Centre,0,False,False,1,30.95580913390843,0.9038174278257038,False,False,0.408919391391162
C012311,29.6,Sciences,Montreal,H2X,72803,10,30.8,0,Centre,0,False,False,1,31.038174278257028,0.9861825721743003,False,False,0.39639070943380994
C004692,31.8,Sante,Cote-Nord,G5B,39300,13,160.7,0,Remote,0,False,False,1,33.669626561734134,3.6176348556514064,False,False,0.4644078563453881
C001814,20.29,Genie,Capitale-Nationale,G2E,107363,12,18.1,0,Centre,0,False,False,0,22.01580913390843,-8.036182572174297,False,False,0.5429601531940831
C003034,20.76,Sciences,Gaspesie-Iles-de-la-Madeleine,G0C,37142,16,160.8,1,Remote,0,False,True,0,23.061078845211245,-6.990912860871482,False,False,0.5530495620405268
C013045,28.93,Genie,Bas-Saint-Laurent,G5N,24138,13,235.9,0,Remote,0,False,False,1,30.799626561734133,0.7476348556514054,False,False,0.4818315628713848
C011398,36.66,Sciences,Montreal,H1A,72985,2,23.3,0,Centre,-1,True,True,1,36.9476348556514,6.895643149568674,False,False,0.610135352513992
C003471,24.76,Genie,Capitale-Nationale,G3A,84368,12,14.7,1,Centre,0,False,False,0,26.485809133908432,-3.566182572174295,False,False,0.4259436858625245
C003994,30.83,Sciences,Bas-Saint-Laurent,G5L,29046,11,198.9,1,Remote,0,False,False,1,32.41199170608273,2.360000000000003,False,False,0.4744739109119155
C000763,26.98,Sciences sociales,Gaspesie-Iles-de-la-Madeleine,G5C,71615,16,124.4,1,Remote,0,False,False,0,29.281078845211244,-0.7709128608714835,False,False,0.4425638218082887
C006746,29.34,Arts et lettres,Montreal,H3T,31519,8,16.1,0,Centre,0,False,False,1,30.49053942260562,0.43854771652289415,True,False,0.4494423276724602
C004024,30.8,Genie,Gaspesie-Iles-de-la-Madeleine,G4X,36634,15,124.8,1,Remote,0,False,False,1,32.95726141738554,2.905269711302811,False,False,0.46591729469903204
C003913,30.75,Genie,Bas-Saint-Laurent,G5L,40360,14,287.0,1,Remote,0,False,False,1,32.76344398955984,2.7114522834771115,False,False,0.46236836266631776
C011961,29.06,Arts et lettres,Montreal,H2X,30140,5,18.5,0,Centre,0,False,False,0,29.779087139128514,-0.27290456695421383,True,False,0.4951740744756565
C013424,30.02,Arts et lettres,Gaspesie-Iles-de-la-Madeleine,G4X,30448,7,232.8,1,Remote,0,False,False,1,31.02672199477992,0.9747302886971916,False,False,0.4959446276289951
C012062,22.04,Sante,Gaspesie-Iles-de-la-Madeleine,G0C,54869,18,62.7,1,Remote,0,False,False,0,24.628713700862647,-5.42327800522008,False,False,0.5348527579894137
C007988,27.8,Sante,Montreal,H1A,82830,10,13.5,0,Centre,0,False,False,0,29.238174278257027,-0.8138174278257004,False,False,0.3970328205362414
C011352,33.3,Sciences,Montreal,H4L,65372,13,43.4,0,Centre,0,False,False,1,35.169626561734134,5.117634855651406,False,False,0.4792398945950397
C013475,29.82,Sciences,Montreal,H8N,70515,4,52.3,0,Centre,0,False,False,1,30.39526971130281,0.3432780052200819,True,False,0.48193992237718686
C011701,26.9,Sciences,Cote-Nord,G0G,35388,9,199.8,1,Remote,0,False,False,0,28.194356850431323,-1.8576348556514048,False,False,0.43724950881575303
C000327,23.83,Sante,Capitale-Nationale,G2E,43893,9,12.8,0,Centre,0,False,False,0,25.124356850431322,-4.927634855651405,False,False,0.4467405869021763
C009323,22.75,Sciences,Montreal,H2X,48328,9,32.3,1,Centre,0,False,False,0,24.044356850431324,-6.007634855651403,False,False,0.45101167751912236
C013151,28.25,Sciences,Bas-Saint-Laurent,G0L,50940,15,213.9,0,Remote,0,False,False,1,30.40726141738554,0.3552697113028138,True,False,0.4262603170421342
C007473,26.08,Sciences sociales,Montreal,H8N,71770,13,48.9,0,Centre,0,False,False,0,27.94962656173413,-2.102365144348596,False,False,0.4252112592466043
C006379,32.21,Genie,Gaspesie-Iles-de-la-Madeleine,G0C,81749,11,211.1,0,Remote,0,False,False,1,33.79199170608273,3.7400000000000055,False,False,0.47469237536701736
C012246,27.85,Sciences,Gaspesie-Iles-de-la-Madeleine,G4X,36647,7,119.6,0,Remote,0,False,False,0,28.85672199477992,-1.1952697113028066,False,False,0.44927962081340983
C011158,29.97,Sciences,Gaspesie-Iles-de-la-Madeleine,G0C,67174,13,137.9,0,Remote,0,False,False,1,31.839626561734132,1.7876348556514046,False,False,0.42525456829109776
C005984,29.84,Sciences sociales,Capitale-Nationale,G2E,50027,7,17.4,1,Centre,0,False,False,1,30.84672199477992,0.7947302886971919,False,False,0.4133789542132963
C001980,25.62,Sciences,Montreal,H2X,61293,7,19.8,0,Centre,0,False,False,0,26.62672199477992,-3.425269711302807,False,False,0.40555439148246997
C005010,30.02,Sciences sociales,Montreal,H4L,46803,9,13.3,0,Centre,0,False,False,1,31.314356850431324,1.2623651443485961,False,False,0.4111781127366931
C006659,22.84,Sciences sociales,Capitale-Nationale,G1R,64202,10,21.3,1,Centre,0,False,False,0,24.278174278257026,-5.773817427825701,False,False,0.4342538932584506
C010832,23.13,Sciences sociales,Montreal,H3T,123165,6,1.7,0,Centre,-1,True,True,0,23.992904566954216,-6.059087139128511,False,False,0.5798398859188394
C013019,29.95,Genie,Cote-Nord,G0G,59987,14,156.0,0,Remote,0,False,False,1,31.963443989559835,1.9114522834771073,False,False,0.43006191164497326
C006614,25.85,Sante,Cote-Nord,G0G,65462,12,519.8,0,Remote,0,False,False,0,27.575809133908432,-2.476182572174295,False,False,0.4892490897628569
C007174,25.17,Sciences sociales,Bas-Saint-Laurent,G5N,44890,10,157.7,1,Remote,0,False,False,0,26.608174278257028,-3.4438174278256994,False,False,0.43102725935434705
C012620,29.7,Genie,Montreal,H1A,62814,11,5.5,0,Centre,0,False,False,1,31.281991706082728,1.2300000000000004,False,False,0.4260814716602909
C004110,26.29,Genie,Bas-Saint-Laurent,G5N,43117,14,257.2,1,Remote,0,False,False,0,28.303443989559835,-1.7485477165228929,False,False,0.4289853911661063
C013293,27.94,Sciences,Montreal,H1A,56951,8,35.6,0,Centre,0,False,False,0,29.090539422605623,-0.9614522834771044,False,False,0.39935862116930265
C012606,31.56,Genie,Montreal,H4L,49954,10,4.4,0,Centre,0,False,False,1,32.998174278257025,2.9461825721742976,False,False,0.47670142959892414
C013960,31.16,Sante,Capitale-Nationale,G3A,90490,5,14.2,1,Centre,0,False,False,1,31.879087139128515,1.8270954330457876,False,False,0.4621658899477056
C007953,29.3,Genie,Capitale-Nationale,G3A,127432,13,24.2,1,Centre,0,False,False,1,31.169626561734134,1.1176348556514064,False,False,0.4686696880360807
C013102,23.01,Arts et lettres,Capitale-Nationale,G1V,111268,9,16.7,0,Centre,0,False,False,0,24.304356850431326,-5.747634855651402,False,False,0.4659796678552176
C004378,28.82,Sciences sociales,Montreal,H2X,117190,7,33.3,1,Centre,0,False,False,0,29.82672199477992,-0.2252697113028077,True,False,0.4381751315166066
C007929,26.3,Sciences,Montreal,H2X,46793,7,15.0,0,Centre,0,False,False,0,27.30672199477992,-2.7452697113028073,False,False,0.4222188968796953
C002113,28.88,Genie,Capitale-Nationale,G1R,68917,9,37.0,1,Centre,0,False,False,1,30.174356850431323,0.12236514434859558,True,False,0.3959099025586712
C012179,26.54,Arts et lettres,Montreal,H1A,75427,8,11.6,0,Centre,0,False,False,0,27.69053942260562,-2.3614522834771066,False,False,0.4010809859371899
C005500,23.64,Sciences sociales,Gaspesie-Iles-de-la-Madeleine,G4X,21684,11,211.4,0,Remote,0,False,False,0,25.22199170608273,-4.829999999999998,False,False,0.5295302780841917
C006735,30.01,Genie,Bas-Saint-Laurent,G5N,47428,11,82.5,1,Remote,0,False,False,1,31.59199170608273,1.5400000000000027,False,False,0.42246084525485383
C013555,31.04,Genie,Montreal,H2X,121752,7,35.6,0,Centre,0,False,False,1,32.046721994779915,1.9947302886971876,False,False,0.46891038278556196
C006914,30.39,Sciences sociales,Cote-Nord,G5B,47791,11,147.2,0,Remote,0,False,False,1,31.97199170608273,1.9200000000000017,False,False,0.42648683512390484
C012206,25.0,Sciences,Gaspesie-Iles-de-la-Madeleine,G5C,59263,16,262.5,0,Remote,0,False,False,0,27.301078845211244,-2.750912860871484,False,False,0.45670783577377366
C011397,30.18,Sciences sociales,Montreal,H3T,124860,14,38.2,0,Centre,0,False,False,1,32.19344398955984,2.1414522834771113,False,False,0.4857855460964263
C007312,25.15,Genie,Montreal,H2X,85002,10,29.0,0,Centre,0,False,False,0,26.588174278257025,-3.4638174278257026,False,False,0.41162888789857244
C003081,30.12,Sciences sociales,Cote-Nord,G4R,130139,18,86.5,1,Remote,0,False,False,1,32.708713700862646,2.656721994779918,False,False,0.5389173725665621
C008877,27.62,Sante,Montreal,H8N,56335,12,30.1,0,Centre,0,False,False,0,29.345809133908432,-0.7061825721742956,False,False,0.4016038146934345
C006361,22.05,Arts et lettres,Bas-Saint-Laurent,G5N,43632,13,188.8,0,Remote,0,False,False,0,23.919626561734134,-6.132365144348594,False,False,0.49041022449081667
C006531,30.12,Genie,Bas-Saint-Laurent,G5N,49303,12,320.4,1,Remote,0,False,False,1,31.845809133908432,1.7938174278257044,False,False,0.4459712865866101
C012985,24.94,Genie,Gaspesie-Iles-de-la-Madeleine,G4X,98129,12,228.8,1,Remote,0,False,False,0,26.665809133908432,-3.3861825721742953,False,False,0.4592132778174834
C002163,29.51,Arts et lettres,Montreal,H2X,46266,7,48.0,0,Centre,0,False,False,1,30.51672199477992,0.46473028869719357,True,False,0.4296520576153244
C010191,21.46,Arts et lettres,Montreal,H1A,90378,8,6.2,0,Centre,0,False,False,0,22.610539422605623,-7.441452283477105,False,False,0.5167219033678934
C000574,29.34,Sante,Montreal,H3T,92699,11,48.1,0,Centre,0,False,False,1,30.92199170608273,0.870000000000001,False,False,0.42442407436275675
C009639,28.99,Sciences,Montreal,H3T,71369,12,11.9,1,Centre,0,False,False,1,30.71580913390843,0.6638174278257019,False,False,0.40799929532698287
C011247,32.62,Sante,Montreal,H2X,53143,12,56.1,1,Centre,0,False,False,1,34.34580913390843,4.293817427825704,False,False,0.4636345774744398
C011041,27.7,Genie,Gaspesie-Iles-de-la-Madeleine,G5C,37210,14,162.7,0,Remote,0,False,False,0,29.713443989559835,-0.3385477165228927,True,False,0.43087828557326147
C010214,27.16,Sante,Montreal,H2X,96897,10,9.6,0,Centre,0,False,False,0,28.598174278257027,-1.453817427825701,False,False,0.4203025706488528
C011645,27.98,Sciences sociales,Montreal,H1A,61119,10,6.1,1,Centre,0,False,False,0,29.418174278257027,-0.6338174278257007,False,False,0.4214091940440692
C005566,30.71,Arts et lettres,Cote-Nord,G0G,122646,12,195.6,0,Remote,0,False,False,1,32.435809133908435,2.383817427825708,False,False,0.49249761630481786
C012253,25.72,Arts et lettres,Capitale-Nationale,G1V,59659,11,10.6,0,Centre,0,False,False,0,27.301991706082728,-2.75,False,False,0.4146778147167515
C003745,23.28,Genie,Montreal,H4L,154007,5,8.1,0,Centre,0,False,False,0,23.999087139128513,-6.052904566954215,False,False,0.5464595824121351
C013530,29.08,Sante,Montreal,H4L,94705,7,12.7,0,Centre,0,False,False,1,30.086721994779918,0.034730288697190304,True,False,0.4128580383466566
C003830,26.52,Sciences sociales,Gaspesie-Iles-de-la-Madeleine,G4X,72624,9,231.3,0,Remote,0,False,False,0,27.814356850431324,-2.237634855651404,False,False,0.4289636234031065
C012248,32.47,Sciences sociales,Montreal,H4L,52796,10,45.5,0,Centre,0,False,False,1,33.90817427825702,3.856182572174294,False,False,0.45211989863227087
C010020,27.19,Arts et lettres,Capitale-Nationale,G2E,69765,9,15.6,0,Centre,0,False,False,0,28.484356850431325,-1.5676348556514021,False,False,0.39435918563811717
C004403,30.1,Sciences sociales,Gaspesie-Iles-de-la-Madeleine,G4X,34262,14,73.5,1,Remote,0,False,False,1,32.11344398955984,2.061452283477113,False,False,0.4657310854473042
C009937,29.57,Sciences sociales,Montreal,H2X,51122,9,21.2,1,Centre,0,False,False,1,30.864356850431324,0.8123651443485969,False,False,0.3948216149101397
C012957,37.03,Sante,Montreal,H3T,81516,6,43.4,0,Centre,-1,True,True,1,37.892904566954215,7.840912860871487,False,False,0.557892977703495
C012790,28.58,Sante,Montreal,H8N,108400,7,3.3,0,Centre,0,False,False,0,29.586721994779918,-0.4652697113028097,True,False,0.48019574112249663
C007337,25.97,Genie,Montreal,H8N,101986,6,19.5,0,Centre,0,False,False,0,26.832904566954216,-3.2190871391285114,False,False,0.43181679235850845
C011031,26.25,Sciences,Montreal,H3T,56992,8,22.2,0,Centre,0,False,False,0,27.400539422605622,-2.6514522834771057,False,False,0.3988880599982422
C012676,35.78,Genie,Cote-Nord,G5B,39919,14,354.9,0,Remote,0,False,True,1,37.79344398955984,7.741452283477113,False,False,0.5684118185603432
C012281,25.69,Sciences,Capitale-Nationale,G3A,41502,8,16.2,0,Centre,0,False,False,0,26.840539422605623,-3.2114522834771044,False,False,0.4262820659433184
C004420,31.93,Genie,Montreal,H8N,101271,8,10.8,0,Centre,0,False,False,1,33.08053942260562,3.0285477165228905,False,False,0.4600019082858835
C011947,22.03,Genie,Cote-Nord,G5B,50568,15,210.2,0,Remote,0,False,False,0,24.187261417385542,-5.864730288697185,False,False,0.495993371469944
C001827,30.35,Sciences sociales,Gaspesie-Iles-de-la-Madeleine,G4X,35201,10,110.8,1,Remote,0,False,False,1,31.788174278257028,1.7361825721743003,False,False,0.4481408726223554
C004784,26.65,Sante,Montreal,H3T,65479,7,5.6,0,Centre,0,False,False,0,27.656721994779918,-2.3952697113028094,False,False,0.4348106951413979
C011244,34.82,Arts et lettres,Cote-Nord,G4R,36008,12,146.9,1,Remote,0,False,False,1,36.545809133908435,6.493817427825707,False,False,0.5366471151950483
C013030,39.25,Sciences,Bas-Saint-Laurent,G5N,105922,15,191.2,0,Remote,-1,True,True,1,41.40726141738554,11.355269711302814,False,False,0.5946818300571934
C011239,28.4,Arts et lettres,Gaspesie-Iles-de-la-Madeleine,G5C,41366,19,207.5,0,Remote,0,False,False,1,31.13253112868835,1.0805394226056215,False,False,0.49172222103931856
C006635,25.12,Sciences sociales,Gaspesie-Iles-de-la-Madeleine,G5C,52083,14,238.6,1,Remote,0,False,False,0,27.133443989559836,-2.918547716522891,False,False,0.42761549951834904
C007144,26.2,Sciences,Montreal,H3T,43341,8,16.7,0,Centre,0,False,False,0,27.35053942260562,-2.7014522834771064,False,False,0.42050496310441243
C000639,27.5,Sciences,Capitale-Nationale,G3A,103609,10,6.2,0,Centre,0,False,False,0,28.938174278257026,-1.1138174278257011,False,False,0.43944937084307106
C005786,20.82,Genie,Capitale-Nationale,G1R,31279,7,22.0,0,Centre,0,False,True,0,21.82672199477992,-8.225269711302808,False,False,0.5573363952424687
C008694,33.57,Arts et lettres,Capitale-Nationale,G3A,75560,11,68.2,0,Centre,0,False,False,1,35.15199170608273,5.100000000000005,False,False,0.4806616413454002
C010112,31.45,Arts et lettres,Bas-Saint-Laurent,G5L,38337,9,246.0,0,Remote,0,False,False,1,32.74435685043132,2.692365144348596,False,False,0.4790062268611902
C001449,26.47,Genie,Bas-Saint-Laurent,G5N,63147,16,230.1,0,Remote,0,False,False,0,28.771078845211242,-1.280912860871485,False,False,0.43925755684107465
C001771,27.95,Sante,Gaspesie-Iles-de-la-Madeleine,G4X,84848,9,196.8,0,Remote,0,False,False,0,29.244356850431323,-0.8076348556514041,False,False,0.4329934967830023
C013326,26.14,Sante,Capitale-Nationale,G1R,87875,11,16.5,1,Centre,0,False,False,0,27.72199170608273,-2.3299999999999983,False,False,0.40593387026101235
C000899,27.46,Sciences,Montreal,H8N,72385,9,13.3,0,Centre,0,False,False,0,28.754356850431325,-1.2976348556514026,False,False,0.39587563516343727
C004226,27.84,Arts et lettres,Montreal,H1A,76217,7,23.5,1,Centre,0,False,False,0,28.84672199477992,-1.2052697113028081,False,False,0.3945828665279731
C000767,23.32,Sciences sociales,Gaspesie-Iles-de-la-Madeleine,G5C,36621,18,225.3,0,Remote,0,False,False,0,25.90871370086265,-4.143278005220079,False,False,0.5138656440803253
C012669,28.55,Arts et lettres,Montreal,H3T,37567,13,10.6,1,Centre,0,False,False,1,30.419626561734134,0.3676348556514064,True,False,0.45243422524905663
C000770,27.42,Sante,Montreal,H8N,166815,12,10.7,0,Centre,0,False,False,0,29.145809133908433,-0.9061825721742949,False,False,0.5076005352830594
C011839,21.3,Sciences,Bas-Saint-Laurent,G5L,86631,11,212.0,0,Remote,0,False,False,0,22.88199170608273,-7.169999999999998,False,False,0.5225733800616803
C001308,26.52,Sciences,Capitale-Nationale,G2E,91400,11,53.0,0,Centre,0,False,False,0,28.10199170608273,-1.9499999999999993,False,False,0.4239151115965338
C004016,29.98,Sante,Gaspesie-Iles-de-la-Madeleine,G5C,46006,16,179.2,0,Remote,0,False,False,1,32.28107884521124,2.229087139128513,False,False,0.45601387494632795
C009388,25.68,Sante,Capitale-Nationale,G3A,56015,10,8.8,1,Centre,0,False,False,0,27.118174278257026,-2.9338174278257014,False,False,0.4245680227229363
C013081,28.45,Genie,Montreal,H1A,92171,13,14.5,0,Centre,0,False,False,1,30.319626561734133,0.267634855651405,True,False,0.42773224408252275
C001601,28.11,Genie,Montreal,H1A,125788,10,8.9,0,Centre,0,False,False,0,29.548174278257026,-0.5038174278257017,False,False,0.4536165220998798
C003630,31.5,Sante,Montreal,H4L,32798,9,10.8,0,Centre,0,False,False,1,32.79435685043132,2.742365144348593,False,False,0.478670323382673
C001053,29.9,Sante,Montreal,H4L,76509,15,25.9,0,Centre,0,False,False,1,32.05726141738554,2.0052697113028124,False,False,0.4492328394036435
C005065,28.73,Sante,Capitale-Nationale,G1R,74914,11,22.6,0,Centre,0,False,False,1,30.31199170608273,0.26000000000000156,True,False,0.3919366867586625
C006426,26.18,Sciences sociales,Cote-Nord,G0G,125401,15,200.1,0,Remote,0,False,False,0,28.33726141738554,-1.7147302886971865,False,False,0.5001444197375767
C008465,31.87,Sante,Montreal,H2X,31570,9,11.4,0,Centre,0,False,False,1,33.164356850431325,3.1123651443485976,False,False,0.49045702257454404
C010635,33.88,Sciences sociales,Montreal,H2X,83646,12,25.1,0,Centre,0,False,False,1,35.60580913390844,5.5538174278257095,False,False,0.495556958283922
C008284,27.01,Sciences,Gaspesie-Iles-de-la-Madeleine,G4X,42770,15,383.3,1,Remote,0,False,False,0,29.16726141738554,-0.8847302886971882,False,False,0.4580175498666214
C011343,22.11,Arts et lettres,Gaspesie-Iles-de-la-Madeleine,G5C,19473,10,363.2,0,Remote,0,False,True,0,23.548174278257026,-6.503817427825702,False,False,0.5955507820956418
C009898,30.79,Sciences,Montreal,H3T,110581,9,25.0,0,Centre,0,False,False,1,32.08435685043132,2.032365144348592,False,False,0.434584912648313
C008622,25.85,Genie,Bas-Saint-Laurent,G5N,58303,10,200.4,0,Remote,0,False,False,0,27.288174278257028,-2.7638174278256997,False,False,0.4199057318232941
C010865,30.15,Arts et lettres,Capitale-Nationale,G2E,88566,12,8.5,1,Centre,0,False,False,1,31.87580913390843,1.823817427825702,False,False,0.4363658527047466
C008640,26.64,Sciences sociales,Montreal,H4L,48963,10,30.3,1,Centre,0,False,False,0,28.078174278257027,-1.9738174278257006,False,False,0.40512442005569893
C011272,28.79,Sante,Gaspesie-Iles-de-la-Madeleine,G5C,50129,16,190.8,0,Remote,0,False,False,1,31.091078845211243,1.0390871391285152,False,False,0.4424045110816366
C006372,22.5,Genie,Cote-Nord,G0G,66532,15,296.3,1,Remote,0,False,False,0,24.65726141738554,-5.394730288697186,False,False,0.4937748761770887
C005205,29.88,Arts et lettres,Montreal,H3T,111293,9,20.6,0,Centre,0,False,False,1,31.174356850431323,1.1223651443485956,False,False,0.4188744704369638
C009770,31.0,Sciences,Cote-Nord,G4R,164995,16,190.0,1,Remote,-1,True,True,1,33.301078845211244,3.249087139128516,False,False,0.5705571080144329
C004153,35.47,Sante,Montreal,H1A,104114,10,10.0,0,Centre,0,False,False,1,36.90817427825702,6.856182572174294,False,False,0.5460179327896073
C012723,29.82,Arts et lettres,Capitale-Nationale,G2E,142030,12,15.6,1,Centre,0,False,False,1,31.54580913390843,1.4938174278257037,False,False,0.4673809912626181
C003085,27.23,Sciences sociales,Capitale-Nationale,G2E,182908,6,11.1,1,Centre,0,False,False,0,28.092904566954218,-1.9590871391285098,False,False,0.5270372987314994
C004438,28.21,Sciences,Montreal,H3T,109150,11,47.6,1,Centre,0,False,False,0,29.79199170608273,-0.259999999999998,True,False,0.4362608620365831
C009630,29.31,Sante,Capitale-Nationale,G1R,145350,8,22.6,0,Centre,0,False,False,1,30.46053942260562,0.408547716522893,True,False,0.45054766260571505
C007262,23.07,Genie,Capitale-Nationale,G2E,85337,7,15.7,0,Centre,0,False,False,0,24.07672199477992,-5.975269711302808,False,False,0.4500131444312076
C001363,32.86,Sante,Montreal,H8N,45157,6,31.6,0,Centre,0,False,False,1,33.72290456695421,3.6709128608714856,False,False,0.48948766889400475
C001155,29.78,Genie,Cote-Nord,G4R,47799,15,137.3,0,Remote,0,False,False,1,31.937261417385542,1.885269711302815,False,False,0.4401166301056284
C000855,30.21,Genie,Gaspesie-Iles-de-la-Madeleine,G5C,61997,19,119.1,0,Remote,0,False,False,1,32.94253112868835,2.890539422605624,False,False,0.49980814179801825
C011735,29.07,Genie,Gaspesie-Iles-de-la-Madeleine,G5C,54170,14,306.5,0,Remote,0,False,False,1,31.083443989559836,1.0314522834771083,False,False,0.43758905792695485
C006311,31.99,Sciences,Cote-Nord,G0G,58947,16,257.4,0,Remote,0,False,False,1,34.29107884521124,4.239087139128511,False,False,0.4964874209189031
C009972,27.03,Arts et lettres,Montreal,H3T,38043,11,17.2,0,Centre,0,False,False,0,28.61199170608273,-1.4399999999999977,False,False,0.43164418688086337
C009441,28.8,Sciences,Bas-Saint-Laurent,G5N,32162,14,42.4,1,Remote,0,False,False,1,30.813443989559836,0.7614522834771087,False,False,0.4596908273987846
C012022,27.02,Sante,Cote-Nord,G0G,86343,15,109.9,0,Remote,0,False,False,0,29.177261417385537,-0.8747302886971902,False,False,0.44609383469264513
C008254,25.97,Sciences,Capitale-Nationale,G1V,51744,11,18.2,0,Centre,0,False,False,0,27.551991706082728,-2.5,False,False,0.40690358955771205
C006227,30.38,Genie,Montreal,H1A,45412,9,11.1,0,Centre,0,False,False,1,31.674356850431323,1.6223651443485956,False,False,0.4210150752347545
C007421,24.6,Sante,Cote-Nord,G4R,117708,15,195.2,1,Remote,0,False,False,0,26.757261417385543,-3.2947302886971848,False,False,0.5038627595325252
C006025,25.62,Sciences,Cote-Nord,G0G,26979,11,123.6,1,Remote,0,False,False,0,27.20199170608273,-2.849999999999998,False,False,0.47382290755943357
C001006,30.52,Sciences sociales,Montreal,H1A,30736,14,12.9,1,Centre,0,False,False,1,32.533443989559835,2.4814522834771076,False,False,0.49965850209115803
C005338,29.57,Genie,Montreal,H2X,106134,11,12.8,0,Centre,0,False,False,1,31.15199170608273,1.1000000000000014,False,False,0.42423272385706756
C008066,26.63,Sciences sociales,Capitale-Nationale,G2E,72586,10,12.6,1,Centre,0,False,False,0,28.068174278257025,-1.9838174278257021,False,False,0.40099226408166716
C000350,26.67,Arts et lettres,Cote-Nord,G4R,36614,11,137.5,0,Remote,0,False,False,0,28.25199170608273,-1.7999999999999972,False,False,0.42655685834258644
C002340,28.7,Genie,Gaspesie-Iles-de-la-Madeleine,G4X,44477,10,271.8,0,Remote,0,False,False,1,30.138174278257026,0.08618257217429814,True,False,0.4378145600111071
C010362,32.45,Sciences sociales,Gaspesie-Iles-de-la-Madeleine,G4X,69154,8,362.2,0,Remote,0,False,False,1,33.60053942260562,3.5485477165228936,False,False,0.5118440122797141
C008395,29.03,Sciences sociales,Capitale-Nationale,G1V,89488,10,12.8,1,Centre,0,False,False,1,30.468174278257028,0.4161825721743,True,False,0.3999254931522726
C002418,31.0,Sante,Montreal,H4L,63849,6,19.8,1,Centre,0,False,False,1,31.862904566954217,1.8109128608714897,False,False,0.42827257355690673
C005721,27.43,Sante,Gaspesie-Iles-de-la-Madeleine,G0C,24921,16,248.2,1,Remote,0,False,False,0,29.731078845211243,-0.3209128608714842,True,False,0.48909747187674313
C013920,28.53,Sante,Gaspesie-Iles-de-la-Madeleine,G5C,38995,16,284.4,1,Remote,0,False,False,1,30.831078845211245,0.7790871391285172,False,False,0.45908170828548706
C002648,25.88,Arts et lettres,Capitale-Nationale,G3A,49635,12,37.3,0,Centre,0,False,False,0,27.60580913390843,-2.4461825721742976,False,False,0.4184446750261053
C000549,28.91,Sante,Cote-Nord,G5B,88621,12,191.8,0,Remote,0,False,False,1,30.63580913390843,0.5838174278257036,False,False,0.4364465973444461
C007243,23.35,Sciences sociales,Gaspesie-Iles-de-la-Madeleine,G5C,78758,9,428.4,0,Remote,0,False,False,0,24.644356850431326,-5.407634855651402,False,False,0.5210548501580311
C011776,25.62,Sciences sociales,Gaspesie-Iles-de-la-Madeleine,G0C,41715,14,488.0,0,Remote,0,False,False,0,27.633443989559836,-2.418547716522891,False,False,0.49428438821662857
C002731,30.01,Sante,Gaspesie-Iles-de-la-Madeleine,G4X,48803,16,311.1,1,Remote,0,False,False,1,32.31107884521124,2.259087139128514,False,False,0.4674286108287813
C001767,27.18,Sciences,Capitale-Nationale,G1R,91965,7,27.7,1,Centre,0,False,False,0,28.18672199477992,-1.8652697113028083,False,False,0.40610641263040104
C011777,26.53,Sciences sociales,Bas-Saint-Laurent,G5L,45387,12,391.8,0,Remote,0,False,False,0,28.255809133908432,-1.7961825721742954,False,False,0.4536576881742059
C006488,26.83,Sciences sociales,Cote-Nord,G4R,40351,11,285.1,0,Remote,0,False,False,0,28.411991706082727,-1.6400000000000006,False,False,0.43490549402282347
C011327,27.4,Genie,Montreal,H1A,96069,6,11.4,0,Centre,0,False,False,0,28.262904566954216,-1.7890871391285117,False,False,0.4293565662044094
C013108,30.39,Genie,Montreal,H2X,77155,10,16.4,1,Centre,0,False,False,1,31.828174278257027,1.7761825721742994,False,False,0.4050588210562274
C004023,33.08,Sciences sociales,Cote-Nord,G5B,82094,11,57.8,1,Remote,0,False,False,1,34.66199170608273,4.610000000000003,False,False,0.47483019492254325
C013922,27.9,Sante,Bas-Saint-Laurent,G0L,52649,11,243.0,1,Remote,0,False,False,0,29.481991706082727,-0.5700000000000003,False,False,0.4131065710634695
C012782,29.5,Sciences sociales,Montreal,H1A,74940,6,6.1,1,Centre,0,False,False,1,30.362904566954217,0.3109128608714897,True,False,0.4466237283769826
C007877,28.61,Genie,Gaspesie-Iles-de-la-Madeleine,G0C,56913,15,249.5,1,Remote,0,False,False,1,30.76726141738554,0.7152697113028132,False,False,0.427013179543069
C003820,27.33,Sante,Cote-Nord,G4R,29502,12,141.9,0,Remote,0,False,False,0,29.05580913390843,-0.9961825721742983,False,False,0.4459979101949853
C013983,24.18,Sciences sociales,Gaspesie-Iles-de-la-Madeleine,G4X,63667,12,276.2,0,Remote,0,False,False,0,25.90580913390843,-4.146182572174297,False,False,0.44933078747808736
C004268,23.56,Sciences sociales,Cote-Nord,G5B,28815,12,230.3,1,Remote,0,False,False,0,25.28580913390843,-4.766182572174298,False,False,0.4981361212797961
C004762,29.07,Sciences,Capitale-Nationale,G1V,75703,9,8.2,0,Centre,0,False,False,1,30.364356850431324,0.31236514434859686,True,False,0.4065734206030441
C008601,26.09,Sante,Montreal,H2X,39869,8,42.4,0,Centre,0,False,False,0,27.24053942260562,-2.811452283477106,False,False,0.43174093421368054
C011220,29.07,Sciences sociales,Gaspesie-Iles-de-la-Madeleine,G5C,74155,10,315.9,1,Remote,0,False,False,1,30.508174278257027,0.45618257217429914,True,False,0.4457140278993847
C013199,27.67,Genie,Cote-Nord,G0G,49041,12,158.3,1,Remote,0,False,False,0,29.395809133908433,-0.6561825721742949,False,False,0.413482118476648
C004758,22.81,Arts et lettres,Montreal,H1A,89821,7,19.5,0,Centre,0,False,False,0,23.81672199477992,-6.235269711302809,False,False,0.4516559836510715
C002791,24.05,Sciences sociales,Cote-Nord,G5B,48319,12,206.1,1,Remote,0,False,False,0,25.77580913390843,-4.276182572174296,False,False,0.4400938967208803
C002888,25.43,Sciences sociales,Montreal,H8N,67444,8,14.3,0,Centre,0,False,False,0,26.58053942260562,-3.471452283477106,False,False,0.40254279225155026
C005446,31.26,Sciences sociales,Cote-Nord,G5B,44829,14,202.8,0,Remote,0,False,False,1,33.27344398955984,3.2214522834771095,False,False,0.4512206749869221
C008346,28.83,Genie,Bas-Saint-Laurent,G5N,69524,17,161.1,0,Remote,0,False,False,1,31.274896273036944,1.2229045669542167,False,False,0.45280399741011323
C010662,30.27,Sciences sociales,Bas-Saint-Laurent,G5L,27364,15,150.8,1,Remote,0,False,False,1,32.42726141738554,2.37526971130281,False,False,0.4900983499350952
C006320,32.51,Sciences,Gaspesie-Iles-de-la-Madeleine,G5C,43925,13,156.7,0,Remote,0,False,False,1,34.379626561734135,4.327634855651407,False,False,0.47574183648406027
C002609,33.01,Sciences sociales,Capitale-Nationale,G1V,34243,7,12.6,0,Centre,0,False,False,1,34.016721994779914,3.9647302886971865,False,False,0.513514035212957
C006114,27.28,Sciences,Gaspesie-Iles-de-la-Madeleine,G4X,46286,16,206.2,0,Remote,0,False,False,0,29.581078845211245,-0.47091286087148276,True,False,0.4366118280452151
C013550,26.6,Genie,Bas-Saint-Laurent,G5L,56475,14,101.9,0,Remote,0,False,False,0,28.613443989559837,-1.4385477165228906,False,False,0.42535274290502717
C006358,33.27,Genie,Montreal,H2X,28528,15,6.1,0,Centre,-1,True,True,1,35.427261417385544,5.375269711302817,False,False,0.5993166829954804
C000811,32.22,Sciences sociales,Bas-Saint-Laurent,G5N,49446,11,183.5,0,Remote,0,False,False,1,33.80199170608273,3.7500000000000036,False,False,0.4573239073775566
C010827,31.36,Sciences,Montreal,H8N,78880,10,23.1,0,Centre,0,False,False,1,32.79817427825702,2.7461825721742947,False,False,0.4175446608061528
C008820,24.7,Sciences sociales,Montreal,H2X,54551,11,36.3,1,Centre,0,False,False,0,26.281991706082728,-3.7699999999999996,False,False,0.42248096142975244
C004368,30.17,Sciences,Montreal,H3T,59198,3,15.3,0,Centre,0,False,False,1,30.60145228347711,0.549460577394381,False,False,0.49102767151561133
C005203,30.56,Sciences sociales,Cote-Nord,G5B,45144,7,403.9,0,Remote,0,False,False,1,31.56672199477992,1.5147302886971907,False,False,0.5078069406934941
C008738,30.56,Arts et lettres,Montreal,H2X,113865,5,3.8,0,Centre,0,False,False,1,31.279087139128514,1.2270954330457862,False,False,0.522418415393714
C006758,31.06,Arts et lettres,Cote-Nord,G4R,50846,11,189.8,0,Remote,0,False,False,1,32.64199170608273,2.59,False,False,0.4361674613316219
C008457,27.01,Sciences sociales,Montreal,H4L,104769,11,43.7,0,Centre,0,False,False,0,28.59199170608273,-1.4599999999999973,False,False,0.4288646337042998
C005440,25.44,Sante,Capitale-Nationale,G1R,88391,4,21.3,0,Centre,0,False,False,0,26.01526971130281,-4.036721994779917,False,False,0.47055974111389454
C005298,25.97,Genie,Bas-Saint-Laurent,G5N,94821,13,167.1,1,Remote,0,False,False,0,27.839626561734132,-2.2123651443485954,False,False,0.4464790281310888
C002612,26.3,Sciences,Montreal,H1A,150203,7,9.6,1,Centre,0,False,False,0,27.30672199477992,-2.7452697113028073,False,False,0.4765025416127416
C011026,23.98,Sante,Montreal,H1A,63680,9,46.1,0,Centre,0,False,False,0,25.274356850431325,-4.777634855651403,False,False,0.4322056974822209
C003347,28.69,Sciences,Cote-Nord,G0G,57131,12,250.4,0,Remote,0,False,False,1,30.415809133908432,0.3638174278257047,True,False,0.4180526423349364
C003952,32.74,Genie,Montreal,H3T,52695,11,20.2,0,Centre,0,False,False,1,34.321991706082734,4.270000000000007,False,False,0.44949751104092645
C013672,31.4,Genie,Capitale-Nationale,G3A,114885,6,11.0,0,Centre,0,False,False,1,32.26290456695421,2.2109128608714848,False,False,0.4809609787340497
C004163,25.91,Genie,Montreal,H4L,59684,10,26.8,1,Centre,0,False,False,0,27.348174278257027,-2.703817427825701,False,False,0.3982685694621138
C007815,26.88,Sante,Bas-Saint-Laurent,G0L,55722,9,185.7,0,Remote,0,False,False,0,28.174356850431323,-1.8776348556514044,False,False,0.4207812223257162
C009795,32.08,Arts et lettres,Montreal,H4L,65083,13,10.4,0,Centre,0,False,False,1,33.949626561734135,3.8976348556514075,False,False,0.4662500442663892
C010888,24.51,Sciences sociales,Montreal,H2X,88937,4,50.5,1,Centre,0,False,False,0,25.08526971130281,-4.966721994779917,False,False,0.5021183593673175
C001561,34.75,Sante,Capitale-Nationale,G2E,60363,8,19.1,0,Centre,0,False,False,1,35.90053942260562,5.848547716522891,False,False,0.49411684964111735
C012223,28.66,Genie,Capitale-Nationale,G1R,117144,13,50.7,0,Centre,0,False,False,1,30.529626561734133,0.47763485565140584,True,False,0.46301297773990463
C004843,26.38,Sante,Gaspesie-Iles-de-la-Madeleine,G0C,38005,14,80.4,0,Remote,0,False,False,0,28.393443989559835,-1.658547716522893,False,False,0.4418204103593468
C004266,24.49,Genie,Montreal,H1A,49023,11,18.4,0,Centre,0,False,False,0,26.071991706082727,-3.9800000000000004,False,False,0.42655777279203994
C000515,31.64,Sciences,Montreal,H4L,63837,8,17.4,0,Centre,0,False,False,1,32.79053942260562,2.7385477165228913,False,False,0.42103489832689156
C000262,28.38,Sciences,Capitale-Nationale,G1V,103326,7,14.2,0,Centre,0,False,False,0,29.38672199477992,-0.665269711302809,False,False,0.41797673449610134
C008844,27.38,Genie,Montreal,H3T,42343,11,24.1,1,Centre,0,False,False,0,28.961991706082728,-1.0899999999999999,False,False,0.4122982876724709
C010047,29.01,Sciences sociales,Montreal,H3T,64135,9,2.5,1,Centre,0,False,False,1,30.304356850431326,0.25236514434859814,True,False,0.46171861357858235
C005719,27.74,Genie,Montreal,H1A,74831,2,7.0,0,Centre,0,False,False,0,28.027634855651403,-2.0243568504313245,False,False,0.5257831671060661
C001341,27.68,Sciences,Cote-Nord,G5B,97253,19,211.6,0,Remote,0,False,False,1,30.41253112868835,0.36053942260562266,True,False,0.5048800921567188
C004143,30.33,Genie,Capitale-Nationale,G3A,47219,11,11.0,1,Centre,0,False,False,1,31.911991706082727,1.8599999999999994,False,False,0.4209888996788831
C011187,32.6,Arts et lettres,Montreal,H1A,78200,9,9.8,0,Centre,0,False,False,1,33.89435685043132,3.8423651443485944,False,False,0.45626742219556127
C004862,25.57,Sciences,Montreal,H3T,57480,12,8.5,0,Centre,0,False,False,0,27.29580913390843,-2.7561825721742963,False,False,0.433133146259504
C001971,32.02,Sciences sociales,Montreal,H4L,51413,6,13.0,0,Centre,0,False,False,1,32.88290456695422,2.8309128608714893,False,False,0.46596414822457566
C012204,24.63,Arts et lettres,Bas-Saint-Laurent,G0L,29608,16,224.7,0,Remote,0,False,False,0,26.931078845211243,-3.120912860871485,False,False,0.4942566867815656
C001079,23.74,Genie,Montreal,H8N,81436,10,15.0,0,Centre,0,False,False,0,25.178174278257025,-4.873817427825703,False,False,0.4277531618374068
C011328,26.39,Genie,Gaspesie-Iles-de-la-Madeleine,G5C,94377,10,83.4,1,Remote,0,False,False,0,27.828174278257027,-2.2238174278257006,False,False,0.42569764297370466
C013147,38.02,Sciences sociales,Montreal,H3T,105105,7,13.5,0,Centre,-1,True,True,1,39.02672199477992,8.974730288697192,False,False,0.5645991285011777
C004573,28.69,Genie,Montreal,H3T,116646,6,14.7,0,Centre,0,False,False,0,29.55290456695422,-0.499087139128509,True,False,0.44520165156480035
C005428,33.84,Genie,Cote-Nord,G5B,28077,17,136.8,1,Remote,0,False,True,1,36.28489627303695,6.232904566954222,False,False,0.5782721542514524
C000505,27.95,Genie,Montreal,H4L,59778,15,58.0,1,Centre,0,False,False,1,30.107261417385537,0.055269711302809554,True,False,0.4366573233169607
C000437,28.9,Arts et lettres,Gaspesie-Iles-de-la-Madeleine,G4X,64773,15,135.0,0,Remote,0,False,False,1,31.05726141738554,1.0052697113028124,False,False,0.4315286921734519
C000446,24.75,Sciences,Montreal,H2X,110234,8,19.1,0,Centre,0,False,False,0,25.900539422605622,-4.151452283477106,False,False,0.4368454086136219
C012303,30.6,Sante,Capitale-Nationale,G3A,68703,9,10.3,0,Centre,0,False,False,1,31.894356850431326,1.842365144348598,False,False,0.41277398660240966
C004262,33.95,Arts et lettres,Bas-Saint-Laurent,G5L,57933,18,148.9,1,Remote,0,False,True,1,36.53871370086265,6.4867219947799235,False,False,0.5505934927555775
C003550,30.36,Sciences,Montreal,H8N,97387,13,1.8,0,Centre,0,False,False,1,32.229626561734136,2.1776348556514087,False,False,0.5281660218316945
C012398,30.47,Arts et lettres,Montreal,H1A,156661,10,21.7,0,Centre,0,False,False,1,31.908174278257025,1.8561825721742977,False,False,0.4781638435822937
C012152,34.77,Sciences,Capitale-Nationale,G1V,43732,6,7.2,1,Centre,0,False,True,1,35.63290456695422,5.580912860871489,False,False,0.5504552622565689
C000856,21.21,Genie,Bas-Saint-Laurent,G5L,42934,12,186.5,0,Remote,0,False,False,0,22.935809133908432,-7.116182572174296,False,False,0.5103132904042974
C004457,28.84,Arts et lettres,Capitale-Nationale,G1R,110590,13,9.9,0,Centre,0,False,False,1,30.709626561734133,0.6576348556514056,False,False,0.4565000141908335
C008149,25.12,Arts et lettres,Gaspesie-Iles-de-la-Madeleine,G0C,62704,11,148.4,0,Remote,0,False,False,0,26.70199170608273,-3.349999999999998,False,False,0.4230270864018937
C009360,27.03,Arts et lettres,Bas-Saint-Laurent,G5N,36236,10,188.0,0,Remote,0,False,False,0,28.468174278257028,-1.5838174278257,False,False,0.43088524801480543
C007531,26.61,Arts et lettres,Montreal,H3T,38838,7,4.9,1,Centre,0,False,False,0,27.61672199477992,-2.4352697113028086,False,False,0.4839596507181436
C004208,26.39,Arts et lettres,Gaspesie-Iles-de-la-Madeleine,G4X,53436,18,86.1,0,Remote,0,False,False,0,28.97871370086265,-1.0732780052200788,False,False,0.4650057637652068
C010392,28.98,Sciences,Capitale-Nationale,G2E,87075,8,9.9,0,Centre,0,False,False,1,30.130539422605622,0.07854771652289472,True,False,0.40414542529080183
C011020,32.54,Sciences sociales,Montreal,H2X,59894,5,29.2,0,Centre,0,False,False,1,33.25908713912851,3.207095433045783,False,False,0.48169542941640114
C011997,28.77,Genie,Capitale-Nationale,G1R,69939,11,25.5,1,Centre,0,False,False,1,30.35199170608273,0.3000000000000007,True,False,0.39284432873391667
C007033,29.96,Arts et lettres,Gaspesie-Iles-de-la-Madeleine,G5C,29505,17,263.2,1,Remote,0,False,False,1,32.40489627303695,2.3529045669542192,False,False,0.5035892782209387
C001518,23.21,Sciences sociales,Montreal,H8N,29389,13,13.7,0,Centre,-1,True,False,0,25.079626561734134,-4.9723651443485934,False,False,0.5250387171335216
C010015,28.62,Sante,Montreal,H2X,87603,3,32.7,0,Centre,0,False,False,0,29.051452283477108,-1.0005394226056197,False,False,0.4847237788101098
C001556,23.8,Arts et lettres,Montreal,H1A,40568,13,32.4,1,Centre,0,False,False,0,25.669626561734134,-4.382365144348594,False,False,0.4611768841570889
C012247,33.08,Sciences sociales,Montreal,H3T,86342,4,32.3,0,Centre,0,False,False,1,33.65526971130281,3.60327800522008,False,False,0.5154848093158844
C004712,31.98,Sciences,Montreal,H2X,64723,14,6.5,0,Centre,0,False,False,1,33.993443989559836,3.9414522834771084,False,False,0.4975552156141836
C005238,27.97,Sciences,Capitale-Nationale,G1R,32353,5,34.9,0,Centre,0,False,False,0,28.68908713912851,-1.3629045669542172,False,False,0.4862241827668536
C009644,23.03,Sciences sociales,Montreal,H3T,106538,16,2.7,1,Centre,-1,True,True,0,25.331078845211245,-4.720912860871483,False,False,0.5767021004624474
C013914,25.37,Sciences,Gaspesie-Iles-de-la-Madeleine,G5C,94525,10,145.9,1,Remote,0,False,False,0,26.808174278257027,-3.2438174278257,False,False,0.44230520292658193
C011824,31.16,Genie,Montreal,H4L,95302,10,21.4,0,Centre,0,False,False,1,32.59817427825703,2.546182572174299,False,False,0.4236230062212527
C010185,22.68,Genie,Montreal,H4L,132839,8,26.0,0,Centre,0,False,False,0,23.83053942260562,-6.221452283477106,False,False,0.49555837736029745
C008656,24.66,Sciences,Montreal,H2X,56114,4,14.3,1,Centre,0,False,False,0,25.23526971130281,-4.816721994779918,False,False,0.48150981961270334
C005229,24.79,Arts et lettres,Gaspesie-Iles-de-la-Madeleine,G5C,22793,15,77.5,1,Remote,0,False,False,0,26.94726141738554,-3.104730288697187,False,False,0.5323410512447072
C003769,29.6,Sciences sociales,Gaspesie-Iles-de-la-Madeleine,G0C,58288,14,175.8,0,Remote,0,False,False,1,31.613443989559837,1.5614522834771094,False,False,0.42561322857341366
C005421,32.01,Arts et lettres,Montreal,H1A,78124,10,9.1,0,Centre,0,False,False,1,33.44817427825703,3.3961825721743004,False,False,0.45076791762591445
C009065,31.42,Sciences sociales,Montreal,H2X,50274,5,10.5,0,Centre,0,False,False,1,32.13908713912851,2.0870954330457856,False,False,0.481172571092156
C013313,30.73,Arts et lettres,Cote-Nord,G4R,46604,18,279.6,1,Remote,0,False,False,1,33.318713700862645,3.2667219947799175,False,False,0.49672301719446993
C007769,28.82,Genie,Montreal,H1A,82806,15,4.2,0,Centre,0,False,False,1,30.97726141738554,0.9252697113028141,False,False,0.49715900425862664
C003015,24.48,Arts et lettres,Montreal,H1A,47259,11,11.2,0,Centre,0,False,False,0,26.06199170608273,-3.9899999999999984,False,False,0.4353914489639809
C009100,30.47,Genie,Montreal,H3T,52380,6,26.2,0,Centre,0,False,False,1,31.332904566954216,1.2809128608714886,False,False,0.42667613144235256
C007606,30.57,Genie,Gaspesie-Iles-de-la-Madeleine,G5C,26884,16,105.2,0,Remote,0,False,False,1,32.871078845211244,2.8190871391285164,False,False,0.5128541749308311
C000069,25.02,Sante,Capitale-Nationale,G2E,71858,9,11.9,1,Centre,0,False,False,0,26.314356850431324,-3.737634855651404,False,False,0.41226028476877846
C008748,23.24,Sante,Montreal,H4L,30186,6,24.4,1,Centre,0,False,False,0,24.102904566954216,-5.949087139128512,False,False,0.5178408602387217
C011283,23.4,Genie,Cote-Nord,G4R,37025,14,52.7,1,Remote,0,False,False,0,25.413443989559834,-4.638547716522893,False,False,0.48280994627524204
C010472,25.28,Genie,Gaspesie-Iles-de-la-Madeleine,G0C,119759,9,283.3,1,Remote,0,False,False,0,26.574356850431325,-3.4776348556514023,False,False,0.5004257435668
C006225,24.93,Sciences,Capitale-Nationale,G1V,58033,9,63.5,0,Centre,0,False,False,0,26.224356850431324,-3.8276348556514037,False,False,0.42648405285311214
C002657,29.96,Sciences,Montreal,H4L,73497,11,36.2,0,Centre,0,False,False,1,31.54199170608273,1.490000000000002,False,False,0.40593351436963204
C013566,27.5,Sante,Gaspesie-Iles-de-la-Madeleine,G5C,35274,14,133.5,0,Remote,0,False,False,0,29.513443989559836,-0.538547716522892,False,False,0.4348803398384963
C010182,30.86,Arts et lettres,Montreal,H1A,166572,6,14.3,0,Centre,0,False,False,1,31.722904566954217,1.6709128608714892,False,False,0.5219067818885043
C008563,25.85,Sciences sociales,Montreal,H8N,66020,2,2.5,0,Centre,0,False,True,0,26.137634855651406,-3.9143568504313215,False,False,0.5717547538851238
C012992,23.29,Genie,Montreal,H1A,53852,8,14.6,0,Centre,0,False,False,0,24.44053942260562,-5.611452283477107,False,False,0.4429962456730551
C007304,27.6,Arts et lettres,Bas-Saint-Laurent,G0L,44522,12,214.8,0,Remote,0,False,False,0,29.325809133908432,-0.7261825721742952,False,False,0.4180922020698441
C011118,26.48,Arts et lettres,Gaspesie-Iles-de-la-Madeleine,G4X,41757,6,32.7,0,Remote,0,False,False,0,27.342904566954218,-2.70908713912851,False,False,0.44665925847302185
C003055,26.67,Arts et lettres,Montreal,H2X,82854,10,22.9,0,Centre,0,False,False,0,28.108174278257028,-1.9438174278256994,False,False,0.3943214260387947
C003882,32.73,Arts et lettres,Cote-Nord,G5B,114094,10,381.1,1,Remote,0,False,False,1,34.16817427825703,4.116182572174299,False,False,0.5449958570870508
C005744,29.72,Sciences sociales,Capitale-Nationale,G1R,43787,13,26.0,0,Centre,0,False,False,1,31.589626561734132,1.5376348556514046,False,False,0.4290623929164108
C006050,28.17,Sciences,Capitale-Nationale,G3A,93488,4,18.7,0,Centre,0,False,False,0,28.74526971130281,-1.3067219947799167,False,False,0.4594239519847784
C003578,28.22,Arts et lettres,Montreal,H4L,52521,5,27.2,0,Centre,0,False,False,0,28.93908713912851,-1.1129045669542172,False,False,0.43551626432031637
C001598,29.91,Sciences,Cote-Nord,G4R,48493,13,325.3,1,Remote,0,False,False,1,31.779626561734133,1.7276348556514058,False,False,0.4488361662600885
C009063,30.1,Arts et lettres,Capitale-Nationale,G1R,76143,8,5.6,0,Centre,0,False,False,1,31.250539422605623,1.1985477165228957,False,False,0.432887251115657
C002833,30.17,Sante,Gaspesie-Iles-de-la-Madeleine,G4X,57910,18,90.7,1,Remote,0,False,False,1,32.75871370086265,2.7067219947799224,False,False,0.485906872972338
C012047,24.92,Sante,Montreal,H3T,130864,7,21.8,0,Centre,0,False,False,0,25.92672199477992,-4.125269711302806,False,False,0.4666273808915289
C009202,28.62,Arts et lettres,Capitale-Nationale,G2E,123237,5,52.2,0,Centre,0,False,False,0,29.339087139128516,-0.7129045669542116,False,False,0.4913291749579102
C006294,30.11,Sante,Bas-Saint-Laurent,G0L,57124,10,173.3,1,Remote,0,False,False,1,31.548174278257026,1.4961825721742983,False,False,0.425844745318323
C000918,26.63,Sciences,Gaspesie-Iles-de-la-Madeleine,G4X,33178,12,181.3,1,Remote,0,False,False,0,28.35580913390843,-1.6961825721742976,False,False,0.43409666856249374
C009130,26.76,Genie,Capitale-Nationale,G1R,82550,6,42.6,0,Centre,0,False,False,0,27.62290456695422,-2.4290871391285087,False,False,0.4317741690604946
C011826,30.89,Sante,Montreal,H2X,24651,13,22.8,0,Centre,0,False,False,1,32.75962656173414,2.70763485565141,False,False,0.5107568399800005
C009454,27.11,Sante,Gaspesie-Iles-de-la-Madeleine,G0C,53230,14,210.0,1,Remote,0,False,False,0,29.123443989559835,-0.9285477165228926,False,False,0.4152996005190441
C000719,36.83,Sciences,Montreal,H2X,31741,16,6.4,0,Centre,-1,True,True,1,39.13107884521124,9.079087139128514,False,False,0.6368259021376627
C007803,26.44,Sciences sociales,Bas-Saint-Laurent,G5L,61653,9,460.4,1,Remote,0,False,False,0,27.734356850431325,-2.317634855651402,False,False,0.4812033441684778
C008242,29.23,Sciences,Cote-Nord,G5B,61672,7,251.6,0,Remote,0,False,False,1,30.23672199477992,0.18473028869719244,True,False,0.45549855625165964
C001798,24.95,Genie,Montreal,H1A,81187,7,12.7,0,Centre,0,False,False,0,25.95672199477992,-4.095269711302809,False,False,0.41884476208270316
C001027,34.95,Genie,Montreal,H1A,49236,9,1.2,0,Centre,-1,True,True,1,36.24435685043132,6.192365144348596,False,False,0.5972781889756692
C005820,26.53,Sciences,Montreal,H1A,55330,13,17.7,1,Centre,0,False,False,0,28.399626561734134,-1.6523651443485932,False,False,0.41879721757058147
C004634,33.25,Sante,Capitale-Nationale,G3A,53788,7,7.4,0,Centre,0,False,False,1,34.256721994779916,4.2047302886971885,False,False,0.4914817039455357
C012859,23.04,Sante,Montreal,H2X,50638,9,14.9,0,Centre,0,False,False,0,24.334356850431323,-5.717634855651404,False,False,0.44555701886760596
C001952,23.25,Genie,Bas-Saint-Laurent,G0L,50880,14,269.3,0,Remote,0,False,False,0,25.263443989559836,-4.788547716522892,False,False,0.46648582715397485
C004892,24.69,Sciences sociales,Cote-Nord,G0G,56341,13,204.1,1,Remote,0,False,False,0,26.559626561734134,-3.492365144348593,False,False,0.4291411537045096
C011623,28.22,Sante,Montreal,H3T,84264,7,32.3,0,Centre,0,False,False,0,29.22672199477992,-0.8252697113028091,False,False,0.4047758114725972
C002331,27.15,Sciences,Cote-Nord,G5B,47972,14,231.9,0,Remote,0,False,False,0,29.163443989559834,-0.8885477165228934,False,False,0.417518569577463
C005252,26.44,Sciences sociales,Montreal,H4L,55620,7,26.3,1,Centre,0,False,False,0,27.44672199477992,-2.6052697113028067,False,False,0.4075066893347618
C004476,32.08,Genie,Montreal,H4L,82699,13,21.6,0,Centre,0,False,False,1,33.949626561734135,3.8976348556514075,False,False,0.4590725334023867
C006940,29.89,Sante,Bas-Saint-Laurent,G5N,25176,20,352.5,1,Remote,0,False,True,1,32.76634855651405,2.714356850431326,False,False,0.578420691891246
C012316,32.3,Sciences sociales,Montreal,H3T,59812,11,1.3,0,Centre,0,False,False,1,33.88199170608273,3.830000000000002,False,False,0.5340951596216824
C011871,29.74,Sante,Cote-Nord,G5B,42492,20,212.7,0,Remote,0,False,False,1,32.616348556514055,2.564356850431327,False,False,0.5152919093968439
C008266,26.99,Genie,Montreal,H8N,127299,10,34.6,1,Centre,0,False,False,0,28.428174278257025,-1.6238174278257027,False,False,0.4506171984470099
C000330,27.26,Sante,Montreal,H1A,42874,11,2.0,0,Centre,0,False,False,0,28.84199170608273,-1.2099999999999973,False,False,0.5103709511624857
C010851,26.21,Genie,Montreal,H8N,97165,8,18.0,0,Centre,0,False,False,0,27.360539422605623,-2.691452283477105,False,False,0.4053575770742307
C011581,28.26,Genie,Montreal,H1A,106584,3,14.8,0,Centre,0,False,False,0,28.69145228347711,-1.360539422605619,False,False,0.5021649324185837
C010833,24.86,Sante,Capitale-Nationale,G1V,31971,10,10.5,1,Centre,0,False,False,0,26.298174278257026,-3.7538174278257017,False,False,0.47722771863354513
C013765,33.32,Sciences,Montreal,H4L,121287,11,12.9,0,Centre,0,False,False,1,34.90199170608273,4.850000000000005,False,False,0.5088457199419069
C002917,33.04,Genie,Capitale-Nationale,G2E,112391,9,26.4,0,Centre,0,False,False,1,34.33435685043132,4.282365144348592,False,False,0.48864335651155516
C009671,27.19,Sciences,Bas-Saint-Laurent,G5L,32859,8,55.4,0,Remote,0,False,False,0,28.340539422605623,-1.7114522834771044,False,False,0.4470426766449437
C007719,31.24,Sciences sociales,Gaspesie-Iles-de-la-Madeleine,G0C,36164,15,117.7,1,Remote,0,False,False,1,33.397261417385536,3.3452697113028087,False,False,0.4740294842722794
C000102,28.27,Genie,Montreal,H8N,45123,9,16.0,1,Centre,0,False,False,0,29.564356850431324,-0.48763485565140385,True,False,0.40475264003334654
C004848,29.99,Sante,Gaspesie-Iles-de-la-Madeleine,G5C,48517,15,323.5,1,Remote,0,False,False,1,32.147261417385536,2.0952697113028087,False,False,0.4572648468509874
C002977,34.92,Arts et lettres,Montreal,H2X,56776,6,44.4,0,Centre,0,False,False,1,35.782904566954215,5.730912860871488,False,False,0.5308649405367337
C002240,28.09,Sciences,Capitale-Nationale,G1R,66679,16,6.0,0,Centre,0,False,False,1,30.391078845211243,0.33908713912851596,True,False,0.4823611972859591
C008618,30.73,Genie,Montreal,H1A,71643,18,101.5,1,Centre,0,False,False,1,33.318713700862645,3.2667219947799175,False,False,0.49732448590034883
C006873,32.92,Sciences,Gaspesie-Iles-de-la-Madeleine,G0C,67573,17,282.2,0,Remote,0,False,False,1,35.36489627303695,5.31290456695422,False,False,0.5313737668575907
C003866,29.68,Genie,Gaspesie-Iles-de-la-Madeleine,G0C,51928,19,113.3,0,Remote,0,False,False,1,32.41253112868835,2.3605394226056227,False,False,0.4932750134505608
C004809,24.61,Sciences,Montreal,H2X,67211,6,40.7,0,Centre,0,False,False,0,25.472904566954217,-4.579087139128511,False,False,0.4403343292781431
C003079,26.37,Sciences sociales,Gaspesie-Iles-de-la-Madeleine,G5C,30223,15,225.9,1,Remote,0,False,False,0,28.52726141738554,-1.5247302886971887,False,False,0.4600146124833736
C008933,26.22,Genie,Montreal,H4L,52566,9,18.8,1,Centre,0,False,False,0,27.514356850431323,-2.5376348556514046,False,False,0.39961464200209096
C012382,28.57,Sciences,Montreal,H3T,151695,7,25.7,0,Centre,0,False,False,0,29.57672199477992,-0.4752697113028077,True,False,0.46207390099709544
C010820,28.49,Sciences,Cote-Nord,G4R,67739,21,433.8,1,Remote,0,False,True,1,31.510165984339753,1.458174278257026,False,False,0.5516589100636606
C002721,22.92,Sciences sociales,Montreal,H8N,92394,6,8.0,0,Centre,0,False,False,0,23.78290456695422,-6.269087139128509,False,False,0.48732341427435244
C001474,30.31,Genie,Capitale-Nationale,G3A,109880,10,31.5,1,Centre,0,False,False,1,31.748174278257025,1.6961825721742976,False,False,0.430404342318336
C011393,26.58,Arts et lettres,Montreal,H4L,295920,14,7.5,0,Centre,-1,True,True,0,28.593443989559834,-1.4585477165228937,False,False,0.5780231320603583
C000540,25.37,Sciences,Bas-Saint-Laurent,G5N,48204,8,272.1,1,Remote,0,False,False,0,26.520539422605623,-3.5314522834771047,False,False,0.4598074699425028
C006140,29.88,Sciences sociales,Montreal,H3T,59069,7,22.4,0,Centre,0,False,False,1,30.88672199477992,0.834730288697191,False,False,0.405439223699349
C003798,30.22,Sciences,Capitale-Nationale,G1R,120724,9,47.2,0,Centre,0,False,False,1,31.514356850431323,1.4623651443485954,False,False,0.4567399690789059
C009579,27.58,Genie,Capitale-Nationale,G1R,43243,10,3.9,0,Centre,0,False,False,0,29.018174278257025,-1.0338174278257029,False,False,0.4666783915563272
C008863,29.97,Sante,Bas-Saint-Laurent,G0L,15033,13,251.5,0,Remote,0,False,False,1,31.839626561734132,1.7876348556514046,False,False,0.5461650422582957
C006021,30.01,Genie,Montreal,H4L,49289,10,11.8,1,Centre,0,False,False,1,31.448174278257028,1.3961825721743004,False,False,0.41447251948458613
C008482,28.14,Genie,Montreal,H4L,63953,6,10.9,1,Centre,0,False,False,0,29.002904566954218,-1.0490871391285097,False,False,0.4164092026058525
C002840,22.31,Sciences sociales,Cote-Nord,G0G,112079,15,246.5,1,Remote,0,False,False,0,24.467261417385537,-5.584730288697191,False,False,0.5359369924881134
C013840,26.08,Sante,Bas-Saint-Laurent,G5N,33956,7,180.1,0,Remote,0,False,False,0,27.086721994779918,-2.9652697113028097,False,False,0.467662035965029
C013048,28.52,Genie,Gaspesie-Iles-de-la-Madeleine,G4X,61954,8,136.6,1,Remote,0,False,False,0,29.67053942260562,-0.38145228347710614,True,False,0.4194345567405893
C002622,23.09,Sciences sociales,Montreal,H2X,44378,3,3.0,0,Centre,0,False,True,0,23.521452283477107,-6.530539422605621,False,False,0.5931265078801057
C013546,28.01,Arts et lettres,Montreal,H8N,133454,9,11.9,0,Centre,0,False,False,0,29.304356850431326,-0.7476348556514019,False,False,0.447681790963998
C008326,30.31,Sante,Capitale-Nationale,G1R,52833,13,12.8,0,Centre,0,False,False,1,32.17962656173413,2.1276348556514044,False,False,0.43350328194336546
C004544,26.45,Sante,Cote-Nord,G5B,40563,6,229.4,0,Remote,0,False,False,0,27.312904566954217,-2.739087139128511,False,False,0.48101281761715603
C000537,25.6,Sante,Montreal,H8N,71572,9,20.4,0,Centre,0,False,False,0,26.894356850431326,-3.157634855651402,False,False,0.39730207359569164
C003876,25.68,Sciences sociales,Montreal,H3T,57518,9,18.1,0,Centre,0,False,False,0,26.974356850431324,-3.0776348556514037,False,False,0.40469358899568164
C003217,30.86,Sciences sociales,Montreal,H2X,63266,10,16.4,1,Centre,0,False,False,1,32.29817427825702,2.2461825721742947,False,False,0.40880325564138964
C002232,31.99,Genie,Montreal,H1A,62847,13,8.8,0,Centre,0,False,False,1,33.85962656173413,3.807634855651404,False,False,0.4706087159716121
C001544,31.97,Sante,Bas-Saint-Laurent,G5N,116864,16,123.1,1,Remote,0,False,False,1,34.27107884521124,4.219087139128515,False,False,0.5318035546338746
C002343,29.77,Sciences,Capitale-Nationale,G3A,113653,5,1.2,0,Centre,0,False,True,1,30.489087139128515,0.437095433045787,True,False,0.5675773363263988
C004385,30.4,Genie,Montreal,H8N,64857,8,9.5,1,Centre,0,False,False,1,31.55053942260562,1.4985477165228929,False,False,0.4132699473239701
C010533,31.97,Sante,Cote-Nord,G0G,70507,14,198.5,1,Remote,0,False,False,1,33.98344398955984,3.9314522834771104,False,False,0.47023587505329234
C009901,23.53,Genie,Capitale-Nationale,G1V,92178,4,32.1,0,Centre,0,False,False,0,24.10526971130281,-5.946721994779917,False,False,0.5090360219084621
C003551,27.76,Sciences sociales,Bas-Saint-Laurent,G0L,31076,11,128.0,0,Remote,0,False,False,0,29.34199170608273,-0.7099999999999973,False,False,0.4405854344849434
C000752,29.32,Sciences,Montreal,H4L,57725,4,19.7,0,Centre,0,False,False,0,29.89526971130281,-0.1567219947799181,True,False,0.44974773508321214
C004231,28.79,Arts et lettres,Montreal,H3T,35125,10,6.1,1,Centre,0,False,False,1,30.228174278257026,0.176182572174298,True,False,0.4678763133839158
C005654,21.05,Genie,Montreal,H2X,49267,9,49.1,0,Centre,0,False,False,0,22.344356850431325,-7.707634855651403,False,False,0.5036783532029412
C000834,27.77,Genie,Cote-Nord,G4R,41026,9,125.3,0,Remote,0,False,False,0,29.064356850431324,-0.9876348556514039,False,False,0.42238549333478237
C011527,26.87,Sciences,Capitale-Nationale,G3A,71436,13,8.5,0,Centre,0,False,False,0,28.739626561734134,-1.3123651443485933,False,False,0.4374649386909069
C012004,27.63,Sciences sociales,Montreal,H4L,113827,8,14.4,0,Centre,0,False,False,0,28.78053942260562,-1.2714522834771067,False,False,0.41920520492542523
C000393,25.16,Arts et lettres,Cote-Nord,G0G,41475,17,316.8,1,Remote,0,False,False,0,27.604896273036946,-2.4470954330457815,False,False,0.4805581433895813
C003741,26.43,Arts et lettres,Montreal,H2X,53191,9,19.9,1,Centre,0,False,False,0,27.724356850431324,-2.3276348556514037,False,False,0.3962515337765194
C012041,26.8,Genie,Montreal,H4L,74099,12,38.2,0,Centre,0,False,False,0,28.52580913390843,-1.5261825721742959,False,False,0.408397428530382
C013096,25.26,Sante,Montreal,H8N,65573,8,8.8,1,Centre,0,False,False,0,26.410539422605623,-3.641452283477104,False,False,0.42129645435960916
C011455,26.44,Sciences sociales,Bas-Saint-Laurent,G5N,46612,12,156.1,1,Remote,0,False,False,0,28.165809133908432,-1.8861825721742953,False,False,0.41422685976910856
C009955,25.62,Sciences,Cote-Nord,G4R,65523,16,200.5,1,Remote,0,False,False,0,27.921078845211245,-2.130912860871483,False,False,0.44580243149744003
C010703,25.88,Sciences,Bas-Saint-Laurent,G5L,37483,11,119.1,0,Remote,0,False,False,0,27.461991706082728,-2.59,False,False,0.43114984830587977
C004461,30.35,Arts et lettres,Bas-Saint-Laurent,G5L,54116,20,102.1,0,Remote,0,False,False,1,33.226348556514054,3.1743568504313266,False,False,0.5176973729159261
C012598,28.07,Genie,Montreal,H4L,71523,9,8.5,0,Centre,0,False,False,0,29.364356850431324,-0.6876348556514031,False,False,0.40597924016827136
C002852,30.29,Sciences sociales,Gaspesie-Iles-de-la-Madeleine,G4X,97899,8,191.7,0,Remote,0,False,False,1,31.44053942260562,1.3885477165228934,False,False,0.4652364741826606
C000521,31.46,Arts et lettres,Cote-Nord,G4R,29537,10,158.3,0,Remote,0,False,False,1,32.89817427825703,2.8461825721743033,False,False,0.4869378094345631
C001732,26.51,Sciences,Montreal,H2X,79638,10,24.0,0,Centre,0,False,False,0,27.948174278257028,-2.1038174278256996,False,False,0.39257285177082485
C011337,25.56,Sciences,Montreal,H4L,87617,3,15.0,0,Centre,0,False,False,0,25.991452283477106,-4.060539422605622,False,False,0.4962830921903029
C004695,23.57,Arts et lettres,Montreal,H2X,133326,6,14.8,0,Centre,0,False,False,0,24.432904566954218,-5.61908713912851,False,False,0.5032807582708293
C003243,32.36,Sciences,Montreal,H1A,34414,11,44.9,0,Centre,0,False,False,1,33.94199170608273,3.890000000000004,False,False,0.4876417137417112
C013664,23.73,Sciences,Montreal,H8N,115611,8,11.0,1,Centre,0,False,False,0,24.880539422605622,-5.171452283477105,False,False,0.4632643445745461
C009099,30.67,Sciences,Cote-Nord,G5B,57785,12,210.0,1,Remote,0,False,False,1,32.395809133908436,2.3438174278257087,False,False,0.43318239867232283
C005364,28.41,Sciences,Montreal,H1A,112466,11,13.9,0,Centre,0,False,False,0,29.99199170608273,-0.05999999999999872,True,False,0.42910678979016936
C013205,25.27,Sciences,Capitale-Nationale,G1R,52268,7,21.2,0,Centre,0,False,False,0,26.27672199477992,-3.7752697113028084,False,False,0.4185990806848855
C009252,32.47,Sante,Cote-Nord,G4R,80643,10,171.8,1,Remote,0,False,False,1,33.90817427825702,3.856182572174294,False,False,0.4708067613206277
C009029,27.02,Genie,Capitale-Nationale,G3A,71749,3,11.6,0,Centre,0,False,False,0,27.451452283477106,-2.600539422605621,False,False,0.4889519922376934
C009864,20.29,Genie,Bas-Saint-Laurent,G5L,52028,7,290.4,1,Remote,0,False,True,0,21.29672199477992,-8.755269711302809,False,False,0.5635333314273885
C002162,30.64,Genie,Bas-Saint-Laurent,G5L,149580,13,97.7,0,Remote,0,False,False,1,32.50962656173414,2.45763485565141,False,False,0.5107424202960245
C004986,31.35,Sciences,Bas-Saint-Laurent,G5L,29942,15,190.6,1,Remote,0,False,False,1,33.50726141738554,3.4552697113028152,False,False,0.49394894826889313
C005874,25.53,Sciences,Bas-Saint-Laurent,G5N,47156,15,186.0,0,Remote,0,False,False,0,27.687261417385542,-2.364730288697185,False,False,0.439097327880885
C005529,30.18,Sante,Cote-Nord,G4R,37168,9,145.4,1,Remote,0,False,False,1,31.474356850431324,1.4223651443485963,False,False,0.4511835406466293
C010567,28.06,Sante,Montreal,H8N,154075,11,3.6,0,Centre,0,False,False,0,29.641991706082727,-0.41000000000000014,True,False,0.5210085896711876
C008208,24.87,Genie,Montreal,H3T,44761,15,49.9,0,Centre,0,False,False,0,27.02726141738554,-3.0247302886971887,False,False,0.4602022890177732
C004479,24.85,Arts et lettres,Gaspesie-Iles-de-la-Madeleine,G0C,42370,9,440.0,1,Remote,0,False,False,0,26.144356850431326,-3.907634855651402,False,False,0.4983838419246275
C009698,28.52,Genie,Montreal,H8N,248805,11,38.9,0,Centre,0,False,False,1,30.10199170608273,0.05000000000000071,True,False,0.5482338122933285
C000502,22.3,Sciences sociales,Cote-Nord,G5B,49342,12,153.2,1,Remote,0,False,False,0,24.02580913390843,-6.026182572174296,False,False,0.47519047625671096
C007771,19.5,Sciences,Capitale-Nationale,G1R,83201,6,37.5,0,Centre,-1,True,True,0,20.362904566954217,-9.68908713912851,False,False,0.5498806806288855
C005367,27.54,Arts et lettres,Montreal,H2X,137914,4,21.6,0,Centre,0,False,False,0,28.11526971130281,-1.9367219947799192,False,False,0.49440239159812266
C013643,25.18,Sante,Cote-Nord,G4R,22967,16,273.6,1,Remote,0,False,False,0,27.481078845211243,-2.570912860871484,False,False,0.523693414867323
C011055,28.96,Genie,Bas-Saint-Laurent,G0L,98617,15,220.5,0,Remote,0,False,False,1,31.117261417385542,1.0652697113028147,False,False,0.4614304982697171
C004889,24.34,Sante,Bas-Saint-Laurent,G0L,65607,8,89.3,1,Remote,0,False,False,0,25.49053942260562,-4.561452283477106,False,False,0.44024510669058264
C010055,24.07,Sciences,Bas-Saint-Laurent,G5L,26352,13,166.7,0,Remote,0,False,False,0,25.939626561734134,-4.112365144348594,False,False,0.4978474775500155
C007548,23.6,Arts et lettres,Montreal,H4L,74672,9,6.0,0,Centre,0,False,False,0,24.894356850431326,-5.157634855651402,False,False,0.4539664114376864
C006539,35.21,Sciences sociales,Montreal,H2X,71260,8,43.0,1,Centre,0,False,False,1,36.36053942260562,6.308547716522892,False,False,0.5182292150236377
C009833,27.66,Arts et lettres,Gaspesie-Iles-de-la-Madeleine,G5C,64337,10,146.8,1,Remote,0,False,False,0,29.098174278257027,-0.953817427825701,False,False,0.4084815560971191
C011200,32.54,Genie,Capitale-Nationale,G2E,70122,12,14.7,0,Centre,0,False,False,1,34.265809133908434,4.213817427825706,False,False,0.4528887073875746
C011884,28.1,Sciences sociales,Gaspesie-Iles-de-la-Madeleine,G5C,50350,15,110.8,0,Remote,0,False,False,1,30.257261417385543,0.20526971130281524,True,False,0.4313311357032441
C010339,24.83,Sciences,Montreal,H8N,43787,4,23.6,1,Centre,0,False,False,0,25.405269711302807,-4.64672199477992,False,False,0.49856518996185284
C001353,27.88,Genie,Bas-Saint-Laurent,G0L,76802,11,157.3,1,Remote,0,False,False,0,29.461991706082728,-0.5899999999999999,False,False,0.41686281423914534
C003257,25.71,Genie,Gaspesie-Iles-de-la-Madeleine,G0C,72322,21,239.5,0,Remote,0,False,False,0,28.730165984339756,-1.3218257217429716,False,False,0.5205749789573747
C003180,29.67,Sante,Montreal,H4L,74440,8,28.9,0,Centre,0,False,False,1,30.820539422605624,0.768547716522896,False,False,0.3954005266411368
C008086,21.89,Sante,Bas-Saint-Laurent,G5N,30051,17,156.2,0,Remote,0,False,True,0,24.334896273036946,-5.717095433045781,False,False,0.5567834371884718
C004411,31.15,Sciences sociales,Capitale-Nationale,G2E,55116,7,8.6,0,Centre,0,False,False,1,32.156721994779915,2.104730288697187,False,False,0.44536953997198575
C001655,27.6,Sciences,Capitale-Nationale,G2E,93618,6,25.3,0,Centre,0,False,False,0,28.46290456695422,-1.5890871391285089,False,False,0.41833298875306263
C012718,27.56,Genie,Montreal,H4L,102801,6,23.6,1,Centre,0,False,False,0,28.422904566954216,-1.6290871391285116,False,False,0.42657026737682985
C011808,22.4,Sciences sociales,Montreal,H8N,137681,4,42.5,0,Centre,0,False,True,0,22.975269711302808,-7.07672199477992,False,False,0.5640285403086542
C006903,26.24,Sciences sociales,Bas-Saint-Laurent,G5L,64237,10,350.6,0,Remote,0,False,False,0,27.678174278257025,-2.3738174278257027,False,False,0.4456769956620181
C011493,30.9,Sciences,Cote-Nord,G0G,70907,11,237.9,0,Remote,0,False,False,1,32.48199170608273,2.4300000000000033,False,False,0.44347416038667176
C004035,26.11,Genie,Cote-Nord,G5B,50605,10,533.5,0,Remote,0,False,False,0,27.548174278257026,-2.5038174278257017,False,False,0.49100954659900997
C012593,25.58,Sante,Cote-Nord,G5B,67701,14,270.0,0,Remote,0,False,False,0,27.593443989559834,-2.4585477165228937,False,False,0.4364218553402333
C001473,26.83,Arts et lettres,Montreal,H4L,67919,15,14.3,0,Centre,0,False,False,0,28.98726141738554,-1.0647302886971879,False,False,0.44294400931449923
C010413,24.07,Sciences,Montreal,H4L,77700,12,12.7,0,Centre,0,False,False,0,25.79580913390843,-4.256182572174296,False,False,0.4347989489762865
C008289,28.54,Sciences,Capitale-Nationale,G1V,47034,9,44.0,1,Centre,0,False,False,0,29.834356850431323,-0.21763485565140428,True,False,0.40828311265345085
C005158,27.87,Sciences,Montreal,H4L,50591,15,4.5,0,Centre,0,False,False,0,30.02726141738554,-0.02473028869718874,True,False,0.49343675034665296
C005388,18.36,Genie,Gaspesie-Iles-de-la-Madeleine,G5C,64323,11,42.0,0,Remote,-1,True,False,0,19.941991706082728,-10.11,False,False,0.5407605505132315
C012250,29.5,Genie,Capitale-Nationale,G1R,79938,5,32.2,0,Centre,0,False,False,1,30.21908713912851,0.1670954330457839,True,False,0.4377061115242484
C007446,23.93,Sciences sociales,Gaspesie-Iles-de-la-Madeleine,G5C,44908,16,107.9,1,Remote,0,False,False,0,26.231078845211243,-3.820912860871484,False,False,0.47249508906964405
C005571,25.93,Sciences,Capitale-Nationale,G3A,101222,5,15.7,1,Centre,0,False,False,0,26.64908713912851,-3.4029045669542164,False,False,0.4523919850658952
C012187,24.93,Sciences sociales,Bas-Saint-Laurent,G0L,66486,15,342.3,1,Remote,0,False,False,0,27.08726141738554,-2.9647302886971865,False,False,0.46007496697222067
C013692,28.49,Sciences,Capitale-Nationale,G1R,72911,5,8.3,0,Centre,0,False,False,0,29.209087139128513,-0.8429045669542141,False,False,0.44782910873842824
C006967,19.97,Arts et lettres,Cote-Nord,G4R,26834,13,262.4,0,Remote,0,False,True,0,21.839626561734132,-8.212365144348595,False,False,0.5783607836535891
C008081,25.92,Arts et lettres,Montreal,H2X,33545,8,19.6,1,Centre,0,False,False,0,27.070539422605624,-2.981452283477104,False,False,0.4384953587823421
C013572,25.96,Arts et lettres,Montreal,H1A,41654,10,5.2,0,Centre,0,False,False,0,27.398174278257027,-2.6538174278257003,False,False,0.4670679680162453
C000575,28.25,Genie,Montreal,H4L,203555,8,25.4,0,Centre,0,False,False,0,29.400539422605622,-0.6514522834771057,False,False,0.5211351755622321
C012600,26.14,Genie,Gaspesie-Iles-de-la-Madeleine,G5C,25719,9,151.5,0,Remote,0,False,False,0,27.434356850431325,-2.617634855651403,False,False,0.48277069876706763
C012113,35.78,Sciences sociales,Montreal,H1A,30238,8,11.2,1,Centre,0,False,True,1,36.93053942260562,6.878547716522892,False,False,0.5696466956768133
C001992,30.05,Sciences sociales,Capitale-Nationale,G3A,58076,7,19.8,0,Centre,0,False,False,1,31.05672199477992,1.0047302886971927,False,False,0.4069939254297154
C002019,25.41,Sciences sociales,Montreal,H2X,94668,7,19.8,0,Centre,0,False,False,0,26.41672199477992,-3.635269711302808,False,False,0.4179188324913502
C003287,27.19,Genie,Montreal,H8N,40840,7,76.0,1,Centre,0,False,False,0,28.19672199477992,-1.8552697113028067,False,False,0.4428616558209456
C009900,29.6,Arts et lettres,Gaspesie-Iles-de-la-Madeleine,G0C,50754,23,230.0,0,Remote,0,False,False,1,32.90780083999116,2.8558091339084335,False,False,0.5458273968115421
C000024,26.12,Arts et lettres,Montreal,H4L,70053,16,20.2,0,Centre,0,False,False,0,28.421078845211245,-1.630912860871483,False,False,0.45306112226877654
C004019,24.17,Genie,Montreal,H8N,27868,7,24.5,0,Centre,0,False,False,0,25.17672199477992,-4.875269711302806,False,False,0.5055784826937433
C001922,31.39,Sciences,Montreal,H2X,107197,10,2.9,0,Centre,0,False,False,1,32.82817427825702,2.776182572174296,False,False,0.5080521839298207
C012769,27.61,Arts et lettres,Cote-Nord,G4R,13637,11,326.6,0,Remote,-1,True,True,0,29.191991706082728,-0.8599999999999994,False,False,0.5515033298101477
C012935,24.33,Arts et lettres,Gaspesie-Iles-de-la-Madeleine,G0C,53755,7,203.2,1,Remote,0,False,False,0,25.336721994779918,-4.71526971130281,False,False,0.46480810669174966
C013407,22.06,Arts et lettres,Bas-Saint-Laurent,G5L,48708,14,85.7,0,Remote,0,False,False,0,24.073443989559834,-5.978547716522893,False,False,0.4935277206681594
C005950,31.23,Sciences sociales,Gaspesie-Iles-de-la-Madeleine,G4X,41732,15,114.3,1,Remote,0,False,False,1,33.38726141738554,3.3352697113028107,False,False,0.4652224381107728
C004614,27.62,Sante,Gaspesie-Iles-de-la-Madeleine,G0C,91705,16,344.4,0,Remote,0,False,False,0,29.921078845211245,-0.1309128608714829,True,False,0.47577283325760655
C008953,29.71,Sciences,Montreal,H1A,130482,7,4.5,0,Centre,0,False,False,1,30.71672199477992,0.6647302886971929,False,False,0.49071209354262485
C009831,31.55,Arts et lettres,Montreal,H2X,33800,6,34.5,0,Centre,0,False,False,1,32.41290456695422,2.3609128608714904,False,False,0.4943375816720145
C008295,28.37,Genie,Montreal,H4L,110485,9,44.5,0,Centre,0,False,False,0,29.664356850431325,-0.38763485565140243,True,False,0.4292182598943762
C001652,25.77,Sante,Montreal,H4L,51105,15,11.9,0,Centre,0,False,False,0,27.927261417385537,-2.12473028869719,False,False,0.4628879913150574
C012431,27.64,Arts et lettres,Bas-Saint-Laurent,G5L,67754,14,162.0,1,Remote,0,False,False,0,29.653443989559836,-0.39854771652289145,True,False,0.41679185685943065
C008721,28.59,Arts et lettres,Capitale-Nationale,G2E,51032,9,3.2,0,Centre,0,False,False,0,29.884356850431324,-0.16763485565140357,True,False,0.45866148605571105
C013145,34.03,Genie,Cote-Nord,G5B,74170,12,96.3,0,Remote,0,False,False,1,35.755809133908436,5.703817427825708,False,False,0.504193543967123
C000960,27.14,Arts et lettres,Capitale-Nationale,G1V,69335,15,28.3,1,Centre,0,False,False,0,29.297261417385542,-0.7547302886971856,False,False,0.43670197115325055
C011139,28.14,Sciences sociales,Gaspesie-Iles-de-la-Madeleine,G4X,42011,8,283.4,0,Remote,0,False,False,0,29.290539422605622,-0.7614522834771051,False,False,0.458476559153444
C000072,35.91,Arts et lettres,Cote-Nord,G5B,87266,11,260.8,0,Remote,-1,True,True,1,37.49199170608273,7.440000000000001,False,False,0.5518640454650553
C002998,31.14,Arts et lettres,Capitale-Nationale,G1R,79134,8,22.5,0,Centre,0,False,False,1,32.29053942260562,2.2385477165228913,False,False,0.4132502200967811
C012748,29.01,Sciences sociales,Capitale-Nationale,G1R,64745,15,30.9,0,Centre,0,False,False,1,31.16726141738554,1.1152697113028118,False,False,0.43465071917698445
C001554,27.8,Genie,Bas-Saint-Laurent,G5N,83995,5,301.0,0,Remote,0,False,False,0,28.519087139128516,-1.5329045669542118,False,False,0.5063778566457822
C013829,28.04,Genie,Capitale-Nationale,G1R,85005,8,9.2,0,Centre,0,False,False,0,29.19053942260562,-0.8614522834771066,False,False,0.40765186643408136
C006017,27.65,Sciences sociales,Gaspesie-Iles-de-la-Madeleine,G0C,49466,18,68.5,0,Remote,0,False,False,1,30.238713700862647,0.18672199477991924,True,False,0.4734110460904114
C006324,31.95,Genie,Montreal,H2X,33179,12,3.0,1,Centre,0,False,True,1,33.67580913390843,3.6238174278257027,False,False,0.5497806951710688
C000385,27.79,Sciences sociales,Cote-Nord,G0G,54593,19,140.7,0,Remote,0,False,False,1,30.52253112868835,0.4705394226056221,True,False,0.47895745592111805
C005112,27.79,Arts et lettres,Cote-Nord,G5B,56118,14,66.0,0,Remote,0,False,False,0,29.803443989559835,-0.24854771652289287,True,False,0.42724602697277714
C010081,21.08,Sciences sociales,Gaspesie-Iles-de-la-Madeleine,G0C,62946,12,219.6,1,Remote,0,False,False,0,22.80580913390843,-7.246182572174298,False,False,0.5022270004106977
C007420,33.87,Sciences sociales,Capitale-Nationale,G1R,36755,13,22.8,0,Centre,0,False,False,1,35.739626561734134,5.687634855651407,False,False,0.5253578781272344
C013665,34.04,Sciences,Bas-Saint-Laurent,G5L,101414,11,167.4,1,Remote,0,False,False,1,35.62199170608273,5.570000000000004,False,False,0.5241346907185274
C007463,23.95,Genie,Montreal,H3T,78678,9,33.7,1,Centre,0,False,False,0,25.244356850431323,-4.807634855651404,False,False,0.424437694771472
C003444,28.83,Genie,Montreal,H4L,38358,7,17.5,0,Centre,0,False,False,0,29.836721994779918,-0.2152697113028097,True,False,0.43451998315544843
C013398,29.06,Sciences sociales,Cote-Nord,G0G,100794,6,79.7,0,Remote,0,False,False,0,29.922904566954216,-0.12908713912851155,True,False,0.4645343026468312
C010506,24.71,Sante,Montreal,H1A,46008,15,29.3,0,Centre,0,False,False,0,26.867261417385542,-3.1847302886971853,False,False,0.4602228008461297
C013058,25.64,Sante,Gaspesie-Iles-de-la-Madeleine,G4X,45366,16,270.7,0,Remote,0,False,False,0,27.941078845211244,-2.1109128608714833,False,False,0.452700928271887
C010186,29.63,Genie,Gaspesie-Iles-de-la-Madeleine,G4X,53600,14,181.7,1,Remote,0,False,False,1,31.643443989559835,1.591452283477107,False,False,0.42448317147436265
C003012,26.49,Sante,Capitale-Nationale,G3A,39003,7,21.2,0,Centre,0,False,False,0,27.496721994779918,-2.5552697113028096,False,False,0.4351530487560629
C007375,26.59,Arts et lettres,Capitale-Nationale,G1V,59030,7,1.5,0,Centre,0,False,False,0,27.59672199477992,-2.455269711302808,False,False,0.5107264131044135
C009699,29.48,Sante,Montreal,H4L,195777,14,27.1,1,Centre,0,False,False,1,31.493443989559836,1.4414522834771084,False,False,0.5478448040686592
C002766,22.67,Genie,Montreal,H2X,126614,11,9.8,0,Centre,0,False,False,0,24.25199170608273,-5.799999999999997,False,False,0.513957246912037
C008127,32.34,Sciences sociales,Gaspesie-Iles-de-la-Madeleine,G4X,25731,14,82.2,0,Remote,0,False,False,1,34.35344398955984,4.301452283477115,False,False,0.5423535159058562
C004481,28.92,Genie,Montreal,H1A,82934,1,19.0,1,Centre,0,False,False,0,29.063817427825704,-0.9881742782570235,False,False,0.5050345836560889
C009593,25.93,Sciences sociales,Cote-Nord,G0G,63762,9,127.3,1,Remote,0,False,False,0,27.224356850431324,-2.8276348556514037,False,False,0.4198055487970603
C005818,30.63,Sciences sociales,Montreal,H3T,63133,10,32.4,0,Centre,0,False,False,1,32.068174278257025,2.016182572174298,False,False,0.40365310290086615
C007070,26.98,Genie,Montreal,H1A,51255,10,12.3,1,Centre,0,False,False,0,28.418174278257027,-1.6338174278257007,False,False,0.40887689686220696
C009608,26.69,Sciences sociales,Capitale-Nationale,G1R,39478,8,7.1,1,Centre,0,False,False,0,27.840539422605623,-2.2114522834771044,False,False,0.455377179997757
C009010,27.59,Sante,Montreal,H3T,102018,10,39.9,0,Centre,0,False,False,0,29.028174278257026,-1.0238174278257013,False,False,0.4188791182490052
C003049,29.45,Sciences sociales,Montreal,H8N,117117,10,40.5,1,Centre,0,False,False,1,30.888174278257026,0.8361825721742981,False,False,0.44425327078478954
C004977,29.87,Genie,Capitale-Nationale,G2E,123225,11,39.9,1,Centre,0,False,False,1,31.45199170608273,1.4000000000000021,False,False,0.4535513076676041
C004679,28.01,Genie,Montreal,H2X,40214,9,25.7,0,Centre,0,False,False,0,29.304356850431326,-0.7476348556514019,False,False,0.4149420664870636
C008333,27.47,Arts et lettres,Montreal,H1A,48672,9,32.5,0,Centre,0,False,False,0,28.764356850431323,-1.2876348556514046,False,False,0.3993985681355382
C010363,24.26,Sante,Capitale-Nationale,G1V,146522,6,33.2,0,Centre,0,False,False,0,25.12290456695422,-4.929087139128509,False,False,0.5014162384206449
C009871,27.95,Sante,Capitale-Nationale,G1V,57772,4,6.9,0,Centre,0,False,False,0,28.52526971130281,-1.526721994779919,False,False,0.48176286957640735
C008165,27.21,Sciences sociales,Montreal,H8N,94554,8,27.9,0,Centre,0,False,False,0,28.360539422605623,-1.6914522834771049,False,False,0.40065681177758433
C009734,30.7,Genie,Cote-Nord,G4R,71578,15,155.9,1,Remote,0,False,False,1,32.85726141738554,2.8052697113028096,False,False,0.4554648969259484
C011268,33.53,Arts et lettres,Montreal,H4L,139151,15,14.1,0,Centre,-1,True,True,1,35.68726141738554,5.635269711302815,False,False,0.5652575606059461
C008978,36.01,Sciences,Montreal,H8N,93187,5,8.1,0,Centre,0,False,True,1,36.72908713912851,6.677095433045782,False,False,0.5725738895251605
C012050,30.73,Genie,Bas-Saint-Laurent,G0L,54477,10,194.7,0,Remote,0,False,False,1,32.16817427825703,2.1161825721742993,False,False,0.4348164509067661
C006182,29.7,Sciences,Montreal,H3T,69555,11,7.4,0,Centre,0,False,False,1,31.281991706082728,1.2300000000000004,False,False,0.4199224639512031
C007097,27.5,Sciences,Montreal,H3T,67642,10,40.2,0,Centre,0,False,False,0,28.938174278257026,-1.1138174278257011,False,False,0.39941330260265284
C009653,23.71,Sciences sociales,Capitale-Nationale,G2E,64152,5,15.3,1,Centre,0,False,False,0,24.429087139128512,-5.622904566954215,False,False,0.4612547347662116
C008283,26.43,Arts et lettres,Capitale-Nationale,G1R,71293,10,46.0,0,Centre,0,False,False,0,27.868174278257026,-2.1838174278257014,False,False,0.4065485168353059
C010766,26.23,Genie,Capitale-Nationale,G3A,155060,16,7.0,0,Centre,0,False,True,0,28.531078845211244,-1.5209128608714835,False,False,0.5589302178394461
C005386,23.64,Sciences,Bas-Saint-Laurent,G0L,35468,16,205.0,0,Remote,0,False,False,0,25.941078845211244,-4.110912860871483,False,False,0.49161389812120193
C008798,29.6,Arts et lettres,Montreal,H2X,130396,6,6.1,0,Centre,0,False,False,1,30.46290456695422,0.41091286087149115,True,False,0.491829057544194
C005824,23.11,Sciences sociales,Bas-Saint-Laurent,G5N,139841,9,205.9,1,Remote,0,False,False,0,24.404356850431324,-5.647634855651404,False,False,0.5321280010649931
C000407,30.55,Sciences sociales,Montreal,H4L,96595,16,34.8,1,Centre,0,False,False,1,32.85107884521124,2.7990871391285133,False,False,0.4804457612372604
C004227,23.08,Sciences sociales,Cote-Nord,G5B,122139,9,442.1,0,Remote,0,False,True,0,24.374356850431322,-5.677634855651405,False,False,0.5633835265888677
C008550,21.06,Sante,Montreal,H4L,100430,5,57.0,1,Centre,-1,True,True,0,21.779087139128514,-8.272904566954214,False,False,0.5527002031738917
C000440,27.24,Sciences sociales,Montreal,H3T,67205,18,29.1,0,Centre,0,False,False,0,29.828713700862647,-0.2232780052200809,True,False,0.47325165020045734
C002511,25.85,Sciences sociales,Gaspesie-Iles-de-la-Madeleine,G5C,111490,20,118.7,0,Remote,0,False,False,0,28.726348556514054,-1.3256431495686734,False,False,0.5316911950369279
C008608,25.63,Genie,Montreal,H8N,53513,8,20.2,0,Centre,0,False,False,0,26.78053942260562,-3.2714522834771067,False,False,0.40318740303250034
C000880,26.7,Sante,Montreal,H1A,88682,13,16.9,0,Centre,0,False,False,0,28.569626561734133,-1.482365144348595,False,False,0.42820298582804184
C004538,25.4,Genie,Bas-Saint-Laurent,G5L,47916,16,221.7,0,Remote,0,False,False,0,27.701078845211242,-2.3509128608714853,False,False,0.4470523747840559
C007934,26.77,Sciences sociales,Montreal,H1A,50685,8,5.9,1,Centre,0,False,False,0,27.92053942260562,-2.131452283477106,False,False,0.4361386792623375
C008854,23.73,Sciences,Montreal,H4L,99207,10,3.0,0,Centre,0,False,False,0,25.168174278257027,-4.883817427825701,False,False,0.5035767198931999
C007406,25.24,Sante,Montreal,H8N,36562,9,44.3,1,Centre,0,False,False,0,26.534356850431323,-3.517634855651405,False,False,0.4452029663839687
C005939,23.84,Genie,Gaspesie-Iles-de-la-Madeleine,G0C,46452,18,219.6,0,Remote,0,False,False,0,26.428713700862648,-3.6232780052200795,False,False,0.4936972110796247
C003258,31.23,Genie,Montreal,H8N,32191,8,13.5,0,Centre,0,False,False,1,32.38053942260562,2.3285477165228947,False,False,0.47563747348471447
C000607,24.89,Sciences sociales,Cote-Nord,G5B,61077,11,198.8,1,Remote,0,False,False,0,26.47199170608273,-3.5799999999999983,False,False,0.4267313715190607
C011753,24.84,Sciences sociales,Montreal,H8N,115285,6,27.6,1,Centre,0,False,False,0,25.702904566954217,-4.34908713912851,False,False,0.46559182106716257
C013754,33.85,Sciences sociales,Capitale-Nationale,G2E,56661,12,13.5,0,Centre,0,False,False,1,35.575809133908436,5.523817427825708,False,False,0.49387912271479384
C000623,20.86,Arts et lettres,Montreal,H8N,198432,11,24.5,0,Centre,-1,True,True,0,22.441991706082728,-7.609999999999999,False,False,0.5971521817837714
C000118,33.07,Genie,Capitale-Nationale,G3A,111588,8,23.3,0,Centre,0,False,False,1,34.22053942260562,4.168547716522891,False,False,0.49067209958028385
C010923,28.37,Arts et lettres,Montreal,H8N,81982,8,5.0,0,Centre,0,False,False,0,29.520539422605623,-0.5314522834771047,False,False,0.4309774145951919
C010234,23.61,Sante,Montreal,H1A,92308,9,26.0,0,Centre,0,False,False,0,24.904356850431324,-5.147634855651404,False,False,0.43393510408308683
C002419,24.01,Arts et lettres,Montreal,H2X,55408,3,19.0,0,Centre,0,False,False,0,24.44145228347711,-5.610539422605619,False,False,0.5158321513556235
C013436,27.56,Sciences,Montreal,H4L,93045,7,2.1,1,Centre,0,False,False,0,28.56672199477992,-1.4852697113028093,False,False,0.4958429961517444
C003248,33.81,Genie,Montreal,H4L,91994,7,9.2,0,Centre,0,False,False,1,34.81672199477992,4.764730288697191,False,False,0.5035498080037676
C013044,28.1,Genie,Montreal,H1A,119833,10,14.5,0,Centre,0,False,False,0,29.538174278257028,-0.5138174278256997,False,False,0.43064884253574237
C005746,29.06,Genie,Montreal,H4L,161867,6,30.2,0,Centre,0,False,False,0,29.922904566954216,-0.12908713912851155,True,False,0.4998785274601877
C006861,31.94,Arts et lettres,Gaspesie-Iles-de-la-Madeleine,G4X,59111,14,206.3,1,Remote,0,False,False,1,33.95344398955984,3.9014522834771093,False,False,0.46149547832634474
C005561,28.24,Genie,Gaspesie-Iles-de-la-Madeleine,G5C,31960,9,152.6,1,Remote,0,False,False,0,29.534356850431323,-0.517634855651405,False,False,0.4469605880499244
C007645,28.08,Genie,Capitale-Nationale,G1V,86659,11,13.1,0,Centre,0,False,False,0,29.661991706082727,-0.39000000000000057,True,False,0.4034586899995567
C006375,27.51,Sciences,Cote-Nord,G5B,39014,17,180.4,0,Remote,0,False,False,0,29.954896273036947,-0.09709543304578006,True,False,0.45490704870452414
C000210,24.22,Sciences,Montreal,H4L,88961,7,23.8,0,Centre,0,False,False,0,25.22672199477992,-4.825269711302809,False,False,0.4271858346031155
C002553,32.2,Sciences,Montreal,H3T,39471,7,61.1,0,Centre,0,False,False,1,33.20672199477992,3.1547302886971913,False,False,0.4893495860095273
C008951,32.3,Genie,Montreal,H2X,69119,7,11.8,0,Centre,0,False,False,1,33.30672199477991,3.2547302886971856,False,False,0.4503719582883974
C004435,23.14,Genie,Capitale-Nationale,G3A,127426,5,11.0,0,Centre,0,False,False,0,23.859087139128512,-6.1929045669542155,False,False,0.5255435392940561
C008288,27.34,Sciences,Capitale-Nationale,G3A,92412,3,11.7,0,Centre,0,False,False,0,27.771452283477107,-2.280539422605621,False,False,0.49466489682402
C003094,31.68,Sciences sociales,Capitale-Nationale,G1R,77012,7,7.8,0,Centre,0,False,False,1,32.686721994779916,2.634730288697188,False,False,0.4529777543417402
C001723,22.97,Genie,Bas-Saint-Laurent,G0L,46740,13,215.7,1,Remote,0,False,False,0,24.839626561734132,-5.212365144348595,False,False,0.46450175092617907
C013352,23.15,Sciences,Capitale-Nationale,G1V,51495,7,12.1,1,Centre,0,False,False,0,24.156721994779918,-5.895269711302809,False,False,0.4561881357013611
C012312,26.38,Sciences sociales,Montreal,H1A,109482,9,22.1,1,Centre,0,False,False,0,27.674356850431323,-2.3776348556514044,False,False,0.41236836984332936
C000430,28.04,Genie,Bas-Saint-Laurent,G5L,50220,14,242.9,1,Remote,0,False,False,1,30.053443989559835,0.0014522834771071302,True,False,0.4203170986669264
C001177,26.95,Genie,Montreal,H3T,100067,5,23.5,0,Centre,0,False,False,0,27.669087139128514,-2.3829045669542133,False,False,0.44266222853741644
C010139,22.26,Sciences sociales,Montreal,H1A,78356,8,10.9,1,Centre,0,False,False,0,23.410539422605623,-6.641452283477104,False,False,0.4715242808227548
C011321,27.17,Sciences,Bas-Saint-Laurent,G5N,95602,13,133.1,1,Remote,0,False,False,0,29.039626561734135,-1.0123651443485926,False,False,0.43807503434735506
C000597,28.62,Arts et lettres,Bas-Saint-Laurent,G5L,80947,4,158.5,0,Remote,0,False,False,0,29.19526971130281,-0.8567219947799174,False,False,0.49902710298951575
C003147,28.14,Sciences sociales,Cote-Nord,G4R,35459,15,151.2,1,Remote,0,False,False,1,30.297261417385542,0.24526971130281439,True,False,0.4424901314039576
C004693,24.87,Sciences,Capitale-Nationale,G3A,61660,12,12.0,0,Centre,0,False,False,0,26.595809133908432,-3.4561825721742956,False,False,0.42396987122305824
C010096,28.24,Genie,Gaspesie-Iles-de-la-Madeleine,G0C,20312,12,105.9,1,Remote,0,False,False,0,29.96580913390843,-0.08618257217429814,True,False,0.5020198453017503
C001328,26.24,Sciences,Montreal,H2X,82501,12,23.4,0,Centre,0,False,False,0,27.96580913390843,-2.086182572174298,False,False,0.4082044350676698
C013236,29.6,Sciences,Montreal,H4L,134461,11,34.4,0,Centre,0,False,False,1,31.18199170608273,1.1300000000000026,False,False,0.45577764731274606
C004968,23.15,Genie,Montreal,H1A,93832,11,12.4,0,Centre,0,False,False,0,24.731991706082727,-5.32,False,False,0.4614675749404961
C004173,23.92,Genie,Capitale-Nationale,G1R,54184,15,9.7,0,Centre,0,False,False,0,26.077261417385543,-3.9747302886971845,False,False,0.48706768195628486
C004269,32.12,Sciences,Capitale-Nationale,G3A,40681,11,34.8,0,Centre,0,False,False,1,33.70199170608273,3.650000000000002,False,False,0.4623428668388595
C000453,34.02,Genie,Gaspesie-Iles-de-la-Madeleine,G5C,22904,13,187.7,0,Remote,-1,True,True,1,35.88962656173414,5.837634855651412,False,False,0.5614851204461602
C010224,28.48,Sante,Gaspesie-Iles-de-la-Madeleine,G0C,33881,16,385.4,1,Remote,0,False,False,1,30.781078845211244,0.7290871391285165,False,False,0.48706295813214656
C000698,24.62,Sciences,Montreal,H8N,69603,12,13.0,0,Centre,0,False,False,0,26.345809133908432,-3.7061825721742956,False,False,0.4210454373533609
C007886,26.11,Sciences,Cote-Nord,G5B,44959,18,90.8,1,Remote,0,False,False,0,28.698713700862648,-1.35327800522008,False,False,0.4735585526576579
C002566,30.23,Sciences sociales,Montreal,H1A,52095,10,9.1,0,Centre,0,False,False,1,31.668174278257027,1.6161825721742993,False,False,0.42506510253649205
C008478,28.5,Genie,Montreal,H2X,81049,8,15.5,0,Centre,0,False,False,0,29.650539422605622,-0.4014522834771057,True,False,0.39201740337011287
C012605,27.05,Genie,Gaspesie-Iles-de-la-Madeleine,G5C,21042,12,313.4,1,Remote,0,False,False,0,28.77580913390843,-1.2761825721742959,False,False,0.5083773191388482
C007472,29.04,Genie,Gaspesie-Iles-de-la-Madeleine,G5C,19253,13,298.1,0,Remote,0,False,False,1,30.909626561734132,0.8576348556514048,False,False,0.5277998953789333
C008987,31.13,Arts et lettres,Montreal,H4L,29946,7,16.2,1,Centre,0,False,False,1,32.13672199477992,2.084730288697191,False,False,0.4933996076113516
C001423,23.87,Genie,Cote-Nord,G0G,41103,18,383.2,1,Remote,0,False,False,0,26.45871370086265,-3.5932780052200783,False,False,0.5305626677659484
C010240,26.27,Arts et lettres,Montreal,H3T,78781,7,37.8,1,Centre,0,False,False,0,27.27672199477992,-2.7752697113028084,False,False,0.4119730210225464
C010929,29.85,Sciences,Bas-Saint-Laurent,G5L,116509,11,130.4,0,Remote,0,False,False,1,31.43199170608273,1.3800000000000026,False,False,0.46479261003227185
C005122,26.46,Arts et lettres,Montreal,H4L,74461,5,14.6,1,Centre,0,False,False,0,27.179087139128512,-2.8729045669542153,False,False,0.4348773540229489
C005658,28.01,Sante,Montreal,H3T,59896,5,20.9,1,Centre,0,False,False,0,28.729087139128517,-1.322904566954211,False,False,0.4288826502949086
C005591,27.5,Sciences,Cote-Nord,G5B,29550,16,183.1,1,Remote,0,False,False,0,29.801078845211244,-0.2509128608714839,True,False,0.4671956575008795
C008209,25.33,Arts et lettres,Bas-Saint-Laurent,G5L,107334,15,236.5,0,Remote,0,False,False,0,27.48726141738554,-2.564730288697188,False,False,0.48310092562787144
C003293,33.64,Sciences sociales,Montreal,H8N,82423,7,2.2,0,Centre,0,False,True,1,34.64672199477992,4.594730288697189,False,False,0.5607776386672346
C012135,31.14,Sciences,Cote-Nord,G5B,112420,14,201.1,1,Remote,0,False,False,1,33.15344398955984,3.101452283477112,False,False,0.4990742957232637
C012194,27.2,Genie,Montreal,H4L,95254,8,41.5,0,Centre,0,False,False,0,28.35053942260562,-1.7014522834771064,False,False,0.41553219770380506
C007282,27.58,Genie,Montreal,H4L,82364,6,12.2,0,Centre,0,False,False,0,28.442904566954216,-1.609087139128512,False,False,0.4174949441556427
C003799,26.57,Sciences,Montreal,H3T,28262,6,24.1,0,Centre,0,False,False,0,27.432904566954218,-2.61908713912851,False,False,0.4925806014241659
C002084,24.73,Genie,Gaspesie-Iles-de-la-Madeleine,G4X,40625,7,167.8,0,Remote,0,False,False,0,25.73672199477992,-4.315269711302808,False,False,0.47260201642343436
C002177,31.11,Arts et lettres,Montreal,H2X,80858,10,6.9,0,Centre,0,False,False,1,32.54817427825702,2.4961825721742947,False,False,0.4405536366330198
C007534,29.91,Sciences sociales,Cote-Nord,G0G,96478,17,275.9,1,Remote,0,False,False,1,32.35489627303694,2.302904566954215,False,False,0.4988984741877198
C003054,26.94,Sciences sociales,Bas-Saint-Laurent,G5N,20748,15,57.3,1,Remote,0,False,False,0,29.09726141738554,-0.9547302886971885,False,False,0.5329474763475531
C008466,29.21,Sciences,Gaspesie-Iles-de-la-Madeleine,G5C,100952,12,249.5,0,Remote,0,False,False,1,30.935809133908432,0.8838174278257043,False,False,0.45001503809340626
C001180,28.36,Sciences sociales,Capitale-Nationale,G1V,59940,9,12.4,0,Centre,0,False,False,0,29.654356850431324,-0.397634855651404,True,False,0.39629337917840346
C011955,32.18,Sciences sociales,Gaspesie-Iles-de-la-Madeleine,G5C,60872,13,140.6,1,Remote,0,False,False,1,34.04962656173414,3.997634855651409,False,False,0.4551550068700971
C011654,29.28,Sciences sociales,Capitale-Nationale,G1R,45387,6,18.5,0,Centre,0,False,False,1,30.14290456695422,0.09091286087149086,True,False,0.42508884235944655
C010361,28.88,Genie,Cote-Nord,G4R,21563,10,126.5,1,Remote,0,False,False,1,30.318174278257025,0.26618257217429786,True,False,0.4976956598980945
C007577,30.74,Arts et lettres,Cote-Nord,G4R,72986,21,202.8,1,Remote,0,False,False,1,33.76016598433976,3.7081742782570295,False,False,0.5401137177465027
C007323,25.74,Genie,Gaspesie-Iles-de-la-Madeleine,G0C,49096,12,439.4,0,Remote,0,False,False,0,27.46580913390843,-2.586182572174298,False,False,0.47290720151780974
C005232,28.5,Genie,Montreal,H4L,41045,11,13.8,1,Centre,0,False,False,1,30.08199170608273,0.030000000000001137,True,False,0.42126625107220994
C007342,28.52,Genie,Capitale-Nationale,G1V,32368,10,9.3,0,Centre,0,False,False,0,29.958174278257026,-0.09381742782570157,True,False,0.4626881398357408
C003992,30.13,Sciences sociales,Bas-Saint-Laurent,G0L,128299,13,169.9,0,Remote,0,False,False,1,31.999626561734132,1.9476348556514047,False,False,0.49476251278008543
C000332,30.61,Arts et lettres,Capitale-Nationale,G2E,69352,9,11.9,1,Centre,0,False,False,1,31.904356850431324,1.852365144348596,False,False,0.40806316772418577
C012603,29.94,Sciences,Gaspesie-Iles-de-la-Madeleine,G4X,31621,9,42.1,1,Remote,0,False,False,1,31.234356850431325,1.1823651443485979,False,False,0.45483325454954654
C001240,30.74,Genie,Montreal,H1A,83874,6,11.5,1,Centre,0,False,False,1,31.602904566954216,1.5509128608714882,False,False,0.43583744779090206
C010568,24.89,Sciences,Montreal,H4L,77757,12,34.7,0,Centre,0,False,False,0,26.61580913390843,-3.436182572174296,False,False,0.4227037576562566
C000215,27.4,Sciences,Bas-Saint-Laurent,G5N,24675,20,155.0,0,Remote,0,False,False,1,30.27634855651405,0.2243568504313238,True,False,0.5447263274587781
C004307,29.2,Sciences sociales,Montreal,H8N,56973,8,23.5,1,Centre,0,False,False,1,30.35053942260562,0.2985477165228936,True,False,0.39388919642724657
C000525,25.97,Sciences sociales,Gaspesie-Iles-de-la-Madeleine,G5C,49492,11,171.6,1,Remote,0,False,False,0,27.551991706082728,-2.5,False,False,0.4204771907655264
C013973,29.04,Sciences sociales,Capitale-Nationale,G2E,100348,8,16.1,0,Centre,0,False,False,1,30.19053942260562,0.13854771652289344,True,False,0.4054254082675034
C000712,27.88,Sciences sociales,Montreal,H1A,98265,5,28.4,0,Centre,0,False,False,0,28.599087139128514,-1.4529045669542135,False,False,0.4418240544682842
C001792,27.79,Arts et lettres,Gaspesie-Iles-de-la-Madeleine,G4X,50300,13,356.2,1,Remote,0,False,False,0,29.659626561734132,-0.39236514434859515,True,False,0.43976731411742204
C001291,29.69,Sante,Cote-Nord,G0G,42764,15,269.2,0,Remote,0,False,False,1,31.84726141738554,1.7952697113028115,False,False,0.4496408874594396
C012607,31.11,Sciences,Capitale-Nationale,G3A,54507,6,16.2,0,Centre,0,False,False,1,31.972904566954217,1.9209128608714892,False,False,0.43796466532315803
C000224,28.91,Sciences sociales,Montreal,H2X,80125,11,21.9,0,Centre,0,False,False,1,30.49199170608273,0.4400000000000013,True,False,0.39502380287373917
C001189,28.07,Genie,Montreal,H2X,63308,14,34.5,0,Centre,0,False,False,1,30.083443989559836,0.03145228347710827,True,False,0.41656602624952926
C004106,31.91,Genie,Capitale-Nationale,G2E,80664,3,57.9,0,Centre,0,False,False,1,32.34145228347711,2.289460577394383,False,False,0.5272498645065566
C006605,21.96,Genie,Gaspesie-Iles-de-la-Madeleine,G5C,47562,18,193.7,1,Remote,0,False,False,0,24.54871370086265,-5.5032780052200785,False,False,0.5292890413900714
C003025,29.25,Sante,Gaspesie-Iles-de-la-Madeleine,G4X,53731,14,170.9,0,Remote,0,False,False,1,31.263443989559836,1.211452283477108,False,False,0.4219096268663677
C004854,26.63,Sciences,Montreal,H4L,53146,17,15.2,0,Centre,0,False,False,0,29.074896273036945,-0.9770954330457826,False,False,0.4746903867047396
C006858,29.71,Sciences sociales,Montreal,H3T,40386,12,20.7,1,Centre,0,False,False,1,31.435809133908432,1.3838174278257043,False,False,0.4238739739740611
C004936,28.0,Genie,Montreal,H3T,188014,10,19.7,1,Centre,0,False,False,0,29.438174278257026,-0.6138174278257011,False,False,0.5078884253647151
C013397,27.79,Sante,Montreal,H8N,54497,9,13.9,1,Centre,0,False,False,0,29.084356850431323,-0.9676348556514043,False,False,0.39794047234004865
C009726,32.46,Genie,Capitale-Nationale,G3A,64611,13,13.1,0,Centre,0,False,False,1,34.32962656173414,4.27763485565141,False,False,0.4657431518619382
C002261,21.09,Arts et lettres,Cote-Nord,G0G,104427,23,321.0,1,Remote,-1,True,True,0,24.39780083999116,-5.654190866091568,False,False,0.628626380742577
C003264,34.92,Sciences sociales,Montreal,H2X,50896,3,34.5,0,Centre,0,False,True,1,35.35145228347711,5.299460577394381,False,False,0.5805749704359916
C003573,25.2,Sciences,Bas-Saint-Laurent,G5L,36923,9,160.8,0,Remote,0,False,False,0,26.494356850431323,-3.557634855651404,False,False,0.4514081427038788
C001009,28.48,Sante,Capitale-Nationale,G1V,70862,10,36.7,0,Centre,0,False,False,0,29.918174278257027,-0.13381742782570072,True,False,0.39732225583270514
C011304,26.54,Sciences,Montreal,H4L,63861,9,11.6,0,Centre,0,False,False,0,27.834356850431323,-2.2176348556514043,False,False,0.4003765643446342
C007326,31.0,Sciences sociales,Bas-Saint-Laurent,G0L,60653,14,384.3,0,Remote,0,False,False,1,33.01344398955984,2.9614522834771115,False,False,0.4757024605130676
C001935,32.88,Arts et lettres,Capitale-Nationale,G1R,35972,4,26.2,0,Centre,0,False,False,1,33.45526971130281,3.403278005220084,False,False,0.5478469999527014
C005271,28.19,Arts et lettres,Bas-Saint-Laurent,G5L,92638,26,256.3,0,Remote,-1,True,True,1,31.92925312346827,1.8772614173855438,False,False,0.5608891804698467
C012746,27.59,Sciences sociales,Capitale-Nationale,G1V,58923,7,2.6,0,Centre,0,False,False,0,28.59672199477992,-1.4552697113028081,False,False,0.4754711744834691
C006917,24.97,Genie,Gaspesie-Iles-de-la-Madeleine,G5C,41891,10,136.2,1,Remote,0,False,False,0,26.408174278257025,-3.6438174278257023,False,False,0.43728549205911316
C011326,28.39,Sciences,Montreal,H1A,96832,10,21.2,1,Centre,0,False,False,0,29.828174278257027,-0.22381742782570058,True,False,0.40023396665602023
C005756,30.4,Sante,Montreal,H4L,42062,14,31.1,0,Centre,0,False,False,1,32.41344398955984,2.36145228347711,False,False,0.4493951476314977
C010960,26.14,Arts et lettres,Capitale-Nationale,G3A,35393,3,3.5,0,Centre,0,False,True,0,26.571452283477107,-3.48053942260562,False,False,0.5854008052927984
C013179,28.64,Arts et lettres,Gaspesie-Iles-de-la-Madeleine,G5C,30867,15,188.4,0,Remote,0,False,False,1,30.797261417385542,0.7452697113028144,False,False,0.4591911737503777
C010274,25.34,Sciences sociales,Gaspesie-Iles-de-la-Madeleine,G5C,52855,11,259.5,1,Remote,0,False,False,0,26.92199170608273,-3.129999999999999,False,False,0.4296996057179974
C003940,28.75,Sciences sociales,Montreal,H3T,100673,9,9.9,1,Centre,0,False,False,0,30.044356850431324,-0.007634855651403427,True,False,0.4123634440174282
C006880,23.58,Arts et lettres,Cote-Nord,G4R,66859,17,124.9,0,Remote,0,False,False,0,26.024896273036944,-4.027095433045783,False,False,0.48073988939063483
C001091,25.77,Genie,Montreal,H2X,20659,11,23.8,1,Centre,0,False,False,0,27.35199170608273,-2.6999999999999993,False,False,0.515605054660086
C013934,33.04,Genie,Cote-Nord,G4R,38869,9,120.5,1,Remote,0,False,False,1,34.33435685043132,4.282365144348592,False,False,0.49350819112635685
C000319,26.58,Sante,Montreal,H3T,36115,9,31.6,1,Centre,0,False,False,0,27.874356850431322,-2.177634855651405,False,False,0.4289473912439474
C013208,33.64,Sciences,Montreal,H8N,126564,14,8.7,0,Centre,0,False,True,1,35.65344398955984,5.601452283477112,False,False,0.5647726620039072
C006380,23.45,Sante,Capitale-Nationale,G2E,54410,7,21.7,1,Centre,0,False,False,0,24.45672199477992,-5.595269711302809,False,False,0.44045257607410554
C000510,28.73,Genie,Gaspesie-Iles-de-la-Madeleine,G4X,103903,13,197.5,0,Remote,0,False,False,1,30.599626561734134,0.5476348556514061,False,False,0.4505376336415026
C012275,29.81,Sciences,Montreal,H2X,61835,9,42.5,0,Centre,0,False,False,1,31.104356850431323,1.0523651443485953,False,False,0.4062747463423659
C004312,33.13,Arts et lettres,Montreal,H2X,131153,8,9.5,0,Centre,0,False,False,1,34.28053942260562,4.228547716522893,False,False,0.5168022022504113
C001638,29.39,Sciences sociales,Cote-Nord,G5B,50947,8,40.0,0,Remote,0,False,False,1,30.540539422605622,0.48854771652289486,True,False,0.40916218034731516
C000213,26.9,Arts et lettres,Capitale-Nationale,G3A,94052,11,33.2,0,Centre,0,False,False,0,28.481991706082727,-1.5700000000000003,False,False,0.41163050471687174
C013256,24.1,Sante,Cote-Nord,G5B,49786,9,309.8,1,Remote,0,False,False,0,25.394356850431326,-4.657634855651402,False,False,0.4718768940116182
C013792,29.17,Sciences,Montreal,H2X,47335,10,10.2,0,Centre,0,False,False,1,30.608174278257028,0.5561825721743006,False,False,0.4171515800638525
C002193,23.32,Genie,Montreal,H4L,109761,12,40.9,0,Centre,0,False,False,0,25.04580913390843,-5.006182572174296,False,False,0.47565888478789
C007058,26.36,Genie,Capitale-Nationale,G1R,58682,13,11.8,0,Centre,0,False,False,0,28.229626561734133,-1.8223651443485949,False,False,0.4251533278316404
C004680,31.02,Arts et lettres,Gaspesie-Iles-de-la-Madeleine,G5C,48311,11,121.2,0,Remote,0,False,False,1,32.60199170608273,2.5500000000000007,False,False,0.4326771664811131
C000288,28.64,Sciences sociales,Montreal,H2X,70809,4,8.6,0,Centre,0,False,False,0,29.21526971130281,-0.8367219947799178,False,False,0.4672935950398872
C005199,26.26,Sciences sociales,Capitale-Nationale,G1V,66350,6,0.8,0,Centre,0,False,False,0,27.12290456695422,-2.9290871391285087,False,False,0.5336186759285322
C012977,26.29,Sante,Gaspesie-Iles-de-la-Madeleine,G5C,59544,16,291.1,0,Remote,0,False,False,0,28.591078845211243,-1.4609128608714848,False,False,0.44854985120463287
C009554,23.5,Sciences sociales,Gaspesie-Iles-de-la-Madeleine,G5C,26469,11,74.4,1,Remote,0,False,False,0,25.08199170608273,-4.969999999999999,False,False,0.5192762527291127
C006395,29.37,Arts et lettres,Montreal,H3T,37387,9,21.5,1,Centre,0,False,False,1,30.664356850431325,0.6123651443485976,False,False,0.41978689952142534
C000914,31.11,Sciences sociales,Montreal,H3T,176291,14,40.9,1,Centre,0,False,True,1,33.12344398955984,3.071452283477111,False,False,0.5641193766594742
C003980,24.44,Genie,Cote-Nord,G5B,37071,11,90.6,1,Remote,0,False,False,0,26.02199170608273,-4.029999999999998,False,False,0.4537408810218154
C010988,25.96,Genie,Capitale-Nationale,G3A,61330,9,17.6,1,Centre,0,False,False,0,27.254356850431325,-2.7976348556514026,False,False,0.4002065105439087
C004575,26.35,Genie,Montreal,H3T,58692,10,17.9,0,Centre,0,False,False,0,27.788174278257028,-2.2638174278256997,False,False,0.39822219183980795
C006877,25.93,Sciences,Montreal,H2X,53684,8,8.6,0,Centre,0,False,False,0,27.08053942260562,-2.971452283477106,False,False,0.4257757809961795
C011674,25.44,Arts et lettres,Gaspesie-Iles-de-la-Madeleine,G5C,29144,9,136.0,1,Remote,0,False,False,0,26.734356850431325,-3.317634855651402,False,False,0.47531048947577237
C001199,29.0,Sciences,Capitale-Nationale,G2E,64028,11,25.7,0,Centre,0,False,False,1,30.58199170608273,0.5300000000000011,False,False,0.3918208712279747
C002201,28.74,Arts et lettres,Montreal,H3T,48808,6,30.4,1,Centre,0,False,False,0,29.602904566954216,-0.44908713912851184,True,False,0.4231687677840279
C000944,27.26,Sante,Cote-Nord,G5B,106202,14,478.5,1,Remote,0,False,False,0,29.273443989559837,-0.7785477165228905,False,False,0.5108261691416063
C007487,31.49,Sciences sociales,Montreal,H8N,117917,14,25.6,1,Centre,0,False,False,1,33.503443989559834,3.4514522834771064,False,False,0.4932175037169501
C013953,24.54,Sciences sociales,Capitale-Nationale,G2E,47656,13,33.6,0,Centre,0,False,False,0,26.409626561734132,-3.642365144348595,False,False,0.4360738199418618
C001847,25.47,Genie,Montreal,H2X,71555,10,31.2,0,Centre,0,False,False,0,26.908174278257025,-3.1438174278257023,False,False,0.40588623812342073
C005260,24.64,Sciences,Montreal,H2X,82924,14,43.8,0,Centre,0,False,False,0,26.653443989559836,-3.3985477165228914,False,False,0.45163914247102555
C008928,29.6,Genie,Capitale-Nationale,G3A,38510,9,5.0,0,Centre,0,False,False,1,30.894356850431326,0.842365144348598,False,False,0.4651612859900726
C002410,30.7,Sciences sociales,Montreal,H4L,92536,8,23.1,1,Centre,0,False,False,1,31.85053942260562,1.7985477165228936,False,False,0.416797592398696
C006833,31.29,Sciences sociales,Capitale-Nationale,G2E,61619,8,18.5,1,Centre,0,False,False,1,32.44053942260562,2.38854771652289,False,False,0.416564225695338
C011084,28.65,Sante,Capitale-Nationale,G1R,50738,9,23.7,0,Centre,0,False,False,0,29.944356850431323,-0.10763485565140485,True,False,0.3921155916239591
C003037,31.04,Sante,Montreal,H1A,93228,6,41.3,0,Centre,0,False,False,1,31.902904566954216,1.8509128608714889,False,False,0.45864823352228173
C010484,31.6,Sante,Bas-Saint-Laurent,G5L,23903,14,221.8,1,Remote,0,False,False,1,33.61344398955984,3.561452283477113,False,False,0.5232080670060133
C008741,33.73,Sciences sociales,Gaspesie-Iles-de-la-Madeleine,G4X,43869,19,153.6,0,Remote,0,False,True,1,36.46253112868835,6.41053942260562,False,False,0.5706953202998936
C009172,29.78,Genie,Gaspesie-Iles-de-la-Madeleine,G4X,36296,11,65.8,1,Remote,0,False,False,1,31.36199170608273,1.3100000000000023,False,False,0.43924286825406966
C013229,33.01,Sciences,Montreal,H1A,80400,5,4.2,0,Centre,0,False,False,1,33.72908713912851,3.677095433045782,False,False,0.5422886685526027
C004689,29.37,Arts et lettres,Gaspesie-Iles-de-la-Madeleine,G0C,25224,11,268.7,1,Remote,0,False,False,1,30.95199170608273,0.9000000000000021,False,False,0.4909081979790275
C004882,25.76,Arts et lettres,Montreal,H1A,50931,8,31.1,0,Centre,0,False,False,0,26.910539422605623,-3.141452283477104,False,False,0.4119075180873259
C003051,24.36,Sciences,Capitale-Nationale,G3A,135321,10,12.4,0,Centre,0,False,False,0,25.798174278257026,-4.253817427825702,False,False,0.474737141324523
C004664,25.92,Sciences sociales,Montreal,H1A,90904,11,12.3,0,Centre,0,False,False,0,27.50199170608273,-2.549999999999997,False,False,0.4172187114702389
C000031,24.61,Sciences sociales,Capitale-Nationale,G2E,104734,8,22.4,1,Centre,0,False,False,0,25.76053942260562,-4.291452283477106,False,False,0.42839051124940064
C013180,37.57,Arts et lettres,Montreal,H4L,176906,5,4.2,1,Centre,-1,True,True,1,38.28908713912851,8.237095433045784,False,False,0.6559151706730858
C010781,24.92,Sciences sociales,Gaspesie-Iles-de-la-Madeleine,G0C,46176,18,302.5,0,Remote,0,False,False,0,27.50871370086265,-2.5432780052200776,False,False,0.4910729810612574
C013541,32.84,Sciences,Montreal,H4L,44476,7,11.8,0,Centre,0,False,False,1,33.84672199477992,3.794730288697192,False,False,0.48599625817011255
C004284,30.19,Sante,Capitale-Nationale,G1R,82068,6,19.1,1,Centre,0,False,False,1,31.05290456695422,1.000912860871491,False,False,0.4231522215945333
C012218,26.72,Genie,Gaspesie-Iles-de-la-Madeleine,G4X,73562,10,318.7,1,Remote,0,False,False,0,28.158174278257025,-1.8938174278257023,False,False,0.4413198796140396
C008191,26.95,Sciences sociales,Montreal,H8N,32972,9,7.6,0,Centre,0,False,False,0,28.244356850431323,-1.8076348556514041,False,False,0.4659387032748318
C002556,29.02,Arts et lettres,Cote-Nord,G5B,73625,15,201.3,0,Remote,0,False,False,1,31.177261417385537,1.1252697113028098,False,False,0.4362523424120441
C005887,25.12,Sciences,Cote-Nord,G0G,107697,11,121.3,0,Remote,0,False,False,0,26.70199170608273,-3.349999999999998,False,False,0.45864914472541535
C001147,29.63,Sciences,Montreal,H2X,47008,9,12.2,0,Centre,0,False,False,1,30.924356850431323,0.8723651443485956,False,False,0.4099392683651424
C005499,29.95,Sante,Gaspesie-Iles-de-la-Madeleine,G0C,56140,17,114.5,0,Remote,0,False,False,1,32.39489627303694,2.342904566954214,False,False,0.4677639508051911
C013780,32.84,Genie,Capitale-Nationale,G1V,80478,10,22.4,0,Centre,0,False,False,1,34.278174278257026,4.226182572174299,False,False,0.4476116483054298
C002023,27.13,Arts et lettres,Montreal,H1A,136144,8,15.6,0,Centre,0,False,False,0,28.28053942260562,-1.7714522834771067,False,False,0.44544973970411617
C013800,21.43,Sante,Gaspesie-Iles-de-la-Madeleine,G4X,71444,16,159.6,0,Remote,0,False,False,0,23.731078845211243,-6.320912860871484,False,False,0.5252093200775657
C006334,27.45,Sciences,Montreal,H2X,82917,14,35.2,0,Centre,0,False,False,0,29.463443989559835,-0.5885477165228927,False,False,0.42771967886260864
C006304,28.04,Sciences sociales,Montreal,H2X,77306,8,13.7,0,Centre,0,False,False,0,29.19053942260562,-0.8614522834771066,False,False,0.3945102860367674
C008973,27.77,Genie,Gaspesie-Iles-de-la-Madeleine,G4X,43087,11,521.3,0,Remote,0,False,False,0,29.35199170608273,-0.6999999999999993,False,False,0.48822893404798356
C010132,24.15,Sciences sociales,Gaspesie-Iles-de-la-Madeleine,G4X,39929,17,141.3,1,Remote,0,False,False,0,26.594896273036944,-3.457095433045783,False,False,0.4800630878903267
C006528,24.89,Sante,Montreal,H4L,59255,7,23.0,0,Centre,0,False,False,0,25.89672199477992,-4.155269711302807,False,False,0.4207207962636149
C005616,29.3,Sciences sociales,Capitale-Nationale,G1V,53238,10,32.0,0,Centre,0,False,False,1,30.738174278257027,0.6861825721742996,False,False,0.39687237316813406
C008908,28.27,Genie,Montreal,H4L,99371,10,33.8,0,Centre,0,False,False,0,29.708174278257026,-0.34381742782570157,True,False,0.4075276633961949
C001667,22.52,Sciences sociales,Bas-Saint-Laurent,G5L,63685,9,286.2,0,Remote,0,False,False,0,23.814356850431324,-6.237634855651404,False,False,0.4940838629057782
C006935,29.28,Sante,Gaspesie-Iles-de-la-Madeleine,G5C,19263,12,377.0,0,Remote,0,False,False,1,31.005809133908432,0.9538174278257046,False,False,0.5398681098001233
C002886,28.88,Arts et lettres,Gaspesie-Iles-de-la-Madeleine,G5C,36732,19,178.4,1,Remote,0,False,False,1,31.61253112868835,1.560539422605622,False,False,0.49442277310622157
C008039,24.61,Arts et lettres,Gaspesie-Iles-de-la-Madeleine,G5C,36398,12,69.3,1,Remote,0,False,False,0,26.33580913390843,-3.716182572174297,False,False,0.4521766924306856
C010154,28.07,Sciences sociales,Montreal,H1A,33685,6,19.7,1,Centre,0,False,False,0,28.932904566954218,-1.11908713912851,False,False,0.4566132843750084
C002001,28.38,Genie,Bas-Saint-Laurent,G5L,36035,12,291.9,1,Remote,0,False,False,1,30.10580913390843,0.053817427825702424,True,False,0.4432071303633438
C006300,30.93,Genie,Montreal,H8N,76808,9,27.1,0,Centre,0,False,False,1,32.22435685043132,2.1723651443485927,False,False,0.40761312424230733
C007830,25.2,Genie,Montreal,H2X,83488,5,9.8,0,Centre,0,False,False,0,25.919087139128514,-4.132904566954213,False,False,0.45375615686507603
C001870,30.03,Sciences,Capitale-Nationale,G1V,93882,6,4.9,0,Centre,0,False,False,1,30.89290456695422,0.8409128608714909,False,False,0.4715876156208019
C007136,27.01,Genie,Montreal,H1A,112802,6,30.5,0,Centre,0,False,False,0,27.87290456695422,-2.1790871391285087,False,False,0.44766820512485633
C011344,22.06,Sciences,Montreal,H1A,111285,5,31.8,0,Centre,0,False,False,0,22.779087139128514,-7.272904566954214,False,False,0.52908494437549
C006991,28.51,Sante,Cote-Nord,G4R,46995,6,260.9,1,Remote,0,False,False,0,29.37290456695422,-0.6790871391285087,False,False,0.4762051720571009
C013501,26.07,Genie,Gaspesie-Iles-de-la-Madeleine,G5C,95796,14,398.4,0,Remote,0,False,False,0,28.083443989559836,-1.9685477165228917,False,False,0.4815936971731137
C009163,26.88,Sante,Montreal,H2X,135225,6,21.4,0,Centre,0,False,False,0,27.742904566954216,-2.3090871391285113,False,False,0.459808460081313
C004615,24.89,Genie,Montreal,H4L,86383,9,34.4,0,Centre,0,False,False,0,26.184356850431325,-3.867634855651403,False,False,0.41518222693399365
C003696,27.6,Sciences,Gaspesie-Iles-de-la-Madeleine,G5C,22213,16,95.9,1,Remote,0,False,False,0,29.901078845211245,-0.15091286087148248,True,False,0.5162112904905627
C011595,26.29,Genie,Bas-Saint-Laurent,G5N,67918,14,117.3,1,Remote,0,False,False,0,28.303443989559835,-1.7485477165228929,False,False,0.42057107810303324
C002273,24.65,Sante,Montreal,H4L,53701,9,18.2,1,Centre,0,False,False,0,25.944356850431323,-4.107634855651405,False,False,0.4136849336838611
C013177,24.56,Sante,Montreal,H3T,63118,9,23.4,0,Centre,0,False,False,0,25.854356850431323,-4.197634855651405,False,False,0.40701165956239055
C008150,27.39,Sciences sociales,Montreal,H3T,127325,10,13.3,0,Centre,0,False,False,0,28.828174278257027,-1.2238174278257006,False,False,0.4454793365548318
C005167,28.2,Sciences,Montreal,H2X,76641,8,22.6,0,Centre,0,False,False,0,29.35053942260562,-0.7014522834771064,False,False,0.38795246621951346
C001857,29.74,Sciences,Montreal,H8N,34642,8,8.5,0,Centre,0,False,False,1,30.89053942260562,0.8385477165228927,False,False,0.4575808683872794
C003191,23.58,Sciences sociales,Capitale-Nationale,G3A,71020,7,2.0,1,Centre,0,False,False,0,24.586721994779918,-5.46526971130281,False,False,0.5194103322956871
C006727,21.42,Sante,Montreal,H4L,110686,7,9.0,0,Centre,0,False,False,0,22.42672199477992,-7.625269711302806,False,False,0.528693293842787
C012287,31.83,Sciences,Capitale-Nationale,G2E,130560,8,35.4,1,Centre,0,False,False,1,32.98053942260562,2.928547716522889,False,False,0.483684630625929
C006753,27.81,Arts et lettres,Capitale-Nationale,G1V,55047,5,16.2,0,Centre,0,False,False,0,28.529087139128514,-1.5229045669542138,False,False,0.43344384693397875
C012768,28.9,Sante,Cote-Nord,G5B,88918,17,200.7,0,Remote,0,False,False,1,31.344896273036944,1.292904566954217,False,False,0.47152414902548634
C006029,29.08,Arts et lettres,Capitale-Nationale,G1R,101616,8,29.2,0,Centre,0,False,False,1,30.23053942260562,0.17854771652289259,True,False,0.4076491155759007
C009992,29.18,Genie,Gaspesie-Iles-de-la-Madeleine,G4X,55392,5,116.9,0,Remote,0,False,False,0,29.89908713912851,-0.1529045669542164,True,False,0.4686306596418122
C012205,25.32,Genie,Montreal,H1A,86206,12,26.8,0,Centre,0,False,False,0,27.04580913390843,-3.0061825721742963,False,False,0.41788168406876763
C005154,22.9,Sciences,Capitale-Nationale,G1R,54698,7,21.3,0,Centre,0,False,False,0,23.906721994779918,-6.145269711302809,False,False,0.4464405069649872
C005831,22.91,Sciences sociales,Bas-Saint-Laurent,G5N,37941,15,301.1,1,Remote,0,False,False,0,25.067261417385538,-4.98473028869719,False,False,0.5046460197386399
C011067,35.07,Genie,Capitale-Nationale,G1V,105072,8,32.5,0,Centre,0,False,False,1,36.22053942260562,6.168547716522891,False,False,0.5345379778577221
C009916,25.2,Sciences,Capitale-Nationale,G1V,60224,10,8.9,0,Centre,0,False,False,0,26.638174278257026,-3.413817427825702,False,False,0.42525741184834387
C003783,29.96,Sciences,Cote-Nord,G4R,31965,9,108.0,0,Remote,0,False,False,1,31.254356850431325,1.2023651443485974,False,False,0.46053132942906355
C001988,33.84,Sciences sociales,Gaspesie-Iles-de-la-Madeleine,G0C,69522,12,271.6,1,Remote,0,False,False,1,35.56580913390844,5.51381742782571,False,False,0.5086766295794428
C012724,22.91,Arts et lettres,Gaspesie-Iles-de-la-Madeleine,G4X,68674,12,150.3,0,Remote,0,False,False,0,24.63580913390843,-5.416182572174296,False,False,0.45885642450526803
C000417,31.16,Sante,Capitale-Nationale,G1V,43973,9,47.7,0,Centre,0,False,False,1,32.454356850431324,2.4023651443485967,False,False,0.439717727768595
C007875,27.85,Genie,Montreal,H3T,177507,9,8.5,0,Centre,0,False,False,0,29.144356850431326,-0.907634855651402,False,False,0.5119232143193624
C006088,24.0,Sciences,Gaspesie-Iles-de-la-Madeleine,G5C,62767,15,220.2,0,Remote,0,False,False,0,26.15726141738554,-3.894730288697186,False,False,0.4544738540498773
C013594,30.63,Sante,Capitale-Nationale,G2E,37166,10,8.8,0,Centre,0,False,False,1,32.068174278257025,2.016182572174298,False,False,0.4631334938715576
C008614,28.88,Arts et lettres,Bas-Saint-Laurent,G5L,43120,25,176.0,0,Remote,0,False,False,1,32.47543569564257,2.423443989559839,False,False,0.5478155966626712
C001117,26.45,Sante,Montreal,H4L,106831,7,6.5,1,Centre,0,False,False,0,27.45672199477992,-2.5952697113028087,False,False,0.4511440590251135
C000603,29.49,Sciences,Capitale-Nationale,G3A,72439,9,19.6,0,Centre,0,False,False,1,30.784356850431323,0.732365144348595,False,False,0.38885018373513275
C005610,25.88,Arts et lettres,Capitale-Nationale,G1R,131003,10,13.5,0,Centre,0,False,False,0,27.318174278257025,-2.733817427825702,False,False,0.45248185434836563
C005166,24.25,Sciences sociales,Montreal,H4L,44495,8,7.6,1,Centre,0,False,False,0,25.400539422605622,-4.651452283477106,False,False,0.4610370971935499
C011166,26.09,Genie,Montreal,H2X,34222,7,9.7,0,Centre,0,False,False,0,27.09672199477992,-2.955269711302808,False,False,0.4748983479754347
C012292,25.91,Sante,Capitale-Nationale,G3A,82783,5,11.5,0,Centre,0,False,False,0,26.629087139128515,-3.4229045669542124,False,False,0.4407605370408025
C006083,27.06,Sciences,Cote-Nord,G4R,69358,23,405.0,1,Remote,0,False,True,1,30.36780083999116,0.3158091339084308,True,False,0.5637985534373097
C010150,25.69,Arts et lettres,Capitale-Nationale,G1R,110978,11,8.4,0,Centre,0,False,False,0,27.27199170608273,-2.7799999999999976,False,False,0.4483955549826528
C011630,28.38,Sante,Montreal,H1A,84169,7,19.5,0,Centre,0,False,False,0,29.38672199477992,-0.665269711302809,False,False,0.3965340304155264
C013060,33.71,Sante,Gaspesie-Iles-de-la-Madeleine,G4X,49468,23,230.5,0,Remote,-1,True,True,1,37.01780083999116,6.965809133908433,False,False,0.6027272672284921
C011403,29.25,Sciences sociales,Bas-Saint-Laurent,G5L,66998,5,211.3,1,Remote,0,False,False,0,29.96908713912851,-0.08290456695421611,True,False,0.4838209967449939
C012781,28.95,Sante,Capitale-Nationale,G1V,129335,7,3.5,0,Centre,0,False,False,0,29.95672199477992,-0.0952697113028087,True,False,0.49853521727400074
C005309,27.28,Genie,Gaspesie-Iles-de-la-Madeleine,G5C,34584,11,266.6,0,Remote,0,False,False,0,28.86199170608273,-1.1899999999999977,False,False,0.4418003722977276
C000254,27.14,Genie,Montreal,H3T,43985,16,20.5,0,Centre,0,False,False,0,29.441078845211244,-0.6109128608714833,False,False,0.4587688594282201
C002052,29.03,Sante,Montreal,H2X,81812,7,32.0,1,Centre,0,False,False,0,30.03672199477992,-0.015269711302806854,True,False,0.40405241863494673
C004155,27.81,Genie,Capitale-Nationale,G2E,44732,11,11.1,0,Centre,0,False,False,0,29.391991706082727,-0.6600000000000001,False,False,0.4171358862642302
C004078,26.38,Arts et lettres,Bas-Saint-Laurent,G5L,43814,7,185.5,1,Remote,0,False,False,0,27.38672199477992,-2.665269711302809,False,False,0.4532876430425608
C009238,25.9,Sante,Cote-Nord,G5B,94080,18,378.2,1,Remote,0,False,False,0,28.488713700862647,-1.5632780052200808,False,False,0.5179320714801419
C002918,27.06,Arts et lettres,Gaspesie-Iles-de-la-Madeleine,G4X,56113,13,214.2,0,Remote,0,False,False,0,28.929626561734132,-1.1223651443485956,False,False,0.41388614560141423
C012344,29.85,Sciences sociales,Montreal,H1A,53771,12,8.3,0,Centre,0,False,False,1,31.575809133908432,1.5238174278257048,False,False,0.42983578756798546
C011725,33.36,Sante,Cote-Nord,G0G,108160,13,293.8,0,Remote,0,False,False,1,35.229626561734136,5.177634855651409,False,False,0.5444773516303208
C006236,34.55,Arts et lettres,Capitale-Nationale,G1V,46799,5,7.5,0,Centre,0,False,True,1,35.26908713912851,5.217095433045781,False,False,0.5544864234707716
C001676,27.01,Genie,Montreal,H3T,51989,9,20.1,0,Centre,0,False,False,0,28.304356850431326,-1.7476348556514019,False,False,0.3948427899394695
C002356,28.05,Sciences,Montreal,H2X,85894,4,16.5,1,Centre,0,False,False,0,28.62526971130281,-1.4267219947799177,False,False,0.45494848590474257
C010940,26.45,Arts et lettres,Bas-Saint-Laurent,G5N,66029,8,249.8,0,Remote,0,False,False,0,27.60053942260562,-2.4514522834771064,False,False,0.43639437557655136
C003103,32.22,Genie,Capitale-Nationale,G3A,27840,6,8.7,0,Centre,0,False,False,1,33.08290456695421,3.030912860871485,False,False,0.5443952703967172
C008032,26.66,Sciences sociales,Cote-Nord,G0G,49483,14,424.0,0,Remote,0,False,False,0,28.673443989559836,-1.3785477165228919,False,False,0.46082181922952575
C012968,28.04,Genie,Capitale-Nationale,G3A,78439,7,4.6,0,Centre,0,False,False,0,29.04672199477992,-1.0052697113028088,False,False,0.44152929955852505
C010577,31.32,Arts et lettres,Montreal,H8N,106579,13,10.6,0,Centre,0,False,False,1,33.18962656173414,3.1376348556514095,False,False,0.48364197651330165
C005872,30.42,Sante,Montreal,H8N,88377,12,21.3,0,Centre,0,False,False,1,32.145809133908436,2.0938174278257087,False,False,0.4178701429866041
C005983,25.4,Sciences sociales,Bas-Saint-Laurent,G0L,73966,13,149.9,0,Remote,0,False,False,0,27.269626561734132,-2.7823651443485957,False,False,0.42849504401192784
C001360,23.8,Genie,Montreal,H4L,54820,11,18.9,0,Centre,0,False,False,0,25.38199170608273,-4.669999999999998,False,False,0.4315565916169441
C004257,28.49,Sciences sociales,Montreal,H8N,47766,4,9.9,0,Centre,0,False,False,0,29.065269711302808,-0.98672199477992,False,False,0.47709187634473565
C011107,21.18,Sciences,Bas-Saint-Laurent,G5L,79613,11,281.5,0,Remote,0,False,False,0,22.76199170608273,-7.289999999999999,False,False,0.5282733141145248
C012329,28.55,Sante,Bas-Saint-Laurent,G0L,71439,15,264.2,0,Remote,0,False,False,1,30.70726141738554,0.655269711302811,False,False,0.4380374679768717
C003776,27.54,Sciences sociales,Montreal,H4L,32803,12,53.0,0,Centre,0,False,False,0,29.26580913390843,-0.7861825721742974,False,False,0.4409601154139633
C007974,31.82,Arts et lettres,Capitale-Nationale,G1R,113753,9,14.0,0,Centre,0,False,False,1,33.11435685043132,3.0623651443485933,False,False,0.4631053157581493
C002577,23.27,Sciences sociales,Bas-Saint-Laurent,G0L,44063,9,244.8,0,Remote,0,False,False,0,24.564356850431324,-5.487634855651404,False,False,0.47209820198545666
C005891,23.11,Genie,Montreal,H2X,53851,10,15.3,1,Centre,0,False,False,0,24.548174278257026,-5.503817427825702,False,False,0.44228689781232744
C013659,26.32,Sante,Gaspesie-Iles-de-la-Madeleine,G4X,37174,18,155.2,0,Remote,0,False,False,0,28.90871370086265,-1.143278005220079,False,False,0.47253895911466925
C001794,26.98,Sante,Gaspesie-Iles-de-la-Madeleine,G4X,26499,8,295.1,0,Remote,0,False,False,0,28.130539422605622,-1.9214522834771053,False,False,0.5045715607135669
C006458,23.14,Sante,Gaspesie-Iles-de-la-Madeleine,G0C,54796,10,297.2,0,Remote,0,False,False,0,24.578174278257027,-5.473817427825701,False,False,0.4762669352737774
C001840,22.91,Arts et lettres,Cote-Nord,G0G,62162,13,278.3,1,Remote,0,False,False,0,24.779626561734133,-5.272365144348594,False,False,0.4746272044110535
C012524,29.41,Sciences sociales,Capitale-Nationale,G1R,108463,10,14.3,0,Centre,0,False,False,1,30.848174278257027,0.796182572174299,False,False,0.4212663754816652
C003592,32.04,Genie,Cote-Nord,G4R,67387,19,176.5,1,Remote,0,False,False,1,34.77253112868835,4.720539422605622,False,False,0.5298191838550397
C006702,21.64,Arts et lettres,Cote-Nord,G5B,50096,13,218.4,0,Remote,0,False,False,0,23.509626561734134,-6.542365144348594,False,False,0.4907979204677271
C004541,28.71,Genie,Gaspesie-Iles-de-la-Madeleine,G4X,46321,12,412.3,1,Remote,0,False,False,1,30.435809133908432,0.38381742782570427,True,False,0.4576309812087478
C008108,26.95,Sciences,Bas-Saint-Laurent,G0L,55255,9,185.6,1,Remote,0,False,False,0,28.244356850431323,-1.8076348556514041,False,False,0.41998630293065353
C009799,26.74,Sante,Capitale-Nationale,G3A,92471,10,27.4,0,Centre,0,False,False,0,28.178174278257025,-1.8738174278257027,False,False,0.4038089292315223
C000030,36.04,Sante,Cote-Nord,G0G,22343,15,80.7,0,Remote,-1,True,True,1,38.19726141738554,8.145269711302813,False,False,0.6132216429019596
C001149,26.56,Sciences sociales,Montreal,H3T,59116,9,18.4,1,Centre,0,False,False,0,27.854356850431323,-2.1976348556514047,False,False,0.3971783801149547
C013449,27.38,Sante,Capitale-Nationale,G1R,73124,10,26.9,0,Centre,0,False,False,0,28.818174278257025,-1.2338174278257021,False,False,0.392591895395996
C008943,30.84,Sante,Montreal,H4L,100939,10,8.7,0,Centre,0,False,False,1,32.278174278257026,2.2261825721742987,False,False,0.44555320020012584
C008091,29.39,Sciences sociales,Cote-Nord,G4R,42813,10,90.6,1,Remote,0,False,False,1,30.828174278257027,0.7761825721742994,False,False,0.42425418077952504
C012450,28.08,Sciences sociales,Montreal,H1A,68730,8,13.5,0,Centre,0,False,False,0,29.23053942260562,-0.8214522834771074,False,False,0.39351633542207287
C001095,28.63,Genie,Gaspesie-Iles-de-la-Madeleine,G4X,89054,18,130.3,0,Remote,0,False,False,1,31.218713700862647,1.1667219947799197,False,False,0.4765644900150754
C012326,25.57,Genie,Montreal,H8N,107740,8,12.7,1,Centre,0,False,False,0,26.720539422605622,-3.3314522834771054,False,False,0.4276298984080231
C003518,28.36,Sciences,Montreal,H8N,153111,9,22.0,0,Centre,0,False,False,0,29.654356850431324,-0.397634855651404,True,False,0.45869056661356045
C007701,28.06,Sciences sociales,Montreal,H1A,105583,6,15.3,0,Centre,0,False,False,0,28.922904566954216,-1.1290871391285116,False,False,0.4348595507344161
C001833,31.06,Sante,Montreal,H8N,110889,5,24.3,0,Centre,0,False,False,1,31.779087139128514,1.7270954330457862,False,False,0.48117001734784237
C013421,26.34,Arts et lettres,Montreal,H8N,105419,6,32.4,0,Centre,0,False,False,0,27.202904566954217,-2.8490871391285104,False,False,0.44054162286996984
C005836,23.98,Arts et lettres,Capitale-Nationale,G1V,38959,11,11.4,0,Centre,0,False,False,0,25.56199170608273,-4.489999999999998,False,False,0.4684550414072754
C001520,31.78,Genie,Montreal,H2X,98996,6,6.2,1,Centre,0,False,False,1,32.642904566954215,2.5909128608714873,False,False,0.49704165193927385
C004938,22.23,Genie,Capitale-Nationale,G1R,69632,6,28.2,0,Centre,0,False,False,0,23.092904566954218,-6.95908713912851,False,False,0.4768282757419029
C004490,25.66,Arts et lettres,Gaspesie-Iles-de-la-Madeleine,G4X,25296,12,196.2,0,Remote,0,False,False,0,27.38580913390843,-2.6661825721742964,False,False,0.4795427374972403
C000686,31.06,Arts et lettres,Montreal,H3T,117481,8,7.0,0,Centre,0,False,False,1,32.21053942260562,2.158547716522893,False,False,0.47437598850238194
C011717,26.13,Sciences,Capitale-Nationale,G2E,131832,6,31.0,0,Centre,0,False,False,0,26.992904566954216,-3.0590871391285113,False,False,0.4670025516709993
C006303,26.82,Genie,Gaspesie-Iles-de-la-Madeleine,G4X,76020,15,218.7,0,Remote,0,False,False,0,28.97726141738554,-1.074730288697186,False,False,0.43293603155697874
C008345,27.25,Sante,Gaspesie-Iles-de-la-Madeleine,G0C,49886,10,112.9,1,Remote,0,False,False,0,28.688174278257026,-1.3638174278257011,False,False,0.4100014257410416
C001283,28.69,Genie,Montreal,H3T,133836,7,20.6,0,Centre,0,False,False,0,29.69672199477992,-0.3552697113028067,True,False,0.44449453120646454
C004425,23.94,Arts et lettres,Capitale-Nationale,G3A,43797,8,13.6,1,Centre,0,False,False,0,25.090539422605623,-4.961452283477104,False,False,0.45060079567005323
C009143,32.95,Sante,Bas-Saint-Laurent,G5L,56898,8,254.7,1,Remote,0,False,False,1,34.10053942260562,4.048547716522894,False,False,0.501268740164619
C006906,28.25,Arts et lettres,Capitale-Nationale,G1V,97621,7,17.2,0,Centre,0,False,False,0,29.25672199477992,-0.795269711302808,False,False,0.41017956438589126
C011091,27.81,Sciences,Gaspesie-Iles-de-la-Madeleine,G0C,45587,15,246.9,1,Remote,0,False,False,0,29.967261417385537,-0.08473028869719101,True,False,0.42784539248652675
C005986,29.51,Sciences sociales,Capitale-Nationale,G3A,47664,13,21.5,0,Centre,0,False,False,1,31.379626561734135,1.3276348556514073,False,False,0.4168099988783653
C002781,28.0,Sciences sociales,Gaspesie-Iles-de-la-Madeleine,G0C,34281,21,168.7,1,Remote,0,False,False,1,31.020165984339755,0.9681742782570275,False,False,0.5279891977863139
C010956,29.1,Sciences sociales,Capitale-Nationale,G3A,61342,10,11.6,0,Centre,0,False,False,1,30.538174278257028,0.4861825721743003,True,False,0.39834935206143157
C012163,28.16,Sciences sociales,Gaspesie-Iles-de-la-Madeleine,G0C,54753,19,174.2,0,Remote,0,False,False,1,30.89253112868835,0.8405394226056231,False,False,0.47583660070495787
C003777,27.82,Sante,Montreal,H1A,50515,14,11.9,0,Centre,0,False,False,0,29.833443989559836,-0.21854771652289173,True,False,0.4385836629801098
C006155,28.07,Genie,Montreal,H4L,60143,6,18.5,0,Centre,0,False,False,0,28.932904566954218,-1.11908713912851,False,False,0.4124797754192477
C008624,32.31,Sante,Montreal,H8N,107772,10,12.3,1,Centre,0,False,False,1,33.748174278257025,3.6961825721742976,False,False,0.47191365738867674
C000084,29.08,Arts et lettres,Cote-Nord,G5B,21471,9,191.2,0,Remote,0,False,False,1,30.374356850431322,0.32236514434859487,True,False,0.5055822242046144
C006305,27.43,Genie,Capitale-Nationale,G1V,78355,9,32.0,0,Centre,0,False,False,0,28.724356850431324,-1.3276348556514037,False,False,0.3918338059916996
C003396,26.91,Sciences,Montreal,H4L,78545,12,34.3,0,Centre,0,False,False,0,28.63580913390843,-1.4161825721742964,False,False,0.4071218488338435
C007437,30.5,Sciences sociales,Gaspesie-Iles-de-la-Madeleine,G5C,28865,13,80.5,1,Remote,0,False,False,1,32.36962656173414,2.3176348556514093,False,False,0.48499207800201083
C002161,26.55,Sante,Bas-Saint-Laurent,G0L,22702,15,124.2,0,Remote,0,False,False,0,28.70726141738554,-1.344730288697189,False,False,0.5034258198478556
C009410,23.1,Sante,Montreal,H3T,347143,11,38.8,0,Centre,-1,True,True,0,24.68199170608273,-5.369999999999997,False,False,0.5781623530726405
C004733,30.21,Genie,Capitale-Nationale,G1V,68866,8,22.1,0,Centre,0,False,False,1,31.360539422605623,1.3085477165228951,False,False,0.3959473513965274
C010001,25.54,Sciences,Capitale-Nationale,G1R,78035,8,7.9,0,Centre,0,False,False,0,26.69053942260562,-3.3614522834771066,False,False,0.4214858903218048
C011773,19.16,Sciences sociales,Capitale-Nationale,G1R,38028,10,11.8,1,Centre,0,False,True,0,20.598174278257027,-9.453817427825701,False,False,0.5648422883249278
C011479,33.03,Sciences,Capitale-Nationale,G1R,46572,9,32.1,0,Centre,0,False,False,1,34.32435685043132,4.272365144348594,False,False,0.46501590904200746
C011991,36.23,Sciences sociales,Capitale-Nationale,G1R,104212,14,14.5,1,Centre,-1,True,True,1,38.243443989559836,8.191452283477108,False,False,0.5806086786520772
C013514,27.4,Genie,Capitale-Nationale,G2E,32806,12,2.8,0,Centre,0,False,False,0,29.12580913390843,-0.926182572174298,False,False,0.5178903460559539
C011376,24.29,Sante,Gaspesie-Iles-de-la-Madeleine,G4X,103401,13,132.2,1,Remote,0,False,False,0,26.159626561734132,-3.892365144348595,False,False,0.4633209445368843
C005626,25.85,Sante,Capitale-Nationale,G3A,108006,6,37.0,0,Centre,0,False,False,0,26.71290456695422,-3.339087139128509,False,False,0.4501152832370874
C007147,32.61,Arts et lettres,Cote-Nord,G5B,35294,8,108.4,0,Remote,0,False,False,1,33.76053942260562,3.70854771652289,False,False,0.5033245717117378
C002813,31.7,Sante,Montreal,H1A,62685,9,6.2,0,Centre,0,False,False,1,32.99435685043132,2.942365144348596,False,False,0.44882000421700907
C011580,29.81,Sciences sociales,Capitale-Nationale,G3A,57003,8,4.7,0,Centre,0,False,False,1,30.96053942260562,0.908547716522893,False,False,0.4428854448612184
C008703,22.82,Sciences,Montreal,H1A,138079,17,19.3,0,Centre,-1,True,True,0,25.264896273036946,-4.787095433045781,False,False,0.5596181932756793
C001116,27.15,Arts et lettres,Capitale-Nationale,G1V,114262,6,66.0,1,Centre,0,False,False,0,28.012904566954216,-2.0390871391285117,False,False,0.4681506507733965
C009615,24.19,Sante,Montreal,H2X,55205,6,11.7,0,Centre,0,False,False,0,25.05290456695422,-4.999087139128509,False,False,0.45429847833577
C012527,26.25,Sciences,Montreal,H4L,55430,6,16.0,0,Centre,0,False,False,0,27.112904566954217,-2.9390871391285103,False,False,0.42729939641717024
C008203,31.21,Sciences sociales,Montreal,H4L,101628,7,22.9,0,Centre,0,False,False,1,32.21672199477992,2.1647302886971893,False,False,0.4421188506125261
C012695,25.15,Sciences,Cote-Nord,G0G,36852,16,152.5,1,Remote,0,False,False,0,27.451078845211242,-2.6009128608714853,False,False,0.46272704105000506
C011990,29.82,Sante,Gaspesie-Iles-de-la-Madeleine,G5C,19664,14,167.9,0,Remote,0,False,False,1,31.833443989559836,1.7814522834771083,False,False,0.5228700507118813
C011636,27.72,Arts et lettres,Montreal,H3T,75869,11,25.2,0,Centre,0,False,False,0,29.301991706082728,-0.75,False,False,0.39437612228439956
C008701,26.92,Arts et lettres,Montreal,H3T,127516,13,11.3,1,Centre,0,False,False,0,28.789626561734135,-1.2623651443485926,False,False,0.4779005718148771
C005315,25.34,Sciences,Gaspesie-Iles-de-la-Madeleine,G0C,60612,14,206.2,0,Remote,0,False,False,0,27.353443989559835,-2.698547716522892,False,False,0.42576860565731445
C007237,27.93,Sciences,Bas-Saint-Laurent,G5L,40275,9,110.3,0,Remote,0,False,False,0,29.224356850431324,-0.8276348556514037,False,False,0.4235202982970056
C007160,26.78,Genie,Montreal,H1A,66859,11,9.9,0,Centre,0,False,False,0,28.36199170608273,-1.6899999999999977,False,False,0.41162175149910574
C010891,22.91,Genie,Gaspesie-Iles-de-la-Madeleine,G5C,89024,8,259.6,1,Remote,0,False,False,0,24.060539422605622,-5.991452283477106,False,False,0.5055875746676233
C012994,27.03,Sciences,Capitale-Nationale,G3A,80102,10,16.2,0,Centre,0,False,False,0,28.468174278257028,-1.5838174278257,False,False,0.39565141059546566
C009286,27.33,Genie,Gaspesie-Iles-de-la-Madeleine,G0C,96923,17,277.3,1,Remote,0,False,False,0,29.774896273036944,-0.2770954330457833,True,False,0.4855281698115135
C009903,33.17,Sciences sociales,Capitale-Nationale,G2E,46202,12,14.4,0,Centre,0,False,False,1,34.895809133908436,4.843817427825709,False,False,0.4832976087084288
C001969,28.91,Arts et lettres,Montreal,H3T,64518,9,5.6,0,Centre,0,False,False,1,30.204356850431324,0.15236514434859671,True,False,0.41735800349818886
C010538,26.57,Sciences,Montreal,H2X,49185,6,30.6,0,Centre,0,False,False,0,27.432904566954218,-2.61908713912851,False,False,0.4294888997886162
C000968,24.53,Genie,Cote-Nord,G4R,35864,20,159.1,0,Remote,0,False,False,0,27.406348556514054,-2.6456431495686736,False,False,0.5239780897053418
C008995,27.39,Genie,Cote-Nord,G0G,73184,21,140.9,0,Remote,0,False,False,1,30.410165984339756,0.3581742782570281,True,False,0.5144805944906
C005254,23.86,Sciences,Montreal,H4L,76795,7,11.0,1,Centre,0,False,False,0,24.86672199477992,-5.185269711302809,False,False,0.43500763745305615
C002699,32.83,Sante,Montreal,H1A,172064,14,16.0,1,Centre,0,False,True,1,34.84344398955984,4.79145228347711,False,False,0.5860575584127662
C003838,25.9,Genie,Bas-Saint-Laurent,G5N,58286,18,262.5,0,Remote,0,False,False,0,28.488713700862647,-1.5632780052200808,False,False,0.4706495009128828
C009948,22.13,Sante,Montreal,H1A,56288,17,10.6,0,Centre,-1,True,False,0,24.574896273036945,-5.477095433045783,False,False,0.540383046013779
C004321,25.51,Arts et lettres,Capitale-Nationale,G1V,76752,9,21.6,0,Centre,0,False,False,0,26.804356850431326,-3.247634855651402,False,False,0.3983407755872803
C011612,31.94,Sciences sociales,Montreal,H3T,81781,5,23.1,0,Centre,0,False,False,1,32.659087139128516,2.6070954330457887,False,False,0.47307738321534754
C008431,30.4,Sciences sociales,Gaspesie-Iles-de-la-Madeleine,G4X,50627,12,216.7,1,Remote,0,False,False,1,32.12580913390843,2.0738174278257056,False,False,0.43028014843673906
C007080,28.95,Sante,Montreal,H3T,94017,11,35.8,0,Centre,0,False,False,1,30.531991706082728,0.4800000000000004,True,False,0.41224323122106654
C013418,28.36,Genie,Montreal,H4L,51971,9,13.1,0,Centre,0,False,False,0,29.654356850431324,-0.397634855651404,True,False,0.4015768972383161
C009320,27.01,Sciences sociales,Montreal,H3T,94674,14,27.3,1,Centre,0,False,False,0,29.023443989559837,-1.0285477165228905,False,False,0.43583800650045723
C012879,29.92,Sciences,Montreal,H3T,41158,6,22.3,0,Centre,0,False,False,1,30.78290456695422,0.7309128608714914,False,False,0.44501885185698636
C006955,29.86,Sante,Bas-Saint-Laurent,G0L,38877,9,162.9,1,Remote,0,False,False,1,31.154356850431324,1.102365144348596,False,False,0.44318534158853884
C001367,21.86,Genie,Montreal,H1A,68130,8,2.3,0,Centre,0,False,False,0,23.01053942260562,-7.041452283477106,False,False,0.5346695493219541
C005263,26.34,Genie,Bas-Saint-Laurent,G5L,65298,10,452.3,0,Remote,0,False,False,0,27.778174278257026,-2.2738174278257013,False,False,0.47252714999639744
C006732,31.79,Arts et lettres,Gaspesie-Iles-de-la-Madeleine,G5C,36820,15,34.7,1,Remote,0,False,False,1,33.94726141738554,3.895269711302813,False,False,0.49466535575589377
C001937,27.97,Genie,Gaspesie-Iles-de-la-Madeleine,G5C,34737,6,112.2,1,Remote,0,False,False,0,28.832904566954216,-1.2190871391285114,False,False,0.4765728501997166
C009991,27.06,Arts et lettres,Cote-Nord,G0G,20441,8,235.9,0,Remote,0,False,False,0,28.21053942260562,-1.841452283477107,False,False,0.5236083541148397
C010555,23.01,Arts et lettres,Cote-Nord,G0G,27904,10,314.1,0,Remote,0,False,False,0,24.448174278257028,-5.6038174278257,False,False,0.5322376585237338
C008397,32.88,Genie,Gaspesie-Iles-de-la-Madeleine,G5C,29337,13,88.2,0,Remote,0,False,False,1,34.74962656173414,4.697634855651412,False,False,0.5252558453963401
C013149,25.53,Arts et lettres,Montreal,H1A,60077,5,30.3,1,Centre,0,False,False,0,26.249087139128513,-3.802904566954215,False,False,0.45009242209757633
C004788,31.0,Sciences sociales,Capitale-Nationale,G1V,54425,14,14.4,1,Centre,0,False,False,1,33.01344398955984,2.9614522834771115,False,False,0.45357618098219626
C013056,28.71,Sciences sociales,Capitale-Nationale,G2E,80708,10,31.9,0,Centre,0,False,False,1,30.148174278257027,0.09618257217429971,True,False,0.3930940925488804
C007289,29.55,Arts et lettres,Capitale-Nationale,G1V,124649,9,26.0,0,Centre,0,False,False,1,30.844356850431325,0.7923651443485973,False,False,0.4300814225422673
C006321,26.31,Sante,Capitale-Nationale,G1R,64244,12,13.9,0,Centre,0,False,False,0,28.03580913390843,-2.016182572174298,False,False,0.4058295237829877
C006522,28.3,Genie,Capitale-Nationale,G1R,80505,8,9.4,0,Centre,0,False,False,0,29.450539422605623,-0.601452283477105,False,False,0.40530741740898396
C002796,24.98,Arts et lettres,Cote-Nord,G4R,58964,17,282.2,0,Remote,0,False,False,0,27.424896273036946,-2.627095433045781,False,False,0.4679731596740184
C013632,30.25,Genie,Montreal,H2X,100227,4,39.7,1,Centre,0,False,False,1,30.82526971130281,0.7732780052200816,False,False,0.4885717745788075
C000991,25.05,Genie,Montreal,H1A,69405,10,5.0,0,Centre,0,False,False,0,26.488174278257027,-3.5638174278257004,False,False,0.44381584131625385
C011678,29.18,Sciences sociales,Montreal,H1A,57915,8,16.7,0,Centre,0,False,False,1,30.33053942260562,0.278547716522894,True,False,0.3964272189577256
C007064,25.1,Arts et lettres,Capitale-Nationale,G2E,74814,5,46.7,0,Centre,0,False,False,0,25.819087139128513,-4.232904566954215,False,False,0.4633097764418919
C010417,22.71,Genie,Montreal,H4L,90540,11,18.8,0,Centre,0,False,False,0,24.29199170608273,-5.759999999999998,False,False,0.4591887998014322
C000915,30.33,Sciences sociales,Capitale-Nationale,G3A,71561,10,11.1,0,Centre,0,False,False,1,31.768174278257025,1.7161825721742971,False,False,0.4115030448876231
C002824,26.72,Sciences,Montreal,H3T,87825,6,18.4,0,Centre,0,False,False,0,27.582904566954216,-2.4690871391285114,False,False,0.4157325386521101
C005427,29.27,Sciences,Cote-Nord,G4R,54437,16,273.6,0,Remote,0,False,False,1,31.571078845211243,1.5190871391285157,False,False,0.4508094547454402
C013129,26.68,Sciences sociales,Montreal,H4L,108900,8,8.0,0,Centre,0,False,False,0,27.83053942260562,-2.221452283477106,False,False,0.4353317242027471
C002877,26.59,Genie,Capitale-Nationale,G3A,53612,8,30.6,1,Centre,0,False,False,0,27.74053942260562,-2.311452283477106,False,False,0.40425092840433163
C009443,29.99,Sante,Capitale-Nationale,G1R,57758,7,15.2,1,Centre,0,False,False,1,30.996721994779918,0.9447302886971904,False,False,0.4113667144025441
C001165,26.0,Genie,Cote-Nord,G5B,47316,16,217.9,0,Remote,0,False,False,0,28.301078845211244,-1.750912860871484,False,False,0.44165693814689627
C003086,34.63,Sciences,Montreal,H2X,90853,6,21.3,0,Centre,0,False,False,1,35.492904566954216,5.440912860871489,False,False,0.5192455115380202
C003779,27.73,Arts et lettres,Bas-Saint-Laurent,G5L,39028,18,297.3,1,Remote,0,False,False,1,30.31871370086265,0.2667219947799211,True,False,0.48200044352374855
C000636,22.44,Genie,Bas-Saint-Laurent,G5L,21869,13,235.0,0,Remote,0,False,False,0,24.309626561734134,-5.742365144348593,False,False,0.5453226751102784
C005542,29.24,Sciences sociales,Capitale-Nationale,G1V,61506,3,13.4,0,Centre,0,False,False,0,29.671452283477105,-0.38053942260562224,True,False,0.4806817297974406
C008606,28.08,Sciences sociales,Montreal,H1A,76367,8,37.1,1,Centre,0,False,False,0,29.23053942260562,-0.8214522834771074,False,False,0.4008052493786508
C009668,31.19,Genie,Bas-Saint-Laurent,G0L,51559,10,303.9,0,Remote,0,False,False,1,32.62817427825703,2.5761825721743,False,False,0.457899866336037
C000632,22.81,Sante,Capitale-Nationale,G2E,127538,16,43.7,1,Centre,0,False,True,0,25.111078845211242,-4.940912860871485,False,False,0.5494385885740041
C001820,29.68,Sante,Capitale-Nationale,G1R,77762,14,34.7,0,Centre,0,False,False,1,31.693443989559835,1.6414522834771077,False,False,0.430480168257216
C000258,28.36,Sciences sociales,Gaspesie-Iles-de-la-Madeleine,G4X,67304,16,266.6,1,Remote,0,False,False,1,30.661078845211243,0.6090871391285155,False,False,0.4479599805884642
C011797,26.8,Genie,Montreal,H4L,142246,6,5.8,0,Centre,0,False,False,0,27.662904566954218,-2.3890871391285096,False,False,0.4967465213775777
C012040,27.2,Sciences,Bas-Saint-Laurent,G5N,58277,14,158.3,1,Remote,0,False,False,0,29.213443989559835,-0.8385477165228927,False,False,0.41701508976428836
C013717,31.57,Sciences sociales,Capitale-Nationale,G2E,44347,9,19.0,0,Centre,0,False,False,1,32.86435685043132,2.8123651443485933,False,False,0.4299773314601414
C005813,27.74,Sante,Montreal,H1A,116014,9,10.8,0,Centre,0,False,False,0,29.034356850431323,-1.017634855651405,False,False,0.4269321970881978
C005501,26.81,Genie,Montreal,H1A,74232,8,20.5,0,Centre,0,False,False,0,27.96053942260562,-2.091452283477107,False,False,0.3903502028809603
C003563,25.27,Arts et lettres,Cote-Nord,G0G,49757,11,77.8,1,Remote,0,False,False,0,26.85199170608273,-3.1999999999999993,False,False,0.4285962847127936
C001896,31.45,Arts et lettres,Cote-Nord,G4R,41198,8,199.5,1,Remote,0,False,False,1,32.60053942260562,2.5485477165228936,False,False,0.4746099999537961
C004179,30.47,Sciences,Montreal,H3T,47667,10,5.1,0,Centre,0,False,False,1,31.908174278257025,1.8561825721742977,False,False,0.4544592095454016
C012585,23.88,Sciences,Montreal,H8N,46590,10,44.1,1,Centre,0,False,False,0,25.318174278257025,-4.733817427825702,False,False,0.44022352403779696
C007656,24.79,Arts et lettres,Cote-Nord,G0G,24373,16,367.6,0,Remote,0,False,False,0,27.091078845211243,-2.9609128608714848,False,False,0.5356540611385316
C007543,32.21,Sciences,Capitale-Nationale,G3A,82024,9,15.7,1,Centre,0,False,False,1,33.50435685043132,3.452365144348594,False,False,0.4379986403300092
C002637,29.11,Arts et lettres,Cote-Nord,G4R,51959,15,159.6,1,Remote,0,False,False,1,31.26726141738554,1.2152697113028132,False,False,0.4284603050148327
C010774,29.64,Sciences,Gaspesie-Iles-de-la-Madeleine,G0C,87315,11,157.0,1,Remote,0,False,False,1,31.22199170608273,1.1700000000000017,False,False,0.4336343711514875
C001320,29.92,Sciences sociales,Montreal,H3T,43118,5,88.3,1,Centre,0,False,False,1,30.639087139128513,0.5870954330457856,False,False,0.49394072580470794
C009866,25.52,Genie,Capitale-Nationale,G3A,225311,11,11.5,1,Centre,0,False,False,0,27.10199170608273,-2.9499999999999993,False,False,0.5480594173599334
C002316,34.09,Sciences,Capitale-Nationale,G3A,85458,8,2.3,1,Centre,0,False,True,1,35.24053942260562,5.188547716522894,False,False,0.5550784587845403
C010090,25.94,Sante,Capitale-Nationale,G3A,83661,6,7.7,1,Centre,0,False,False,0,26.80290456695422,-3.249087139128509,False,False,0.4414528095753572
C011877,31.0,Genie,Cote-Nord,G0G,70045,15,70.8,0,Remote,0,False,False,1,33.15726141738554,3.105269711302814,False,False,0.46170174868891434
C002632,29.44,Sciences sociales,Gaspesie-Iles-de-la-Madeleine,G0C,70816,10,138.3,1,Remote,0,False,False,1,30.878174278257028,0.8261825721743001,False,False,0.4129479193876995
C004804,28.89,Genie,Bas-Saint-Laurent,G5N,63124,12,262.6,0,Remote,0,False,False,1,30.61580913390843,0.563817427825704,False,False,0.4239981995325059
C007625,28.15,Genie,Montreal,H4L,102071,10,12.0,0,Centre,0,False,False,0,29.588174278257025,-0.46381742782570257,True,False,0.412736182876574
C013309,26.23,Sciences,Montreal,H4L,66105,12,22.4,0,Centre,0,False,False,0,27.95580913390843,-2.096182572174296,False,False,0.40057198729804905
C005453,31.09,Sciences,Montreal,H2X,92395,3,6.2,0,Centre,0,False,False,1,31.521452283477107,1.4694605773943792,False,False,0.5330759854074234
C010264,27.55,Sante,Capitale-Nationale,G1R,69089,5,17.7,0,Centre,0,False,False,0,28.269087139128516,-1.7829045669542118,False,False,0.4291140974571699
C002965,28.58,Sciences sociales,Gaspesie-Iles-de-la-Madeleine,G4X,57777,9,200.1,0,Remote,0,False,False,0,29.874356850431322,-0.17763485565140513,True,False,0.4215363180349237
C002299,26.03,Arts et lettres,Cote-Nord,G4R,55185,11,150.1,0,Remote,0,False,False,0,27.61199170608273,-2.4399999999999977,False,False,0.4163906530904186
C012233,26.17,Genie,Capitale-Nationale,G2E,103642,13,7.5,0,Centre,0,False,False,0,28.039626561734135,-2.0123651443485926,False,False,0.4562480828720203
C002105,28.13,Sante,Cote-Nord,G4R,38355,9,443.7,1,Remote,0,False,False,0,29.424356850431323,-0.6276348556514044,False,False,0.487915811912498
C011426,23.92,Sciences,Montreal,H3T,53987,10,13.6,0,Centre,0,False,False,0,25.358174278257028,-4.693817427825699,False,False,0.43235560075709645
C007171,31.69,Sciences sociales,Montreal,H8N,36710,9,21.1,1,Centre,0,False,False,1,32.984356850431325,2.932365144348598,False,False,0.45019553595184153
C005661,27.96,Sante,Bas-Saint-Laurent,G5N,38702,19,189.5,0,Remote,0,False,False,1,30.69253112868835,0.6405394226056238,False,False,0.49244298594765756
C008855,27.62,Arts et lettres,Montreal,H8N,121888,12,5.9,1,Centre,0,False,False,0,29.345809133908432,-0.7061825721742956,False,False,0.4753306859704318
C007971,23.35,Sciences,Bas-Saint-Laurent,G0L,37388,12,393.0,0,Remote,0,False,False,0,25.075809133908432,-4.976182572174295,False,False,0.5009864235952183
C009288,32.7,Sciences sociales,Montreal,H8N,56789,8,4.4,0,Centre,0,False,False,1,33.85053942260562,3.7985477165228936,False,False,0.4973814829878127
C006690,29.2,Sciences,Capitale-Nationale,G3A,68247,5,16.5,0,Centre,0,False,False,0,29.919087139128514,-0.13290456695421327,True,False,0.4277016623190436
C006848,23.09,Arts et lettres,Cote-Nord,G4R,56868,7,277.7,0,Remote,0,False,False,0,24.09672199477992,-5.955269711302808,False,False,0.5010328085485541
C011893,27.71,Sciences sociales,Montreal,H1A,91113,13,20.9,0,Centre,0,False,False,0,29.579626561734134,-0.47236514434859345,True,False,0.420952523651424
C009692,28.78,Sante,Montreal,H2X,75334,10,8.4,0,Centre,0,False,False,1,30.218174278257028,0.1661825721743,True,False,0.40890853178986786
C000419,29.2,Arts et lettres,Gaspesie-Iles-de-la-Madeleine,G5C,35826,7,248.8,0,Remote,0,False,False,1,30.20672199477992,0.1547302886971913,True,False,0.47797374663730735
C008216,25.32,Sciences sociales,Montreal,H3T,75324,5,38.5,1,Centre,0,False,False,0,26.03908713912851,-4.012904566954216,False,False,0.4537684409294409
C006412,32.65,Genie,Capitale-Nationale,G1R,66645,12,10.8,0,Centre,0,False,False,1,34.37580913390843,4.3238174278257056,False,False,0.4622099480244586
C012289,24.73,Sciences sociales,Gaspesie-Iles-de-la-Madeleine,G4X,96370,8,221.5,0,Remote,0,False,False,0,25.880539422605622,-4.171452283477105,False,False,0.46975265813536177
C006481,29.49,Sciences,Capitale-Nationale,G3A,73088,7,14.5,0,Centre,0,False,False,1,30.496721994779918,0.44473028869719045,True,False,0.4036300978904133
C003810,26.48,Sante,Cote-Nord,G0G,49279,9,225.4,0,Remote,0,False,False,0,27.774356850431325,-2.277634855651403,False,False,0.4265857411965247
C012986,35.38,Sciences,Gaspesie-Iles-de-la-Madeleine,G4X,107790,9,323.8,0,Remote,-1,True,True,1,36.67435685043132,6.622365144348596,False,False,0.5773954729155303
C003836,28.69,Sante,Montreal,H3T,78137,8,13.0,0,Centre,0,False,False,0,29.840539422605623,-0.21145228347710443,True,False,0.3953670260369409
C000822,25.27,Sante,Capitale-Nationale,G3A,32150,6,18.6,0,Centre,0,False,False,0,26.132904566954217,-3.9190871391285107,False,False,0.4801706354144586
C007818,25.92,Sante,Montreal,H3T,53762,9,15.6,0,Centre,0,False,False,0,27.214356850431326,-2.8376348556514017,False,False,0.40581592481615625
C001033,28.13,Sciences sociales,Montreal,H4L,66235,16,20.4,1,Centre,0,False,False,1,30.431078845211243,0.3790871391285151,True,False,0.44376544248394784
C011731,28.79,Genie,Gaspesie-Iles-de-la-Madeleine,G0C,52630,13,395.5,0,Remote,0,False,False,1,30.659626561734132,0.6076348556514048,False,False,0.4557720686977667
C011560,33.22,Sciences sociales,Montreal,H4L,48474,6,33.1,0,Centre,0,False,False,1,34.08290456695421,4.030912860871485,False,False,0.4946977947700477
C011785,25.46,Sciences,Capitale-Nationale,G2E,53679,9,32.9,0,Centre,0,False,False,0,26.754356850431325,-3.2976348556514026,False,False,0.4089615521601291
C002768,28.95,Sciences sociales,Montreal,H1A,82204,7,19.5,0,Centre,0,False,False,0,29.95672199477992,-0.0952697113028087,True,False,0.397360740576871
C002687,31.3,Arts et lettres,Montreal,H1A,51388,9,8.6,0,Centre,0,False,False,1,32.594356850431325,2.5423651443485973,False,False,0.4407236000002263
C005349,31.6,Arts et lettres,Gaspesie-Iles-de-la-Madeleine,G4X,66447,12,173.4,1,Remote,0,False,False,1,33.325809133908436,3.2738174278257084,False,False,0.4471345608414235
C012013,32.43,Sciences sociales,Montreal,H4L,148145,5,16.4,0,Centre,0,False,False,1,33.14908713912851,3.0970954330457836,False,False,0.536278891453475
C000681,30.34,Genie,Capitale-Nationale,G2E,94251,16,28.1,0,Centre,0,False,False,1,32.64107884521124,2.5890871391285124,False,False,0.4768693654217459
C002435,29.14,Sciences,Bas-Saint-Laurent,G5L,110701,12,76.1,0,Remote,0,False,False,1,30.86580913390843,0.813817427825704,False,False,0.4492427241380537
C006885,28.78,Sciences sociales,Montreal,H8N,42507,7,21.6,0,Centre,0,False,False,0,29.78672199477992,-0.26526971130280685,True,False,0.41735203660487247
C007537,30.08,Sante,Montreal,H1A,74845,5,36.6,1,Centre,0,False,False,1,30.79908713912851,0.7470954330457822,False,False,0.4492385877328688
C013657,33.61,Sante,Montreal,H3T,97239,7,44.7,0,Centre,0,False,False,1,34.616721994779915,4.564730288697188,False,False,0.5080680855724368
C003747,25.87,Genie,Montreal,H2X,114026,10,12.9,0,Centre,0,False,False,0,27.308174278257027,-2.7438174278257,False,False,0.4299517740679765
C007966,27.07,Sciences,Montreal,H4L,89995,9,17.5,0,Centre,0,False,False,0,28.364356850431324,-1.6876348556514031,False,False,0.3990037748835377
C009128,28.92,Sciences,Capitale-Nationale,G1R,93705,5,45.5,1,Centre,0,False,False,0,29.639087139128513,-0.4129045669542144,True,False,0.4575761195601466
C007838,23.66,Sciences sociales,Montreal,H3T,48243,8,13.8,0,Centre,0,False,False,0,24.810539422605622,-5.241452283477106,False,False,0.4408377474262609
C005568,30.04,Sciences,Capitale-Nationale,G2E,114375,9,38.5,0,Centre,0,False,False,1,31.334356850431323,1.2823651443485957,False,False,0.43694129457528724
C005761,29.77,Sante,Bas-Saint-Laurent,G0L,51499,13,78.7,0,Remote,0,False,False,1,31.639626561734133,1.5876348556514053,False,False,0.4242188106584319
C013524,27.03,Sciences,Capitale-Nationale,G3A,77317,10,35.0,0,Centre,0,False,False,0,28.468174278257028,-1.5838174278257,False,False,0.3993959111188783
C005857,28.28,Genie,Capitale-Nationale,G3A,41361,8,20.3,0,Centre,0,False,False,0,29.430539422605623,-0.6214522834771046,False,False,0.40995031403154725
C005919,25.68,Sciences sociales,Cote-Nord,G4R,46138,19,558.5,1,Remote,0,False,True,0,28.41253112868835,-1.6394605773943773,False,False,0.5490601043344389
C002385,22.62,Sciences sociales,Bas-Saint-Laurent,G5L,53807,8,155.0,0,Remote,0,False,False,0,23.770539422605623,-6.281452283477105,False,False,0.4791393612109026
C000265,27.01,Sciences sociales,Montreal,H4L,63920,7,50.0,0,Centre,0,False,False,0,28.01672199477992,-2.0352697113028064,False,False,0.4224904287253276
C009530,24.73,Genie,Bas-Saint-Laurent,G5L,103934,11,447.6,1,Remote,0,False,False,0,26.31199170608273,-3.7399999999999984,False,False,0.5093890564296846
C002985,28.89,Sante,Montreal,H8N,121892,7,24.1,0,Centre,0,False,False,0,29.89672199477992,-0.15526971130280742,True,False,0.43486082233470363
C001705,27.28,Genie,Montreal,H8N,56679,8,17.0,0,Centre,0,False,False,0,28.430539422605623,-1.6214522834771046,False,False,0.39937194247144747
C012682,30.13,Genie,Gaspesie-Iles-de-la-Madeleine,G4X,59415,16,365.4,1,Remote,0,False,False,1,32.43107884521124,2.3790871391285116,False,False,0.4764439597032199
C005494,26.84,Sciences sociales,Gaspesie-Iles-de-la-Madeleine,G4X,36517,11,49.5,0,Remote,0,False,False,0,28.42199170608273,-1.629999999999999,False,False,0.43293128171405765
C005374,24.41,Sante,Gaspesie-Iles-de-la-Madeleine,G4X,52239,11,320.1,0,Remote,0,False,False,0,25.99199170608273,-4.059999999999999,False,False,0.455076527210213
C005908,24.84,Genie,Cote-Nord,G4R,44161,7,180.1,0,Remote,0,False,False,0,25.84672199477992,-4.205269711302808,False,False,0.4675012134372796
C003297,24.39,Genie,Bas-Saint-Laurent,G5N,44549,14,135.4,1,Remote,0,False,False,0,26.403443989559836,-3.6485477165228914,False,False,0.44253622577379953
C007302,24.48,Sciences,Gaspesie-Iles-de-la-Madeleine,G5C,59791,11,161.6,0,Remote,0,False,False,0,26.06199170608273,-3.9899999999999984,False,False,0.430822459942171
C011815,23.95,Genie,Gaspesie-Iles-de-la-Madeleine,G4X,39527,10,149.6,1,Remote,0,False,False,0,25.388174278257026,-4.663817427825702,False,False,0.4597688523073598
C012897,28.0,Sciences,Bas-Saint-Laurent,G5N,38569,13,392.7,0,Remote,0,False,False,0,29.869626561734133,-0.1823651443485943,True,False,0.46312754596953704
C005864,31.4,Sante,Montreal,H3T,114243,11,3.4,0,Centre,0,False,False,1,32.98199170608273,2.9300000000000033,False,False,0.509416595059907
C012916,30.55,Genie,Capitale-Nationale,G1V,104818,8,9.1,0,Centre,0,False,False,1,31.700539422605623,1.648547716522895,False,False,0.4392066989626942
C002770,29.43,Sante,Gaspesie-Iles-de-la-Madeleine,G0C,41127,15,90.5,0,Remote,0,False,False,1,31.58726141738554,1.5352697113028135,False,False,0.44793340560193623
C006627,27.55,Arts et lettres,Capitale-Nationale,G3A,89993,9,13.8,0,Centre,0,False,False,0,28.844356850431325,-1.2076348556514027,False,False,0.39880613865591097
C000083,26.14,Genie,Montreal,H2X,83381,3,14.0,1,Centre,0,False,False,0,26.571452283477107,-3.48053942260562,False,False,0.4899202196311976
C001297,26.59,Sciences sociales,Montreal,H8N,58246,11,16.2,0,Centre,0,False,False,0,28.17199170608273,-1.879999999999999,False,False,0.40562772285764054
C011749,28.09,Sciences sociales,Cote-Nord,G4R,72886,11,188.2,1,Remote,0,False,False,0,29.67199170608273,-0.379999999999999,True,False,0.41896085199212574
C012094,26.67,Sante,Montreal,H3T,54609,6,20.1,0,Centre,0,False,False,0,27.53290456695422,-2.5190871391285086,False,False,0.4207208834812619
C011423,25.35,Sciences,Montreal,H1A,73815,8,8.2,0,Centre,0,False,False,0,26.500539422605623,-3.5514522834771043,False,False,0.42322098827845495
C005931,29.09,Sante,Capitale-Nationale,G3A,56379,4,37.9,0,Centre,0,False,False,0,29.66526971130281,-0.38672199477991853,True,False,0.46162004858059935
C005578,32.37,Genie,Montreal,H8N,59655,11,10.6,0,Centre,0,False,False,1,33.95199170608273,3.900000000000002,False,False,0.4492816121039049
C012071,24.94,Sante,Cote-Nord,G4R,74657,15,144.8,1,Remote,0,False,False,0,27.09726141738554,-2.9547302886971885,False,False,0.4486231220065775
C007089,20.21,Sciences,Gaspesie-Iles-de-la-Madeleine,G0C,29795,11,310.4,0,Remote,0,False,True,0,21.79199170608273,-8.259999999999998,False,False,0.5756184072719431
C011179,28.71,Sante,Gaspesie-Iles-de-la-Madeleine,G0C,36815,20,160.2,1,Remote,0,False,False,1,31.586348556514054,1.534356850431326,False,False,0.5074006504292214
C000251,25.77,Sante,Gaspesie-Iles-de-la-Madeleine,G4X,62673,18,254.2,0,Remote,0,False,False,0,28.358713700862648,-1.6932780052200798,False,False,0.46986575626419697
C011613,29.19,Sciences,Montreal,H1A,43257,3,27.3,0,Centre,0,False,False,0,29.621452283477108,-0.4305394226056194,True,False,0.498908739312484
C008363,23.86,Arts et lettres,Cote-Nord,G4R,57158,19,219.3,1,Remote,0,False,False,0,26.59253112868835,-3.4594605773943776,False,False,0.5061013783607524
C006312,31.08,Arts et lettres,Capitale-Nationale,G1V,50069,13,4.0,0,Centre,0,False,False,1,32.949626561734135,2.8976348556514075,False,False,0.4936873571221414
C001558,26.85,Sciences,Montreal,H2X,105356,9,31.1,0,Centre,0,False,False,0,28.144356850431326,-1.907634855651402,False,False,0.41062163382036854
C003947,28.89,Sciences sociales,Capitale-Nationale,G3A,24170,13,55.3,0,Centre,0,False,False,1,30.759626561734134,0.7076348556514063,False,False,0.4930160665535369
C001831,26.73,Sciences,Bas-Saint-Laurent,G5L,73713,16,372.5,0,Remote,0,False,False,0,29.031078845211244,-1.0209128608714835,False,False,0.47020342113689123
C001513,24.36,Sciences sociales,Montreal,H3T,92188,8,34.3,0,Centre,0,False,False,0,25.51053942260562,-4.541452283477106,False,False,0.43322723075529984
C011791,28.07,Genie,Capitale-Nationale,G1V,150349,11,1.7,0,Centre,0,False,True,0,29.65199170608273,-0.3999999999999986,True,False,0.5487217225047093
C008419,26.91,Sciences sociales,Bas-Saint-Laurent,G0L,29312,11,314.0,0,Remote,0,False,False,0,28.49199170608273,-1.5599999999999987,False,False,0.46731802463998984
C005969,28.64,Sciences,Montreal,H3T,83572,11,7.6,0,Centre,0,False,False,1,30.22199170608273,0.1700000000000017,True,False,0.41636753810670635
C001511,23.21,Sciences,Gaspesie-Iles-de-la-Madeleine,G4X,111726,14,392.3,0,Remote,0,False,False,0,25.223443989559836,-4.828547716522891,False,False,0.5409447880442237
C000506,28.43,Sciences sociales,Capitale-Nationale,G3A,105096,13,16.6,0,Centre,0,False,False,1,30.299626561734133,0.24763485565140542,True,False,0.4346029422205398
C003179,27.26,Sciences sociales,Capitale-Nationale,G1V,120551,9,18.9,0,Centre,0,False,False,0,28.554356850431326,-1.4976348556514019,False,False,0.42335423051109156
C007607,30.82,Sante,Cote-Nord,G5B,34619,16,224.8,0,Remote,0,False,False,1,33.121078845211244,3.0690871391285164,False,False,0.47939214719045936
C005624,29.81,Sciences,Montreal,H1A,41774,10,29.4,0,Centre,0,False,False,1,31.248174278257025,1.1961825721742976,False,False,0.4180117014741294
C006676,21.9,Genie,Cote-Nord,G0G,33084,11,128.4,1,Remote,0,False,False,0,23.481991706082727,-6.57,False,False,0.5155688160284023
C002333,27.86,Sante,Capitale-Nationale,G3A,43625,12,66.9,0,Centre,0,False,False,0,29.58580913390843,-0.46618257217429715,True,False,0.4214662727787662
C011929,24.23,Sciences,Capitale-Nationale,G1V,89859,7,14.5,0,Centre,0,False,False,0,25.23672199477992,-4.815269711302808,False,False,0.4324376161349465
C013086,29.13,Sciences,Cote-Nord,G0G,52583,16,184.2,1,Remote,0,False,False,1,31.431078845211243,1.379087139128515,False,False,0.4405328111332605
C000219,28.33,Sciences,Capitale-Nationale,G1R,71189,7,61.9,0,Centre,0,False,False,0,29.336721994779918,-0.7152697113028097,False,False,0.4231590769609423
C011658,27.45,Sciences,Montreal,H3T,85294,8,11.2,1,Centre,0,False,False,0,28.60053942260562,-1.4514522834771064,False,False,0.39864238649533673
C008373,27.94,Sciences,Montreal,H3T,38568,8,14.4,0,Centre,0,False,False,0,29.090539422605623,-0.9614522834771044,False,False,0.4256137848791613
C010372,27.98,Sciences sociales,Gaspesie-Iles-de-la-Madeleine,G4X,62105,10,236.3,1,Remote,0,False,False,0,29.418174278257027,-0.6338174278257007,False,False,0.4175920572495929
C010030,27.31,Sciences sociales,Montreal,H4L,46198,10,32.5,0,Centre,0,False,False,0,28.748174278257025,-1.3038174278257024,False,False,0.40034930493496784
C001083,25.48,Sciences,Bas-Saint-Laurent,G0L,47805,15,109.5,1,Remote,0,False,False,0,27.637261417385538,-2.4147302886971893,False,False,0.4423544437245454
C000742,28.39,Genie,Montreal,H1A,144029,10,39.7,1,Centre,0,False,False,0,29.828174278257027,-0.22381742782570058,True,False,0.46979723982258753
C002790,28.4,Sciences,Capitale-Nationale,G1V,96229,5,33.1,0,Centre,0,False,False,0,29.11908713912851,-0.9329045669542175,False,False,0.44500284599708534
C011992,29.83,Sciences sociales,Gaspesie-Iles-de-la-Madeleine,G5C,54579,10,264.3,0,Remote,0,False,False,1,31.268174278257025,1.2161825721742971,False,False,0.43814373736438966
C008024,26.58,Sante,Capitale-Nationale,G3A,38089,9,16.9,0,Centre,0,False,False,0,27.874356850431322,-2.177634855651405,False,False,0.4298635389859322
C001099,25.93,Sciences,Bas-Saint-Laurent,G5N,61240,21,364.6,0,Remote,0,False,False,0,28.950165984339755,-1.1018257217429728,False,False,0.5325718112858774
C005481,27.64,Arts et lettres,Montreal,H4L,50536,6,4.9,1,Centre,0,False,False,0,28.502904566954218,-1.5490871391285097,False,False,0.46199120308588326
C007132,31.95,Sante,Capitale-Nationale,G3A,44503,8,11.3,0,Centre,0,False,False,1,33.10053942260562,3.0485477165228936,False,False,0.45913739288017424
C002016,32.11,Sciences sociales,Montreal,H1A,25123,8,35.2,1,Centre,0,False,False,1,33.26053942260562,3.20854771652289,False,False,0.5178764941391629
C005071,25.18,Sciences,Capitale-Nationale,G3A,74190,10,15.1,0,Centre,0,False,False,0,26.618174278257026,-3.4338174278257014,False,False,0.4100029452381352
C002326,27.76,Genie,Montreal,H3T,79642,11,17.3,0,Centre,0,False,False,0,29.34199170608273,-0.7099999999999973,False,False,0.39777746236905737
C000269,29.68,Genie,Montreal,H8N,44064,7,16.4,0,Centre,0,False,False,1,30.68672199477992,0.6347302886971917,False,False,0.42201553527509567
C007135,31.17,Sciences,Montreal,H3T,25137,15,9.0,0,Centre,-1,True,True,1,33.32726141738554,3.2752697113028155,False,False,0.5672675775878533
C012796,30.18,Sciences,Bas-Saint-Laurent,G5N,44696,11,143.7,0,Remote,0,False,False,1,31.76199170608273,1.7100000000000009,False,False,0.4298796302139468
C005323,26.51,Sciences,Capitale-Nationale,G3A,123151,11,62.1,0,Centre,0,False,False,0,28.09199170608273,-1.9599999999999973,False,False,0.45610171032785063
C000032,24.25,Genie,Capitale-Nationale,G1V,56595,7,5.3,1,Centre,0,False,False,0,25.25672199477992,-4.795269711302808,False,False,0.46680525392982564
C012345,26.14,Arts et lettres,Cote-Nord,G5B,156028,13,272.5,0,Remote,0,False,False,0,28.009626561734134,-2.0423651443485937,False,False,0.5294204286536267
C005716,27.6,Genie,Montreal,H4L,69031,14,12.4,1,Centre,0,False,False,0,29.613443989559837,-0.4385477165228906,True,False,0.4306748542581818
C002378,29.33,Genie,Montreal,H4L,46527,5,66.6,1,Centre,0,False,False,0,30.04908713912851,-0.002904566954217813,True,False,0.46886165100393884
C012649,20.52,Sciences,Capitale-Nationale,G3A,74378,5,2.4,0,Centre,-1,True,True,0,21.239087139128515,-8.812904566954213,False,False,0.595578402234288
C013844,25.44,Sciences sociales,Cote-Nord,G5B,43139,16,241.5,1,Remote,0,False,False,0,27.741078845211245,-2.3109128608714826,False,False,0.44954924729476764
C013857,26.27,Arts et lettres,Gaspesie-Iles-de-la-Madeleine,G4X,43801,15,263.0,1,Remote,0,False,False,0,28.427261417385537,-1.6247302886971902,False,False,0.4375408966426338
C003194,20.42,Sciences,Gaspesie-Iles-de-la-Madeleine,G4X,52380,10,126.2,1,Remote,0,False,False,0,21.858174278257028,-8.1938174278257,False,False,0.5132076471821744
C001448,24.53,Sciences,Bas-Saint-Laurent,G0L,21400,13,317.2,0,Remote,0,False,False,0,26.399626561734134,-3.652365144348593,False,False,0.5283739215140167
C013032,26.96,Genie,Bas-Saint-Laurent,G5N,45839,15,147.0,1,Remote,0,False,False,0,29.117261417385542,-0.9347302886971853,False,False,0.4309743287509993
C002312,29.71,Sciences,Capitale-Nationale,G1V,59484,8,10.4,0,Centre,0,False,False,1,30.860539422605623,0.8085477165228951,False,False,0.4077632675622896
C005647,29.4,Genie,Capitale-Nationale,G1V,99839,5,25.6,1,Centre,0,False,False,1,30.11908713912851,0.06709543304578247,True,False,0.44842005416239133
C004456,27.87,Sante,Bas-Saint-Laurent,G5L,47513,13,111.1,0,Remote,0,False,False,0,29.739626561734134,-0.3123651443485933,True,False,0.4169095969075263
C013663,25.83,Sciences,Capitale-Nationale,G3A,104898,10,23.8,0,Centre,0,False,False,0,27.268174278257025,-2.783817427825703,False,False,0.4145840725068638
C003407,26.43,Genie,Gaspesie-Iles-de-la-Madeleine,G4X,43180,12,130.5,1,Remote,0,False,False,0,28.15580913390843,-1.8961825721742969,False,False,0.419388453034575
C008199,28.06,Sciences,Gaspesie-Iles-de-la-Madeleine,G5C,118730,19,280.7,1,Remote,0,False,False,1,30.79253112868835,0.7405394226056217,False,False,0.5482602629266563
C009381,24.16,Sciences,Gaspesie-Iles-de-la-Madeleine,G5C,69080,15,73.7,0,Remote,0,False,False,0,26.317261417385538,-3.7347302886971896,False,False,0.46212134016592105
C001176,25.69,Sciences sociales,Gaspesie-Iles-de-la-Madeleine,G4X,24722,15,270.2,1,Remote,0,False,False,0,27.84726141738554,-2.2047302886971885,False,False,0.49947957461037745
C002003,24.41,Genie,Montreal,H1A,116041,13,16.4,0,Centre,0,False,False,0,26.279626561734133,-3.772365144348594,False,False,0.4753425800372802
C007804,23.71,Genie,Cote-Nord,G0G,60491,18,143.5,0,Remote,0,False,False,0,26.29871370086265,-3.7532780052200785,False,False,0.48954945626978635
C002311,25.74,Arts et lettres,Montreal,H2X,42757,9,14.4,1,Centre,0,False,False,0,27.034356850431323,-3.017634855651405,False,False,0.42300725830906166
C012535,23.72,Sante,Gaspesie-Iles-de-la-Madeleine,G0C,57102,13,161.8,0,Remote,0,False,False,0,25.589626561734132,-4.462365144348595,False,False,0.44390052747047287
C010705,31.57,Genie,Bas-Saint-Laurent,G5N,30991,13,83.4,0,Remote,0,False,False,1,33.43962656173414,3.3876348556514095,False,False,0.49331781028326044
C007384,29.08,Arts et lettres,Bas-Saint-Laurent,G5L,31352,14,41.2,1,Remote,0,False,False,1,31.093443989559834,1.0414522834771063,False,False,0.4652466139448033
C011348,26.89,Genie,Cote-Nord,G4R,52193,12,238.3,0,Remote,0,False,False,0,28.61580913390843,-1.436182572174296,False,False,0.41353884052329815
C005911,29.07,Sciences sociales,Montreal,H8N,50385,13,2.8,0,Centre,0,False,False,1,30.939626561734134,0.887634855651406,False,False,0.4891648049833333
C001761,28.5,Sciences,Capitale-Nationale,G1R,106635,10,16.9,0,Centre,0,False,False,0,29.938174278257026,-0.11381742782570115,True,False,0.4139396982884159
C012471,26.25,Sante,Montreal,H8N,94727,10,7.7,0,Centre,0,False,False,0,27.688174278257026,-2.363817427825701,False,False,0.4284267790636414
C007410,29.48,Sciences,Gaspesie-Iles-de-la-Madeleine,G4X,36601,9,188.0,1,Remote,0,False,False,1,30.774356850431325,0.722365144348597,False,False,0.4399472086598241
C007696,20.31,Genie,Gaspesie-Iles-de-la-Madeleine,G4X,73701,11,136.7,0,Remote,0,False,False,0,21.891991706082727,-8.16,False,False,0.5264406841397927
C007349,29.17,Sante,Montreal,H8N,120726,9,13.4,0,Centre,0,False,False,1,30.464356850431326,0.4123651443485983,True,False,0.4297184999351783
C011935,26.37,Sciences sociales,Capitale-Nationale,G3A,60835,6,45.6,1,Centre,0,False,False,0,27.23290456695422,-2.8190871391285093,False,False,0.4347491627549775
C008509,29.06,Sante,Capitale-Nationale,G1V,79509,9,6.1,1,Centre,0,False,False,1,30.354356850431323,0.3023651443485953,True,False,0.41800733506343446
C006723,29.31,Sciences,Montreal,H3T,46972,10,34.9,0,Centre,0,False,False,1,30.748174278257025,0.6961825721742976,False,False,0.4033827300390266
C006637,31.27,Sciences,Montreal,H4L,63220,9,5.7,0,Centre,0,False,False,1,32.564356850431324,2.512365144348596,False,False,0.44334721212873784
C007745,27.38,Sante,Montreal,H3T,103819,11,11.3,0,Centre,0,False,False,0,28.961991706082728,-1.0899999999999999,False,False,0.42047091699543615
C012645,27.55,Sciences,Cote-Nord,G4R,89011,18,351.3,1,Remote,0,False,False,1,30.13871370086265,0.08672199477992137,True,False,0.5010087724547481
C008034,27.51,Sante,Cote-Nord,G4R,51038,18,270.3,0,Remote,0,False,False,1,30.09871370086265,0.04672199477992223,True,False,0.4658705110257552
C004985,23.64,Sante,Gaspesie-Iles-de-la-Madeleine,G0C,35568,14,254.6,0,Remote,0,False,False,0,25.653443989559836,-4.3985477165228914,False,False,0.4761936363214588
C004919,30.98,Sante,Cote-Nord,G0G,45979,11,379.9,1,Remote,0,False,False,1,32.56199170608273,2.5100000000000016,False,False,0.4710239165775062
C008891,26.89,Arts et lettres,Cote-Nord,G0G,37736,9,138.0,1,Remote,0,False,False,0,28.184356850431325,-1.8676348556514029,False,False,0.4314615703622101
C006193,25.77,Sciences,Cote-Nord,G4R,88283,9,172.0,1,Remote,0,False,False,0,27.064356850431324,-2.987634855651404,False,False,0.438460499192572
C004175,27.8,Sante,Capitale-Nationale,G3A,97689,4,18.9,0,Centre,0,False,False,0,28.37526971130281,-1.6767219947799177,False,False,0.46086620730321654
C000220,24.68,Genie,Capitale-Nationale,G3A,75168,12,4.9,0,Centre,0,False,False,0,26.40580913390843,-3.646182572174297,False,False,0.45914292858499595
C001470,23.07,Genie,Montreal,H3T,95171,3,20.3,0,Centre,0,False,False,0,23.501452283477107,-6.55053942260562,False,False,0.5314950211525691
C012507,23.41,Sante,Capitale-Nationale,G3A,60313,11,10.3,0,Centre,0,False,False,0,24.99199170608273,-5.059999999999999,False,False,0.4480836992049771
C010621,24.63,Sciences,Gaspesie-Iles-de-la-Madeleine,G0C,57120,18,261.7,0,Remote,0,False,False,0,27.218713700862647,-2.8332780052200803,False,False,0.48070332712203273
C003824,24.57,Sciences,Montreal,H1A,65626,9,12.6,0,Centre,0,False,False,0,25.864356850431324,-4.187634855651403,False,False,0.41375327713699755
C013277,26.77,Genie,Montreal,H2X,177118,11,7.4,1,Centre,0,False,False,0,28.35199170608273,-1.6999999999999993,False,False,0.528242956899948
C012427,29.73,Sciences sociales,Capitale-Nationale,G1R,102880,6,9.6,0,Centre,0,False,False,1,30.592904566954218,0.5409128608714902,False,False,0.4478217984132275
C012617,25.76,Arts et lettres,Capitale-Nationale,G2E,44392,8,46.1,0,Centre,0,False,False,0,26.910539422605623,-3.141452283477104,False,False,0.4264847849836703
C005771,29.78,Genie,Montreal,H4L,71558,7,1.6,0,Centre,0,False,False,1,30.78672199477992,0.7347302886971931,False,False,0.5065479033015908
C013769,28.36,Sciences sociales,Montreal,H4L,29165,5,5.7,1,Centre,0,False,False,0,29.07908713912851,-0.9729045669542167,False,False,0.5384978788022694
C001960,29.71,Sciences sociales,Gaspesie-Iles-de-la-Madeleine,G4X,73256,12,93.9,1,Remote,0,False,False,1,31.435809133908432,1.3838174278257043,False,False,0.4228846602846254
C000176,25.81,Arts et lettres,Bas-Saint-Laurent,G5L,21709,6,350.0,0,Remote,0,False,True,0,26.672904566954216,-3.3790871391285116,False,False,0.5640061545967024
C010502,25.22,Sante,Bas-Saint-Laurent,G0L,79372,11,314.2,1,Remote,0,False,False,0,26.801991706082728,-3.25,False,False,0.4562265430509927
C002422,22.4,Sciences sociales,Montreal,H2X,57927,4,22.2,0,Centre,0,False,False,0,22.975269711302808,-7.07672199477992,False,False,0.5111974739608025
C004599,28.69,Genie,Gaspesie-Iles-de-la-Madeleine,G0C,76043,7,225.8,1,Remote,0,False,False,0,29.69672199477992,-0.3552697113028067,True,False,0.45274306422871574
C005915,23.82,Genie,Gaspesie-Iles-de-la-Madeleine,G5C,86500,12,157.1,0,Remote,0,False,False,0,25.54580913390843,-4.506182572174296,False,False,0.45949502917354806
C010447,27.53,Sante,Bas-Saint-Laurent,G0L,22991,16,217.4,1,Remote,0,False,False,0,29.831078845211245,-0.22091286087148276,True,False,0.503925070810739
C001788,28.21,Sciences sociales,Montreal,H2X,80307,8,32.0,0,Centre,0,False,False,0,29.360539422605623,-0.6914522834771049,False,False,0.39467371401913637
C007598,25.7,Sciences,Montreal,H2X,90283,7,44.6,0,Centre,0,False,False,0,26.70672199477992,-3.3452697113028087,False,False,0.42737385250309745
C004996,29.38,Sante,Cote-Nord,G0G,45539,13,115.3,0,Remote,0,False,False,1,31.249626561734132,1.1976348556514047,False,False,0.4237480405058788
C005350,25.52,Arts et lettres,Montreal,H1A,40831,9,34.8,0,Centre,0,False,False,0,26.814356850431324,-3.237634855651404,False,False,0.4264641155224453
C011583,25.72,Genie,Bas-Saint-Laurent,G0L,72010,16,85.3,0,Remote,0,False,False,0,28.021078845211242,-2.030912860871485,False,False,0.45572684472068237
C000458,30.01,Genie,Bas-Saint-Laurent,G0L,62683,10,101.3,1,Remote,0,False,False,1,31.448174278257028,1.3961825721743004,False,False,0.4189184564546406
C006109,28.46,Genie,Montreal,H4L,167186,8,9.6,1,Centre,0,False,False,0,29.610539422605623,-0.44145228347710486,True,False,0.49680779693144766
C006653,31.58,Sciences sociales,Montreal,H3T,71044,9,25.5,0,Centre,0,False,False,1,32.87435685043132,2.8223651443485913,False,False,0.41946874423850933
C003060,34.31,Genie,Montreal,H2X,95514,7,6.8,0,Centre,0,False,False,1,35.31672199477992,5.264730288697191,False,False,0.5298644652426964
C004232,34.38,Genie,Capitale-Nationale,G1V,52647,6,30.3,0,Centre,0,False,False,1,35.242904566954216,5.190912860871489,False,False,0.5186829574444511
C004543,26.5,Sciences,Montreal,H1A,98892,3,3.0,0,Centre,0,False,True,0,26.931452283477107,-3.1205394226056207,False,False,0.553479742518439
C000866,28.0,Arts et lettres,Capitale-Nationale,G1V,67913,12,9.9,0,Centre,0,False,False,0,29.72580913390843,-0.3261825721742966,True,False,0.4122373589410072
C013468,29.22,Arts et lettres,Montreal,H4L,62171,7,30.1,1,Centre,0,False,False,1,30.22672199477992,0.17473028869719087,True,False,0.4005714509540087
C003282,31.26,Arts et lettres,Montreal,H8N,126851,14,3.4,1,Centre,0,False,True,1,33.27344398955984,3.2214522834771095,False,False,0.5525461193013115
C007127,25.69,Arts et lettres,Montreal,H3T,109226,8,7.0,0,Centre,0,False,False,0,26.840539422605623,-3.2114522834771044,False,False,0.45141198086618356
C010025,31.96,Sciences sociales,Cote-Nord,G5B,74813,12,98.6,0,Remote,0,False,False,1,33.685809133908435,3.633817427825708,False,False,0.4593786372125421
C008041,26.83,Sciences sociales,Capitale-Nationale,G1R,47008,4,20.9,0,Centre,0,False,False,0,27.405269711302807,-2.64672199477992,False,False,0.46563036679717423
C009588,28.88,Genie,Montreal,H8N,51196,7,24.0,0,Centre,0,False,False,0,29.88672199477992,-0.16526971130280899,True,False,0.40326243711672
C008615,31.42,Genie,Gaspesie-Iles-de-la-Madeleine,G5C,29344,17,192.4,1,Remote,0,False,False,1,33.86489627303695,3.81290456695422,False,False,0.5219706927450747
C012096,28.26,Arts et lettres,Cote-Nord,G0G,77832,12,167.2,1,Remote,0,False,False,0,29.985809133908432,-0.06618257217429502,True,False,0.41856915746771695
C009235,28.14,Arts et lettres,Capitale-Nationale,G1V,40135,5,36.4,0,Centre,0,False,False,0,28.859087139128512,-1.1929045669542155,False,False,0.46722817144017764
C000590,27.09,Sciences sociales,Capitale-Nationale,G2E,85373,8,29.9,1,Centre,0,False,False,0,28.24053942260562,-1.8114522834771059,False,False,0.39781251616190433
C008082,27.07,Sciences sociales,Capitale-Nationale,G1V,48215,9,35.3,0,Centre,0,False,False,0,28.364356850431324,-1.6876348556514031,False,False,0.4030116708385577
C002228,20.74,Sante,Bas-Saint-Laurent,G0L,47325,16,175.6,1,Remote,0,False,False,0,23.041078845211242,-7.0109128608714855,False,False,0.541923020656753
C000940,23.72,Genie,Montreal,H1A,219916,9,29.1,1,Centre,0,False,True,0,25.014356850431323,-5.037634855651405,False,False,0.5488090791998206
C001424,29.89,Sante,Montreal,H1A,114220,11,12.4,1,Centre,0,False,False,1,31.47199170608273,1.4200000000000017,False,False,0.4370465636027809
C002095,35.64,Arts et lettres,Cote-Nord,G0G,21748,9,126.0,0,Remote,-1,True,True,1,36.93435685043132,6.882365144348594,False,False,0.5936838959702924
C001269,22.33,Genie,Montreal,H3T,73466,10,10.2,0,Centre,0,False,False,0,23.768174278257025,-6.283817427825703,False,False,0.4720447437405964
C004239,25.07,Sciences,Gaspesie-Iles-de-la-Madeleine,G4X,93048,13,147.1,0,Remote,0,False,False,0,26.939626561734134,-3.112365144348594,False,False,0.4512054630246822
C013733,31.44,Arts et lettres,Gaspesie-Iles-de-la-Madeleine,G4X,23285,15,235.6,0,Remote,0,False,False,1,33.59726141738554,3.5452697113028115,False,False,0.5277359241765398
C010999,31.7,Genie,Cote-Nord,G4R,22483,6,177.9,0,Remote,-1,True,True,1,32.56290456695422,2.510912860871489,False,False,0.5588616800215859
C000271,29.62,Sciences sociales,Capitale-Nationale,G1V,146734,8,38.8,1,Centre,0,False,False,1,30.770539422605623,0.7185477165228953,False,False,0.4644388813687088
C013273,24.77,Arts et lettres,Montreal,H1A,68735,11,12.2,0,Centre,0,False,False,0,26.35199170608273,-3.6999999999999993,False,False,0.4193402683503447
C009987,26.46,Genie,Montreal,H1A,78193,10,13.5,1,Centre,0,False,False,0,27.898174278257027,-2.1538174278257003,False,False,0.3987982466801298
C010314,27.56,Sante,Cote-Nord,G0G,29396,21,215.7,1,Remote,0,False,False,1,30.580165984339754,0.5281742782570262,False,False,0.5368104344749582
C000253,23.91,Arts et lettres,Cote-Nord,G0G,62312,10,570.0,1,Remote,0,False,False,0,25.348174278257027,-4.703817427825701,False,False,0.5201811783228135
C009428,23.5,Sciences sociales,Capitale-Nationale,G2E,26085,11,11.1,0,Centre,0,False,False,0,25.08199170608273,-4.969999999999999,False,False,0.5318838486126666
C012408,28.37,Arts et lettres,Capitale-Nationale,G2E,61458,7,38.9,0,Centre,0,False,False,0,29.37672199477992,-0.675269711302807,False,False,0.4082358155478615
C009196,28.53,Sciences,Montreal,H4L,33403,6,20.6,0,Centre,0,False,False,0,29.39290456695422,-0.6590871391285091,False,False,0.4565657267498597
C001608,27.91,Genie,Montreal,H1A,81338,12,11.3,0,Centre,0,False,False,0,29.63580913390843,-0.41618257217429644,True,False,0.4082698808988156
C009456,28.92,Sciences sociales,Gaspesie-Iles-de-la-Madeleine,G4X,14850,10,500.3,0,Remote,0,False,True,1,30.358174278257028,0.30618257217430056,True,False,0.5933944153611905
C005906,26.18,Sciences sociales,Bas-Saint-Laurent,G5L,48500,12,416.0,1,Remote,0,False,False,0,27.90580913390843,-2.146182572174297,False,False,0.458612666964793
C002368,27.3,Sante,Capitale-Nationale,G1V,36746,11,21.6,1,Centre,0,False,False,0,28.88199170608273,-1.1699999999999982,False,False,0.42317666594318293
C011111,24.79,Sciences sociales,Montreal,H3T,96094,3,17.7,0,Centre,0,False,False,0,25.221452283477106,-4.8305394226056215,False,False,0.5106499360546501
C000227,30.33,Arts et lettres,Montreal,H2X,85295,9,25.1,0,Centre,0,False,False,1,31.624356850431322,1.5723651443485949,False,False,0.40357056206832786
C013671,26.19,Genie,Gaspesie-Iles-de-la-Madeleine,G0C,54810,12,215.1,1,Remote,0,False,False,0,27.915809133908432,-2.1361825721742953,False,False,0.41607322953452675
C002338,30.0,Sciences sociales,Capitale-Nationale,G3A,58134,9,8.6,0,Centre,0,False,False,1,31.294356850431324,1.2423651443485966,False,False,0.4163279221074069
C004328,26.48,Arts et lettres,Cote-Nord,G0G,61236,16,267.1,1,Remote,0,False,False,0,28.781078845211244,-1.2709128608714835,False,False,0.4457904931139564
C010629,22.4,Sciences sociales,Capitale-Nationale,G2E,37686,6,25.0,0,Centre,0,False,False,0,23.262904566954216,-6.789087139128512,False,False,0.5061617628631407
C007664,25.64,Sciences,Montreal,H3T,31654,12,20.3,0,Centre,0,False,False,0,27.36580913390843,-2.686182572174296,False,False,0.45325675223554357
C005938,30.8,Sciences,Bas-Saint-Laurent,G5L,73300,10,282.7,1,Remote,0,False,False,1,32.23817427825703,2.1861825721742996,False,False,0.4552872025631649
C010441,30.18,Sciences,Montreal,H8N,52497,5,14.4,0,Centre,0,False,False,1,30.89908713912851,0.8470954330457836,False,False,0.44719131891111796
C002234,24.24,Sciences,Montreal,H8N,50170,7,22.6,0,Centre,0,False,False,0,25.246721994779918,-4.8052697113028096,False,False,0.43361070778979466
C003881,28.42,Sante,Montreal,H8N,42973,8,32.1,1,Centre,0,False,False,0,29.570539422605624,-0.481452283477104,True,False,0.4113965530058216
C003047,30.86,Genie,Gaspesie-Iles-de-la-Madeleine,G4X,50615,22,262.3,0,Remote,0,False,True,1,34.02398341216546,3.9719917060827292,False,False,0.5510004191449784
C013927,28.33,Arts et lettres,Bas-Saint-Laurent,G0L,131035,16,131.2,1,Remote,0,False,False,1,30.631078845211242,0.5790871391285144,False,False,0.5048171821982028
C008532,26.36,Sciences sociales,Bas-Saint-Laurent,G5L,51366,10,489.8,0,Remote,0,False,False,0,27.798174278257026,-2.2538174278257017,False,False,0.4814390622341963
C006564,24.73,Genie,Capitale-Nationale,G1R,153989,11,11.8,0,Centre,0,False,False,0,26.31199170608273,-3.7399999999999984,False,False,0.4976734145457874
C001089,24.71,Genie,Montreal,H2X,133368,10,17.1,1,Centre,0,False,False,0,26.148174278257027,-3.9038174278257003,False,False,0.4677963389456386
C003600,25.38,Sciences,Bas-Saint-Laurent,G5N,39110,16,287.2,1,Remote,0,False,False,0,27.681078845211243,-2.370912860871485,False,False,0.4649158715476458
C005433,19.14,Arts et lettres,Montreal,H8N,51229,12,13.6,0,Centre,-1,True,True,0,20.86580913390843,-9.186182572174296,False,False,0.5507416204301657
C003899,23.49,Genie,Bas-Saint-Laurent,G0L,30539,13,390.9,0,Remote,0,False,False,0,25.35962656173413,-4.692365144348596,False,False,0.5239210178353759
C003170,31.63,Sciences sociales,Cote-Nord,G4R,31781,20,153.7,1,Remote,0,False,True,1,34.506348556514055,4.454356850431328,False,False,0.5565940828006515
C008330,25.0,Sciences sociales,Montreal,H3T,68950,13,22.7,0,Centre,0,False,False,0,26.869626561734133,-3.1823651443485943,False,False,0.4249390857523315
C008528,22.56,Sciences sociales,Gaspesie-Iles-de-la-Madeleine,G0C,71802,19,331.6,0,Remote,0,False,False,0,25.29253112868835,-4.759460577394378,False,False,0.5457796967782337
C013814,26.84,Arts et lettres,Capitale-Nationale,G1R,144638,14,17.9,0,Centre,0,False,False,0,28.853443989559835,-1.1985477165228922,False,False,0.49163551163979197
C012448,27.66,Genie,Cote-Nord,G5B,49810,8,94.0,0,Remote,0,False,False,0,28.810539422605622,-1.2414522834771056,False,False,0.41953146156570176
C006270,27.89,Genie,Capitale-Nationale,G2E,74523,7,26.1,1,Centre,0,False,False,0,28.89672199477992,-1.1552697113028074,False,False,0.3952110818809934
C006124,27.37,Arts et lettres,Montreal,H2X,51753,7,22.3,1,Centre,0,False,False,0,28.37672199477992,-1.675269711302807,False,False,0.40271242430317333
C010582,29.02,Arts et lettres,Capitale-Nationale,G1R,93963,8,6.5,1,Centre,0,False,False,1,30.17053942260562,0.11854771652289386,True,False,0.42771340898754723
C002518,29.03,Sciences sociales,Montreal,H3T,60445,11,12.3,0,Centre,0,False,False,1,30.61199170608273,0.5600000000000023,False,False,0.4013562006003683
C003238,27.62,Genie,Gaspesie-Iles-de-la-Madeleine,G0C,45603,18,282.3,0,Remote,0,False,False,1,30.20871370086265,0.15672199477992166,True,False,0.473303012397095
C001848,23.86,Sciences sociales,Cote-Nord,G5B,109988,10,407.1,0,Remote,0,False,False,0,25.298174278257026,-4.753817427825702,False,False,0.5231820130554262
C002165,21.98,Genie,Capitale-Nationale,G1R,54593,13,9.1,0,Centre,0,False,False,0,23.849626561734134,-6.202365144348594,False,False,0.50610394225813
C011989,24.27,Sciences,Montreal,H8N,38222,7,29.1,0,Centre,0,False,False,0,25.27672199477992,-4.775269711302808,False,False,0.4608065704521737
C006176,22.2,Sante,Montreal,H4L,86801,5,16.5,0,Centre,0,False,False,0,22.919087139128514,-7.132904566954213,False,False,0.4997945035806061
C011796,28.62,Sciences,Capitale-Nationale,G3A,41249,7,8.3,0,Centre,0,False,False,0,29.62672199477992,-0.425269711302807,True,False,0.44757586120092535
C004107,27.27,Genie,Capitale-Nationale,G3A,42145,11,8.6,0,Centre,0,False,False,0,28.85199170608273,-1.1999999999999993,False,False,0.43889139160940255
C006247,28.24,Sciences,Bas-Saint-Laurent,G5L,74214,9,370.6,1,Remote,0,False,False,0,29.534356850431323,-0.517634855651405,False,False,0.4625076685921293
C001736,32.06,Genie,Montreal,H8N,33742,13,21.8,0,Centre,0,False,False,1,33.92962656173414,3.8776348556514115,False,False,0.486918978946587
C009210,28.54,Sante,Capitale-Nationale,G1V,55366,6,15.0,0,Centre,0,False,False,0,29.402904566954216,-0.6490871391285111,False,False,0.41795152636659666
C005642,24.55,Sciences,Montreal,H4L,62603,10,8.3,1,Centre,0,False,False,0,25.988174278257027,-4.0638174278257,False,False,0.4275306653215246
C011673,27.36,Arts et lettres,Montreal,H1A,83033,4,15.9,0,Centre,0,False,False,0,27.93526971130281,-2.116721994779919,False,False,0.4554815224514707
C010692,33.78,Genie,Montreal,H3T,57594,10,11.0,0,Centre,0,False,False,1,35.218174278257024,5.166182572174296,False,False,0.4833215366173472
C012909,33.74,Sciences sociales,Gaspesie-Iles-de-la-Madeleine,G5C,27269,12,95.7,1,Remote,0,False,False,1,35.46580913390844,5.413817427825709,False,False,0.5434334683256876
C011418,25.35,Sciences sociales,Gaspesie-Iles-de-la-Madeleine,G4X,46394,9,329.9,0,Remote,0,False,False,0,26.644356850431326,-3.407634855651402,False,False,0.460975054081415
C000704,28.07,Sciences sociales,Gaspesie-Iles-de-la-Madeleine,G4X,116170,13,180.4,0,Remote,0,False,False,0,29.939626561734134,-0.11236514434859401,True,False,0.4702059943503817
C013609,30.18,Arts et lettres,Bas-Saint-Laurent,G5N,38809,14,275.2,0,Remote,0,False,False,1,32.19344398955984,2.1414522834771113,False,False,0.4611744134786733
C011533,25.89,Sciences sociales,Gaspesie-Iles-de-la-Madeleine,G0C,31106,13,466.3,0,Remote,0,False,False,0,27.759626561734134,-2.2923651443485937,False,False,0.5055712865453345
C007869,25.69,Sciences sociales,Montreal,H3T,55192,8,28.3,0,Centre,0,False,False,0,26.840539422605623,-3.2114522834771044,False,False,0.40514079047674934
C004254,28.42,Sciences sociales,Capitale-Nationale,G1R,51112,8,21.2,0,Centre,0,False,False,0,29.570539422605624,-0.481452283477104,True,False,0.39386397182931404
C008148,29.72,Arts et lettres,Cote-Nord,G4R,53327,11,272.8,0,Remote,0,False,False,1,31.301991706082728,1.25,False,False,0.4326028748556649
C010618,28.9,Sante,Capitale-Nationale,G1V,80460,8,24.5,1,Centre,0,False,False,0,30.05053942260562,-0.0014522834771071302,True,False,0.389625604562045
C008355,26.2,Sciences sociales,Montreal,H8N,40282,11,11.0,1,Centre,0,False,False,0,27.781991706082728,-2.2699999999999996,False,False,0.4375347400219017
C002807,29.19,Arts et lettres,Gaspesie-Iles-de-la-Madeleine,G0C,45193,15,399.4,1,Remote,0,False,False,1,31.34726141738554,1.2952697113028115,False,False,0.4661364528908465
C002245,26.45,Sciences sociales,Montreal,H4L,98403,5,19.7,1,Centre,0,False,False,0,27.169087139128514,-2.8829045669542133,False,False,0.4427516622568058
C011380,27.47,Sciences,Montreal,H2X,96557,11,4.4,1,Centre,0,False,False,0,29.051991706082728,-1.0,False,False,0.45546115639583024
C012759,23.99,Genie,Gaspesie-Iles-de-la-Madeleine,G0C,47349,17,343.5,0,Remote,0,False,False,0,26.434896273036944,-3.617095433045783,False,False,0.49617179113157894
C004550,27.65,Genie,Bas-Saint-Laurent,G5L,41818,10,239.5,0,Remote,0,False,False,0,29.088174278257025,-0.9638174278257026,False,False,0.42872603827420896
C013315,24.75,Sciences,Montreal,H2X,68044,6,3.7,0,Centre,0,False,False,0,25.612904566954217,-4.43908713912851,False,False,0.47934242719479647
C008842,24.88,Genie,Cote-Nord,G5B,85192,14,65.5,0,Remote,0,False,False,0,26.893443989559835,-3.158547716522893,False,False,0.4513490954254837
C005397,28.92,Sciences,Capitale-Nationale,G1R,81519,7,12.2,0,Centre,0,False,False,0,29.92672199477992,-0.12526971130280629,True,False,0.4033430726964624
C001277,28.34,Sciences sociales,Montreal,H3T,29328,6,5.1,1,Centre,0,False,False,0,29.202904566954217,-0.8490871391285104,False,False,0.5255288236829716
C006943,30.47,Sciences sociales,Montreal,H3T,139159,13,14.8,1,Centre,0,False,False,1,32.339626561734136,2.287634855651408,False,False,0.4869061873816752
C006529,30.74,Sciences sociales,Bas-Saint-Laurent,G5L,47828,16,314.5,1,Remote,0,False,False,1,33.04107884521124,2.989087139128511,False,False,0.47504140874772416
C002172,27.87,Sciences,Cote-Nord,G0G,48557,13,86.5,1,Remote,0,False,False,0,29.739626561734134,-0.3123651443485933,True,False,0.42147395149165123
C007228,24.14,Genie,Montreal,H2X,47209,11,15.5,1,Centre,0,False,False,0,25.72199170608273,-4.329999999999998,False,False,0.4364470874370428
C005671,25.42,Sciences sociales,Cote-Nord,G0G,52761,9,337.1,1,Remote,0,False,False,0,26.714356850431326,-3.3376348556514017,False,False,0.4578687729572107
C007466,30.34,Sciences,Montreal,H1A,95598,2,11.8,0,Centre,0,False,False,1,30.627634855651404,0.5756431495686769,False,False,0.5225949512905775
C012413,32.43,Sciences sociales,Capitale-Nationale,G1R,108065,9,14.7,1,Centre,0,False,False,1,33.72435685043132,3.6723651443485927,False,False,0.47207420868668837
C012754,25.36,Sante,Capitale-Nationale,G2E,74441,15,6.0,0,Centre,0,False,False,0,27.51726141738554,-2.5347302886971868,False,False,0.4895288710140823
C001201,26.86,Sciences,Montreal,H3T,68628,2,37.6,0,Centre,0,False,False,0,27.147634855651404,-2.9043568504313235,False,False,0.5127707274645182
C010740,32.34,Sciences sociales,Montreal,H8N,97900,8,26.5,0,Centre,0,False,False,1,33.49053942260562,3.438547716522894,False,False,0.4565279942494707
C012559,33.31,Sciences sociales,Bas-Saint-Laurent,G5L,60756,14,100.0,1,Remote,0,False,False,1,35.32344398955984,5.271452283477114,False,False,0.49679163085482836
C005783,24.61,Sciences sociales,Montreal,H3T,49587,6,19.8,1,Centre,0,False,False,0,25.472904566954217,-4.579087139128511,False,False,0.4413921913942259
C007568,29.22,Sciences sociales,Capitale-Nationale,G3A,21924,7,36.5,0,Centre,0,False,False,1,30.22672199477992,0.17473028869719087,True,False,0.5049507377624924
C007471,27.86,Sciences sociales,Gaspesie-Iles-de-la-Madeleine,G0C,59848,14,461.7,1,Remote,0,False,False,0,29.873443989559835,-0.17854771652289259,True,False,0.4707265250772072
C009585,30.07,Sante,Montreal,H4L,118193,12,25.8,1,Centre,0,False,False,1,31.79580913390843,1.7438174278257037,False,False,0.44852904278308703
C007378,29.31,Genie,Gaspesie-Iles-de-la-Madeleine,G0C,31985,13,134.8,0,Remote,0,False,False,1,31.179626561734132,1.1276348556514044,False,False,0.44529310430879104
C009007,27.02,Sciences,Gaspesie-Iles-de-la-Madeleine,G0C,30712,8,212.2,0,Remote,0,False,False,0,28.17053942260562,-1.8814522834771061,False,False,0.4637170446360149
C009949,25.54,Sciences sociales,Capitale-Nationale,G1V,40549,10,17.8,1,Centre,0,False,False,0,26.978174278257026,-3.073817427825702,False,False,0.4248090096560766
C010160,21.47,Sante,Cote-Nord,G5B,72550,17,61.9,1,Remote,0,False,False,0,23.914896273036945,-6.137095433045783,False,False,0.5377301138243543
C002067,31.71,Arts et lettres,Montreal,H3T,66824,11,19.2,0,Centre,0,False,False,1,33.29199170608273,3.2400000000000055,False,False,0.4214160627517412
C002107,30.69,Genie,Capitale-Nationale,G1R,28926,8,15.3,0,Centre,0,False,False,1,31.840539422605623,1.7885477165228956,False,False,0.4818533836151229
C006658,31.45,Genie,Cote-Nord,G5B,40564,15,156.0,1,Remote,0,False,False,1,33.60726141738554,3.5552697113028096,False,False,0.46544783746545826
C010803,31.86,Sciences sociales,Montreal,H1A,97874,11,2.4,0,Centre,0,False,False,1,33.44199170608273,3.390000000000004,False,False,0.5231201618568428
C006460,29.26,Sciences,Capitale-Nationale,G1R,137559,8,8.6,0,Centre,0,False,False,1,30.410539422605623,0.35854771652289585,True,False,0.4610891165547268
C003660,28.37,Sante,Montreal,H2X,70536,9,16.8,0,Centre,0,False,False,0,29.664356850431325,-0.38763485565140243,True,False,0.38853859794339696
C010347,28.82,Genie,Montreal,H4L,78977,9,18.6,0,Centre,0,False,False,1,30.114356850431324,0.06236514434859686,True,False,0.38786161694047105
C010695,28.08,Arts et lettres,Montreal,H1A,111591,10,38.1,1,Centre,0,False,False,0,29.518174278257025,-0.5338174278257029,False,False,0.4312731809533926
C000842,27.61,Arts et lettres,Bas-Saint-Laurent,G0L,49360,15,269.0,0,Remote,0,False,False,0,29.76726141738554,-0.28473028869718675,True,False,0.4337783109263453
C005738,25.42,Genie,Montreal,H1A,60229,15,25.1,0,Centre,0,False,False,0,27.577261417385543,-2.4747302886971845,False,False,0.4456475843347931
C010048,26.25,Arts et lettres,Montreal,H8N,142096,14,28.6,0,Centre,0,False,False,0,28.263443989559836,-1.788547716522892,False,False,0.48880065318371085
C008542,30.46,Sciences,Montreal,H2X,52075,8,9.7,0,Centre,0,False,False,1,31.610539422605623,1.5585477165228951,False,False,0.4246135500379468
C011605,28.69,Sciences,Bas-Saint-Laurent,G0L,32148,10,157.8,1,Remote,0,False,False,1,30.128174278257028,0.07618257217430013,True,False,0.44298349311896745
C010419,29.6,Sante,Capitale-Nationale,G3A,72249,12,61.1,1,Centre,0,False,False,1,31.325809133908432,1.2738174278257048,False,False,0.4173692320059198
C006588,32.06,Sciences sociales,Gaspesie-Iles-de-la-Madeleine,G4X,46355,18,187.7,1,Remote,0,False,False,1,34.64871370086265,4.596721994779923,False,False,0.5116403025364381
C010218,21.19,Sante,Montreal,H3T,86175,8,40.9,0,Centre,0,False,False,0,22.340539422605623,-7.711452283477104,False,False,0.5087104960550832
C003591,26.53,Sciences sociales,Gaspesie-Iles-de-la-Madeleine,G5C,51157,16,76.6,1,Remote,0,False,False,0,28.831078845211245,-1.2209128608714828,False,False,0.44417860550419935
C010673,27.35,Genie,Capitale-Nationale,G1R,46790,7,13.0,0,Centre,0,False,False,0,28.35672199477992,-1.6952697113028066,False,False,0.41978289182937883
C003245,24.55,Sciences sociales,Capitale-Nationale,G1R,59144,11,4.9,1,Centre,0,False,False,0,26.13199170608273,-3.919999999999998,False,False,0.45757240008992545
C013338,24.1,Genie,Bas-Saint-Laurent,G5L,71872,14,222.2,1,Remote,0,False,False,0,26.113443989559837,-3.9385477165228906,False,False,0.4512185526062269
C013918,35.3,Genie,Montreal,H2X,42765,7,5.6,0,Centre,0,False,True,1,36.30672199477991,6.254730288697186,False,False,0.5689015569887408
C001580,27.8,Arts et lettres,Cote-Nord,G4R,46998,11,152.2,0,Remote,0,False,False,0,29.38199170608273,-0.6699999999999982,False,False,0.4102384761625229
C001403,28.46,Sciences,Bas-Saint-Laurent,G5N,80406,9,396.8,0,Remote,0,False,False,0,29.754356850431325,-0.2976348556514026,True,False,0.4737993777172706
C013324,29.86,Sciences,Gaspesie-Iles-de-la-Madeleine,G5C,69878,9,266.8,0,Remote,0,False,False,1,31.154356850431324,1.102365144348596,False,False,0.44796075178707684
C007053,27.85,Arts et lettres,Montreal,H8N,45619,15,16.1,0,Centre,0,False,False,0,30.007261417385543,-0.04473028869718476,True,False,0.4478808911884414
C007950,32.5,Sciences sociales,Cote-Nord,G4R,43977,11,174.2,1,Remote,0,False,False,1,34.08199170608273,4.030000000000005,False,False,0.4713723113516782
C001261,25.25,Genie,Cote-Nord,G4R,40318,17,214.0,1,Remote,0,False,False,0,27.694896273036946,-2.3570954330457816,False,False,0.4661815737165055
C006722,27.33,Sante,Montreal,H1A,81923,7,28.3,0,Centre,0,False,False,0,28.336721994779918,-1.7152697113028097,False,False,0.3986164287786999
C005672,26.89,Genie,Montreal,H8N,64968,7,44.9,1,Centre,0,False,False,0,27.89672199477992,-2.1552697113028074,False,False,0.4170616943671507
C004387,29.01,Sciences,Montreal,H4L,48884,6,4.9,0,Centre,0,False,False,0,29.87290456695422,-0.1790871391285087,True,False,0.466042095232742
C009819,29.06,Sciences,Bas-Saint-Laurent,G0L,79738,6,128.4,1,Remote,0,False,False,0,29.922904566954216,-0.12908713912851155,True,False,0.45496069724980864
C001892,25.13,Sciences sociales,Gaspesie-Iles-de-la-Madeleine,G4X,110828,14,303.4,0,Remote,0,False,False,0,27.143443989559835,-2.908547716522893,False,False,0.48954578373807156
C013537,26.25,Sante,Bas-Saint-Laurent,G0L,32428,5,138.5,0,Remote,0,False,False,0,26.96908713912851,-3.082904566954216,False,False,0.5077323965304225
C012821,29.55,Arts et lettres,Montreal,H8N,89386,12,10.7,0,Centre,0,False,False,1,31.27580913390843,1.2238174278257041,False,False,0.42064660172108925
C004714,25.69,Genie,Gaspesie-Iles-de-la-Madeleine,G4X,78318,11,380.3,1,Remote,0,False,False,0,27.27199170608273,-2.7799999999999976,False,False,0.46400494401259923
C001121,22.38,Sciences,Bas-Saint-Laurent,G5N,82145,14,219.2,0,Remote,0,False,False,0,24.393443989559835,-5.658547716522893,False,False,0.4957253797400104
C005060,29.32,Sciences,Bas-Saint-Laurent,G5L,67669,16,176.8,1,Remote,0,False,False,1,31.621078845211244,1.5690871391285164,False,False,0.44580507344385856
C011288,23.01,Sciences sociales,Gaspesie-Iles-de-la-Madeleine,G0C,31924,14,284.4,1,Remote,0,False,False,0,25.023443989559837,-5.0285477165228905,False,False,0.5097342299558651
C003775,31.23,Sante,Cote-Nord,G5B,36120,8,146.7,0,Remote,0,False,False,1,32.38053942260562,2.3285477165228947,False,False,0.47798571062910433
C011816,25.12,Arts et lettres,Bas-Saint-Laurent,G0L,54563,13,422.9,1,Remote,0,False,False,0,26.989626561734134,-3.0623651443485933,False,False,0.4722197244835768
C000261,19.83,Arts et lettres,Capitale-Nationale,G3A,33034,6,29.6,1,Centre,-1,True,True,0,20.692904566954216,-9.359087139128512,False,False,0.5721865264233863
C001301,27.51,Arts et lettres,Cote-Nord,G4R,51612,20,184.4,0,Remote,0,False,False,1,30.386348556514054,0.3343568504313268,True,False,0.4910738466639223
C011404,33.15,Sciences,Montreal,H4L,65656,10,15.0,0,Centre,0,False,False,1,34.58817427825703,4.536182572174301,False,False,0.4577377747755034
C007499,21.2,Genie,Montreal,H1A,59289,8,20.0,0,Centre,0,False,False,0,22.35053942260562,-7.701452283477106,False,False,0.4923096862796546
C004043,29.11,Sante,Montreal,H3T,89837,9,26.3,0,Centre,0,False,False,1,30.404356850431324,0.352365144348596,True,False,0.3946990564335009
C004838,24.2,Arts et lettres,Gaspesie-Iles-de-la-Madeleine,G0C,51745,12,272.1,0,Remote,0,False,False,0,25.92580913390843,-4.126182572174297,False,False,0.4475783972279873
C007895,27.3,Genie,Cote-Nord,G4R,60174,17,442.4,0,Remote,0,False,False,0,29.744896273036947,-0.3070954330457809,True,False,0.49280004009874584
C001465,24.58,Sciences sociales,Montreal,H3T,73268,13,6.0,1,Centre,0,False,False,0,26.44962656173413,-3.602365144348596,False,False,0.4647344421357431
C000676,28.94,Genie,Cote-Nord,G5B,49180,19,198.6,0,Remote,0,False,False,1,31.67253112868835,1.6205394226056242,False,False,0.48722521174016564
C005101,26.58,Sciences sociales,Montreal,H3T,96107,10,25.2,0,Centre,0,False,False,0,28.018174278257025,-2.033817427825703,False,False,0.4030215337274332
C006373,26.56,Sciences sociales,Montreal,H8N,74561,8,20.5,1,Centre,0,False,False,0,27.71053942260562,-2.341452283477107,False,False,0.3920054095010186
C009416,29.5,Sciences,Montreal,H2X,62117,6,19.4,0,Centre,0,False,False,1,30.362904566954217,0.3109128608714897,True,False,0.4115748974926873
C001142,30.5,Arts et lettres,Montreal,H4L,84291,10,16.7,1,Centre,0,False,False,1,31.938174278257026,1.8861825721742989,False,False,0.4074009382398259
C006733,27.81,Sciences,Montreal,H3T,63329,7,16.8,0,Centre,0,False,False,0,28.81672199477992,-1.2352697113028093,False,False,0.3975481611485444
C002297,26.88,Arts et lettres,Cote-Nord,G0G,99930,14,59.4,0,Remote,0,False,False,0,28.893443989559835,-1.158547716522893,False,False,0.44279698706691256
C005759,25.87,Sciences sociales,Bas-Saint-Laurent,G5L,42720,12,96.7,0,Remote,0,False,False,0,27.595809133908432,-2.4561825721742956,False,False,0.42975635035161636
C012429,26.77,Sciences sociales,Bas-Saint-Laurent,G0L,22312,13,209.7,0,Remote,0,False,False,0,28.639626561734133,-1.4123651443485947,False,False,0.4856403545202285
C003735,27.38,Arts et lettres,Montreal,H3T,79925,10,22.8,1,Centre,0,False,False,0,28.818174278257025,-1.2338174278257021,False,False,0.38930188585480235
C006844,25.51,Arts et lettres,Montreal,H1A,91284,9,30.2,0,Centre,0,False,False,0,26.804356850431326,-3.247634855651402,False,False,0.4102498912358369
C007541,28.45,Sciences,Montreal,H2X,51409,10,6.1,0,Centre,0,False,False,0,29.888174278257026,-0.16381742782570186,True,False,0.4296533885565995
C013827,27.59,Sante,Capitale-Nationale,G2E,70435,7,5.8,1,Centre,0,False,False,0,28.59672199477992,-1.4552697113028081,False,False,0.42958063561911286
C003370,22.04,Sante,Cote-Nord,G5B,56331,11,209.7,0,Remote,0,False,False,0,23.621991706082728,-6.43,False,False,0.48199609674274274
C009689,26.69,Sciences sociales,Montreal,H3T,56318,5,5.5,0,Centre,0,False,False,0,27.409087139128516,-2.6429045669542113,False,False,0.47089515680273214
C003522,32.76,Sante,Gaspesie-Iles-de-la-Madeleine,G4X,64935,12,361.2,0,Remote,0,False,False,1,34.48580913390843,4.433817427825705,False,False,0.4951942996426001
C000454,28.17,Sciences,Cote-Nord,G0G,48698,7,455.5,1,Remote,0,False,False,0,29.17672199477992,-0.8752697113028063,False,False,0.5058415020739043
C008436,26.63,Sciences sociales,Montreal,H4L,75252,13,5.3,0,Centre,0,False,False,0,28.499626561734132,-1.5523651443485953,False,False,0.45749149250977816
C012550,31.35,Arts et lettres,Capitale-Nationale,G3A,74860,10,19.0,0,Centre,0,False,False,1,32.78817427825703,2.736182572174304,False,False,0.4162514331999461
C001141,33.96,Sante,Montreal,H3T,66188,10,28.6,1,Centre,0,False,False,1,35.39817427825703,5.346182572174303,False,False,0.47927823597568003
C006484,24.86,Sante,Gaspesie-Iles-de-la-Madeleine,G5C,41353,10,294.5,1,Remote,0,False,False,0,26.298174278257026,-3.7538174278257017,False,False,0.45694084095309784
C011905,28.26,Sciences,Capitale-Nationale,G3A,107047,11,32.7,0,Centre,0,False,False,0,29.84199170608273,-0.2099999999999973,True,False,0.42166117176673135
C009665,30.51,Sante,Gaspesie-Iles-de-la-Madeleine,G4X,64646,9,318.9,1,Remote,0,False,False,1,31.804356850431326,1.7523651443485981,False,False,0.4599992271991058
C003949,29.25,Sciences sociales,Montreal,H1A,81549,8,10.7,0,Centre,0,False,False,1,30.400539422605622,0.3485477165228943,True,False,0.40209361521559556
C006203,31.17,Arts et lettres,Cote-Nord,G4R,157834,18,181.9,1,Remote,0,False,True,1,33.75871370086265,3.7067219947799224,False,False,0.5807947003326793
C005455,27.25,Sciences sociales,Montreal,H4L,70173,10,34.7,0,Centre,0,False,False,0,28.688174278257026,-1.3638174278257011,False,False,0.39977334575994183
C007086,28.49,Sciences sociales,Bas-Saint-Laurent,G5N,90853,10,257.3,1,Remote,0,False,False,0,29.928174278257025,-0.12381742782570271,True,False,0.444216057683297
C004301,28.08,Sante,Cote-Nord,G0G,37664,13,395.1,0,Remote,0,False,False,0,29.94962656173413,-0.102365144348596,True,False,0.4640670640605558
C008222,25.02,Genie,Capitale-Nationale,G3A,173610,16,16.2,0,Centre,0,False,True,0,27.321078845211243,-2.7309128608714843,False,False,0.5645751791470313
C004393,28.32,Arts et lettres,Capitale-Nationale,G3A,176721,9,8.9,0,Centre,0,False,False,0,29.614356850431324,-0.43763485565140314,True,False,0.513171620231023
C000800,30.01,Arts et lettres,Montreal,H4L,53525,9,8.3,1,Centre,0,False,False,1,31.304356850431326,1.2523651443485981,False,False,0.4186090326703322
C004891,26.2,Sante,Cote-Nord,G4R,54782,11,395.4,0,Remote,0,False,False,0,27.781991706082728,-2.2699999999999996,False,False,0.45711233394063
C013372,26.94,Genie,Cote-Nord,G0G,98965,6,119.4,1,Remote,0,False,False,0,27.80290456695422,-2.249087139128509,False,False,0.46685815564168187
C006772,29.9,Arts et lettres,Capitale-Nationale,G2E,134055,7,6.5,0,Centre,0,False,False,1,30.906721994779918,0.8547302886971906,False,False,0.4807424660932099
C010693,28.76,Genie,Montreal,H4L,99915,8,6.5,1,Centre,0,False,False,0,29.910539422605623,-0.14145228347710415,True,False,0.43023309229782825
C001023,31.07,Genie,Capitale-Nationale,G2E,79019,13,31.4,0,Centre,0,False,False,1,32.93962656173414,2.8876348556514095,False,False,0.43908149280149733
C006665,29.7,Arts et lettres,Montreal,H4L,83964,13,8.2,0,Centre,0,False,False,1,31.569626561734133,1.517634855651405,False,False,0.4448937375710973
C001355,20.89,Sciences,Cote-Nord,G0G,114288,10,302.1,0,Remote,0,False,True,0,22.328174278257027,-7.723817427825701,False,False,0.5639262607169545
C006671,30.62,Sciences sociales,Montreal,H3T,61736,6,15.4,1,Centre,0,False,False,1,31.48290456695422,1.4309128608714907,False,False,0.42756700480552606
C003010,22.72,Genie,Montreal,H1A,57737,9,56.1,0,Centre,0,False,False,0,24.014356850431323,-6.037634855651405,False,False,0.45784964588899324
C007502,29.52,Sante,Capitale-Nationale,G3A,111991,8,17.5,0,Centre,0,False,False,1,30.67053942260562,0.6185477165228939,False,False,0.4220889708450303
C006152,25.11,Genie,Bas-Saint-Laurent,G5N,23739,14,181.7,1,Remote,0,False,False,0,27.123443989559835,-2.9285477165228926,False,False,0.4948160285092336
C001674,27.92,Sciences,Gaspesie-Iles-de-la-Madeleine,G4X,27820,14,204.9,1,Remote,0,False,False,0,29.933443989559837,-0.11854771652289031,True,False,0.4601269787246646
C001029,28.76,Arts et lettres,Capitale-Nationale,G3A,89863,13,12.6,0,Centre,0,False,False,1,30.629626561734135,0.5776348556514073,False,False,0.42902659347747235
C011007,27.31,Sciences,Gaspesie-Iles-de-la-Madeleine,G4X,82317,10,513.9,1,Remote,0,False,False,0,28.748174278257025,-1.3038174278257024,False,False,0.4902085859696108
C007459,22.06,Arts et lettres,Capitale-Nationale,G3A,82425,5,19.0,0,Centre,0,False,False,0,22.779087139128514,-7.272904566954214,False,False,0.49694427099849203
C004539,29.19,Sante,Montreal,H8N,151245,10,20.7,0,Centre,0,False,False,1,30.628174278257028,0.5761825721743001,False,False,0.4580449514823137
C007451,30.06,Genie,Gaspesie-Iles-de-la-Madeleine,G0C,45555,18,211.3,0,Remote,0,False,False,1,32.64871370086264,2.596721994779916,False,False,0.48196464173140247
C008318,29.61,Sciences,Cote-Nord,G4R,44290,11,249.4,0,Remote,0,False,False,1,31.191991706082728,1.1400000000000006,False,False,0.43130896188389517
C012455,29.8,Sciences sociales,Gaspesie-Iles-de-la-Madeleine,G5C,84540,15,265.8,0,Remote,0,False,False,1,31.95726141738554,1.905269711302811,False,False,0.4672912442981884
C000297,33.12,Arts et lettres,Bas-Saint-Laurent,G5N,46319,12,264.2,0,Remote,0,False,False,1,34.84580913390843,4.793817427825704,False,False,0.4944465760741351
C010574,29.32,Sciences,Gaspesie-Iles-de-la-Madeleine,G0C,30602,10,133.6,0,Remote,0,False,False,1,30.758174278257027,0.7061825721742991,False,False,0.4539508918157592
C012130,25.58,Genie,Montreal,H2X,43871,9,7.6,1,Centre,0,False,False,0,26.874356850431322,-3.177634855651405,False,False,0.4442019324033915
C001590,25.21,Sciences,Gaspesie-Iles-de-la-Madeleine,G4X,99237,12,259.5,1,Remote,0,False,False,0,26.935809133908432,-3.1161825721742957,False,False,0.4639275633178372
C000864,26.82,Sciences,Capitale-Nationale,G1R,63436,20,36.2,0,Centre,0,False,False,0,29.696348556514053,-0.3556431495686745,True,False,0.5038270747345057
C000937,32.49,Arts et lettres,Capitale-Nationale,G1R,97169,6,21.1,0,Centre,0,False,False,1,33.352904566954216,3.300912860871488,False,False,0.47935464445561243
C005450,29.39,Sciences sociales,Bas-Saint-Laurent,G5N,56560,13,236.9,1,Remote,0,False,False,1,31.259626561734134,1.2076348556514063,False,False,0.41994039429074553
C008056,21.3,Arts et lettres,Cote-Nord,G5B,53860,11,225.2,0,Remote,0,False,False,0,22.88199170608273,-7.169999999999998,False,False,0.49776248731831063
C012299,25.93,Arts et lettres,Gaspesie-Iles-de-la-Madeleine,G0C,32660,14,462.8,0,Remote,0,False,False,0,27.943443989559835,-2.1085477165228923,False,False,0.4991914588173224
C011718,24.1,Sciences sociales,Bas-Saint-Laurent,G0L,59305,9,308.0,1,Remote,0,False,False,0,25.394356850431326,-4.657634855651402,False,False,0.47001086432275185
C005357,25.08,Sante,Cote-Nord,G5B,59851,14,413.3,0,Remote,0,False,False,0,27.093443989559834,-2.9585477165228937,False,False,0.4673265675547065
C009750,33.75,Genie,Capitale-Nationale,G3A,131183,11,12.9,0,Centre,0,False,False,1,35.33199170608273,5.280000000000005,False,False,0.5273015365590827
C001687,28.09,Sciences sociales,Montreal,H2X,97219,7,3.9,0,Centre,0,False,False,0,29.09672199477992,-0.9552697113028081,False,False,0.4608837330430349
C001054,28.09,Sciences,Capitale-Nationale,G3A,42852,7,6.4,1,Centre,0,False,False,0,29.09672199477992,-0.9552697113028081,False,False,0.45552415082465003
C005412,25.84,Sciences,Gaspesie-Iles-de-la-Madeleine,G4X,83573,14,176.8,0,Remote,0,False,False,0,27.853443989559835,-2.198547716522892,False,False,0.44117687476950235
C002847,34.46,Sciences,Montreal,H2X,37900,6,20.2,0,Centre,0,False,False,1,35.322904566954215,5.270912860871487,False,False,0.5456654225208273
C003645,25.72,Sante,Montreal,H1A,45519,11,12.2,0,Centre,0,False,False,0,27.301991706082728,-2.75,False,False,0.42357959730616423
C013683,29.37,Genie,Cote-Nord,G5B,43267,14,360.8,0,Remote,0,False,False,1,31.383443989559836,1.331452283477109,False,False,0.4560291640327069
C005694,26.49,Sciences,Montreal,H8N,66875,11,2.3,0,Centre,0,False,False,0,28.071991706082727,-1.9800000000000004,False,False,0.4771809524966906
C001303,31.45,Genie,Montreal,H4L,58307,16,34.1,1,Centre,0,False,False,1,33.75107884521124,3.699087139128512,False,False,0.47816299532671996
C000090,29.58,Genie,Capitale-Nationale,G1V,106241,15,6.9,1,Centre,0,False,False,1,31.73726141738554,1.6852697113028121,False,False,0.5015912688191939
C010161,24.06,Sciences,Bas-Saint-Laurent,G5L,37529,8,176.3,0,Remote,0,False,False,0,25.21053942260562,-4.841452283477107,False,False,0.47280748957475216
C007062,28.58,Sante,Bas-Saint-Laurent,G0L,96047,16,312.9,0,Remote,0,False,False,1,30.881078845211242,0.8290871391285144,False,False,0.47969249502251604
C011219,27.9,Sciences sociales,Capitale-Nationale,G1V,48979,8,4.5,1,Centre,0,False,False,0,29.05053942260562,-1.0014522834771071,False,False,0.4477374602799125
C010384,30.41,Sciences sociales,Montreal,H8N,34418,16,8.7,1,Centre,0,False,False,1,32.71107884521124,2.6590871391285127,False,False,0.5213449290439728
C008004,31.56,Sciences sociales,Cote-Nord,G0G,54906,7,240.1,1,Remote,0,False,False,1,32.56672199477992,2.5147302886971907,False,False,0.4844351993443139
C004630,28.4,Sciences,Capitale-Nationale,G1R,33536,13,21.6,0,Centre,0,False,False,1,30.269626561734132,0.21763485565140428,True,False,0.44020187125963095
C002967,31.94,Genie,Montreal,H3T,43141,7,8.1,0,Centre,0,False,False,1,32.94672199477992,2.8947302886971933,False,False,0.4813108121632459
C005210,28.28,Genie,Cote-Nord,G4R,51028,19,188.3,0,Remote,0,False,False,1,31.01253112868835,0.9605394226056241,False,False,0.4802177897006611
C011667,28.07,Sciences,Montreal,H3T,56271,9,41.8,0,Centre,0,False,False,0,29.364356850431324,-0.6876348556514031,False,False,0.40520676543984235
C012924,38.1,Sante,Capitale-Nationale,G1R,52530,7,21.1,1,Centre,-1,True,False,1,39.10672199477992,9.05473028869719,False,False,0.5397338506671365
C011413,26.31,Sciences sociales,Montreal,H4L,23278,11,14.2,0,Centre,0,False,False,0,27.891991706082727,-2.16,False,False,0.504415431251526
C001692,24.97,Genie,Montreal,H3T,59260,8,27.4,0,Centre,0,False,False,0,26.12053942260562,-3.931452283477107,False,False,0.4111925536510742
C012474,26.42,Sante,Montreal,H2X,68694,8,28.7,0,Centre,0,False,False,0,27.570539422605624,-2.481452283477104,False,False,0.3920715321224533
C012542,28.08,Sciences,Montreal,H2X,72293,14,9.0,0,Centre,0,False,False,1,30.093443989559834,0.04145228347710628,True,False,0.4437025707447164
C005533,24.75,Genie,Montreal,H8N,69521,4,22.0,1,Centre,0,False,False,0,25.32526971130281,-4.726721994779918,False,False,0.4695045246673345
C006496,30.8,Arts et lettres,Montreal,H1A,41959,9,7.3,0,Centre,0,False,False,1,32.094356850431325,2.0423651443485973,False,False,0.4569928574509153
C013066,26.92,Arts et lettres,Bas-Saint-Laurent,G5L,40873,12,126.8,0,Remote,0,False,False,0,28.645809133908433,-1.4061825721742949,False,False,0.4193711531473599
C003519,30.36,Genie,Capitale-Nationale,G1R,62935,4,16.0,0,Centre,0,False,False,1,30.93526971130281,0.883278005220081,False,False,0.45912748755245386
C005052,32.01,Genie,Gaspesie-Iles-de-la-Madeleine,G0C,72061,12,129.2,0,Remote,0,False,False,1,33.73580913390843,3.683817427825705,False,False,0.4568126026256388
C002599,32.13,Arts et lettres,Montreal,H3T,100253,8,24.1,0,Centre,0,False,False,1,33.28053942260562,3.2285477165228933,False,False,0.4561219632953617
C001011,25.91,Sciences sociales,Gaspesie-Iles-de-la-Madeleine,G0C,59391,9,149.1,0,Remote,0,False,False,0,27.204356850431324,-2.8476348556514033,False,False,0.422443207008509
C002121,27.46,Genie,Montreal,H3T,60973,7,9.5,0,Centre,0,False,False,0,28.46672199477992,-1.5852697113028071,False,False,0.41388151979551946
C005961,30.78,Genie,Montreal,H8N,85647,14,31.2,0,Centre,0,False,False,1,32.79344398955984,2.7414522834771127,False,False,0.45095385384480835
C001077,26.95,Sciences,Montreal,H4L,47029,7,44.9,1,Centre,0,False,False,0,27.95672199477992,-2.0952697113028087,False,False,0.4228918269741659
C009696,24.79,Sante,Montreal,H4L,44091,9,20.9,0,Centre,0,False,False,0,26.084356850431323,-3.9676348556514043,False,False,0.42416162331862467
C007575,24.65,Sante,Capitale-Nationale,G2E,44218,8,35.2,1,Centre,0,False,False,0,25.80053942260562,-4.251452283477107,False,False,0.43498713354006613
C005334,28.33,Arts et lettres,Gaspesie-Iles-de-la-Madeleine,G0C,73349,9,338.4,0,Remote,0,False,False,0,29.624356850431322,-0.42763485565140513,True,False,0.45431120763288757
C001921,28.05,Genie,Gaspesie-Iles-de-la-Madeleine,G4X,90143,15,127.1,1,Remote,0,False,False,1,30.20726141738554,0.15526971130281098,True,False,0.4463949386813317
C011475,33.63,Sciences sociales,Cote-Nord,G0G,47798,10,263.2,1,Remote,0,False,False,1,35.06817427825703,5.016182572174305,False,False,0.512005495381484
C005797,22.93,Genie,Gaspesie-Iles-de-la-Madeleine,G4X,55124,10,116.3,0,Remote,0,False,False,0,24.368174278257026,-5.683817427825701,False,False,0.4544355510179678
C010301,22.37,Sciences,Bas-Saint-Laurent,G5L,193426,14,109.9,0,Remote,-1,True,True,0,24.383443989559836,-5.668547716522891,False,False,0.5879494195036219
C006049,24.25,Sciences sociales,Cote-Nord,G4R,36878,8,238.8,1,Remote,0,False,False,0,25.400539422605622,-4.651452283477106,False,False,0.47656598711426984
C004221,27.6,Sante,Gaspesie-Iles-de-la-Madeleine,G4X,46031,9,211.8,1,Remote,0,False,False,0,28.894356850431326,-1.157634855651402,False,False,0.4226462611978277
C008443,29.94,Sante,Gaspesie-Iles-de-la-Madeleine,G5C,46381,11,162.6,0,Remote,0,False,False,1,31.52199170608273,1.4700000000000024,False,False,0.4236947259533998
C008336,28.19,Sciences,Cote-Nord,G0G,51570,10,407.5,1,Remote,0,False,False,0,29.628174278257028,-0.42381742782569987,True,False,0.4574865199073202
C012999,29.09,Sciences sociales,Capitale-Nationale,G1R,30663,16,18.9,1,Centre,0,False,False,1,31.391078845211243,1.339087139128516,False,False,0.4992564505799805
C010170,28.69,Sante,Montreal,H4L,64229,11,23.0,0,Centre,0,False,False,1,30.27199170608273,0.22000000000000242,True,False,0.390316749867293
C013364,31.18,Sciences sociales,Montreal,H1A,78155,9,69.6,0,Centre,0,False,False,1,32.47435685043132,2.4223651443485927,False,False,0.435049238932827
C002108,29.91,Arts et lettres,Montreal,H2X,99111,11,11.7,0,Centre,0,False,False,1,31.49199170608273,1.4400000000000013,False,False,0.42139896368326424
C000404,25.18,Sante,Bas-Saint-Laurent,G5N,47211,7,109.1,0,Remote,0,False,False,0,26.18672199477992,-3.8652697113028083,False,False,0.4538897168985286
C013873,26.67,Sciences sociales,Capitale-Nationale,G3A,64070,9,15.8,1,Centre,0,False,False,0,27.964356850431326,-2.0876348556514017,False,False,0.3959489983050637
C002428,21.15,Arts et lettres,Montreal,H4L,74814,9,25.1,0,Centre,0,False,False,0,22.444356850431323,-7.607634855651405,False,False,0.492186423875843
C008287,23.82,Sante,Gaspesie-Iles-de-la-Madeleine,G5C,31418,14,326.8,0,Remote,0,False,False,0,25.833443989559836,-4.218547716522892,False,False,0.504948429687994
C009096,29.82,Sciences,Cote-Nord,G0G,20978,17,360.5,0,Remote,0,False,True,1,32.264896273036946,2.2129045669542187,False,False,0.5631679960747573
C013576,28.24,Sciences sociales,Montreal,H1A,132427,8,14.9,1,Centre,0,False,False,0,29.39053942260562,-0.6614522834771073,False,False,0.44531785599183366
C010997,29.03,Genie,Montreal,H1A,71259,6,27.7,1,Centre,0,False,False,0,29.89290456695422,-0.15908713912850914,True,False,0.4101973861674721
C004492,27.42,Sciences,Montreal,H8N,83316,8,20.7,0,Centre,0,False,False,0,28.570539422605624,-1.481452283477104,False,False,0.39009456979013796
C001605,24.94,Sciences,Montreal,H1A,48002,8,23.9,0,Centre,0,False,False,0,26.090539422605623,-3.9614522834771044,False,False,0.42018190768755603
C008257,26.77,Genie,Montreal,H4L,91740,8,16.8,0,Centre,0,False,False,0,27.92053942260562,-2.131452283477106,False,False,0.4031584379055365
C011186,23.59,Sciences,Capitale-Nationale,G1V,35828,5,5.2,0,Centre,0,False,False,0,24.309087139128515,-5.742904566954213,False,False,0.536641685319812
C001568,32.65,Sciences sociales,Montreal,H8N,51466,13,13.8,1,Centre,0,False,False,1,34.519626561734135,4.467634855651408,False,False,0.4758808590833474
C013789,26.59,Genie,Gaspesie-Iles-de-la-Madeleine,G0C,35912,16,93.3,1,Remote,0,False,False,0,28.891078845211243,-1.160912860871484,False,False,0.45998624362811885
C008064,24.76,Genie,Cote-Nord,G0G,38895,14,502.1,1,Remote,0,False,False,0,26.773443989559837,-3.2785477165228905,False,False,0.5116609845717105
C006557,27.19,Genie,Capitale-Nationale,G1V,97386,12,15.3,0,Centre,0,False,False,0,28.915809133908432,-1.1361825721742953,False,False,0.4182720641786095
C001213,27.95,Genie,Gaspesie-Iles-de-la-Madeleine,G4X,73317,14,263.9,0,Remote,0,False,False,0,29.963443989559835,-0.08854771652289273,True,False,0.43105380834924983
C002167,33.4,Sante,Capitale-Nationale,G1V,37199,10,34.8,0,Centre,0,False,False,1,34.83817427825703,4.786182572174301,False,False,0.5012051756399748
C004701,24.84,Arts et lettres,Cote-Nord,G0G,20109,13,141.4,0,Remote,0,False,False,0,26.709626561734133,-3.3423651443485944,False,False,0.523039711567003
C012904,24.16,Genie,Bas-Saint-Laurent,G5L,56918,18,284.9,0,Remote,0,False,False,0,26.74871370086265,-3.303278005220079,False,False,0.4934317961557974
C004168,28.28,Genie,Montreal,H3T,76389,6,10.9,0,Centre,0,False,False,0,29.14290456695422,-0.9090871391285091,False,False,0.41936195614725863
C001581,30.7,Sciences,Montreal,H8N,78946,12,4.4,1,Centre,0,False,False,1,32.42580913390843,2.3738174278257027,False,False,0.466399148035547
C001237,29.48,Sciences sociales,Cote-Nord,G0G,70979,17,139.0,0,Remote,0,False,False,1,31.924896273036946,1.8729045669542188,False,False,0.4569571309118208
C002060,21.99,Arts et lettres,Gaspesie-Iles-de-la-Madeleine,G5C,47005,12,112.1,1,Remote,0,False,False,0,23.71580913390843,-6.336182572174298,False,False,0.48638443936066417
C008609,28.01,Sante,Cote-Nord,G0G,28344,17,217.0,0,Remote,0,False,False,1,30.454896273036947,0.40290456695421994,True,False,0.4878024609993632
C013648,33.99,Sciences,Capitale-Nationale,G1V,42870,8,64.3,0,Centre,0,False,False,1,35.14053942260562,5.088547716522893,False,False,0.5184218335476537
C013638,28.58,Sciences sociales,Cote-Nord,G5B,86313,14,115.6,1,Remote,0,False,False,1,30.593443989559834,0.5414522834771063,False,False,0.43416897851388575
C009670,31.63,Genie,Bas-Saint-Laurent,G5L,70941,21,74.3,0,Remote,0,False,True,1,34.65016598433976,4.59817427825703,False,False,0.5555779083059458
C005866,32.32,Sciences,Capitale-Nationale,G1V,32575,13,8.7,1,Centre,0,False,False,1,34.18962656173414,4.1376348556514095,False,False,0.5225145700212731
C003394,28.93,Sante,Gaspesie-Iles-de-la-Madeleine,G0C,108142,10,325.3,0,Remote,0,False,False,1,30.368174278257026,0.31618257217429857,True,False,0.4800933369588519
C010720,26.68,Sciences sociales,Gaspesie-Iles-de-la-Madeleine,G4X,59164,18,281.4,0,Remote,0,False,False,0,29.268713700862648,-0.7832780052200796,False,False,0.4680105572110943
C002229,22.81,Sciences sociales,Bas-Saint-Laurent,G5N,43393,15,227.5,0,Remote,0,False,False,0,24.967261417385537,-5.084730288697191,False,False,0.48460142745459533
C012811,25.26,Arts et lettres,Bas-Saint-Laurent,G5N,48147,5,314.9,1,Remote,0,False,False,0,25.979087139128517,-4.072904566954211,False,False,0.5208234381094378
C012070,28.01,Sante,Gaspesie-Iles-de-la-Madeleine,G4X,54120,12,130.0,1,Remote,0,False,False,0,29.735809133908432,-0.316182572174295,True,False,0.40867042421230776
C008747,25.01,Genie,Gaspesie-Iles-de-la-Madeleine,G0C,53959,14,440.4,1,Remote,0,False,False,0,27.023443989559837,-3.0285477165228905,False,False,0.48085999170780824
C010591,26.17,Sciences,Montreal,H1A,47478,11,4.7,0,Centre,0,False,False,0,27.75199170608273,-2.299999999999997,False,False,0.45576061922941985
C010752,23.0,Sante,Cote-Nord,G4R,36673,13,110.0,0,Remote,0,False,False,0,24.869626561734133,-5.182365144348594,False,False,0.47825831004010083
C000788,27.14,Sciences sociales,Cote-Nord,G5B,44214,7,210.4,0,Remote,0,False,False,0,28.14672199477992,-1.9052697113028074,False,False,0.4525039858099939
C000684,22.84,Sante,Capitale-Nationale,G1V,52033,4,24.4,0,Centre,0,False,False,0,23.41526971130281,-6.6367219947799185,False,False,0.5070751060343015
C009791,26.38,Genie,Cote-Nord,G5B,34043,13,331.7,0,Remote,0,False,False,0,28.249626561734132,-1.8023651443485953,False,False,0.45476237635664707
C005005,28.35,Sciences,Capitale-Nationale,G1V,37458,11,5.6,0,Centre,0,False,False,0,29.93199170608273,-0.11999999999999744,True,False,0.4642163135744603
C009771,25.06,Genie,Montreal,H4L,215016,6,31.0,0,Centre,0,False,True,0,25.922904566954216,-4.1290871391285116,False,False,0.559164269245214
C006554,24.21,Sciences sociales,Montreal,H3T,85499,8,5.3,0,Centre,0,False,False,0,25.360539422605623,-4.691452283477105,False,False,0.4551917362408635
C000115,29.52,Genie,Capitale-Nationale,G1V,39453,14,10.5,1,Centre,0,False,False,1,31.533443989559835,1.4814522834771076,False,False,0.46618429359815977
C004641,28.26,Sciences sociales,Montreal,H3T,89477,6,7.5,0,Centre,0,False,False,0,29.12290456695422,-0.9290871391285087,False,False,0.4388661074372222
C001293,26.36,Sante,Cote-Nord,G4R,22765,12,52.8,0,Remote,0,False,False,0,28.08580913390843,-1.9661825721742971,False,False,0.49844716612627304
C003387,35.3,Sciences sociales,Montreal,H3T,64675,8,13.4,0,Centre,0,False,False,1,36.450539422605615,6.398547716522888,False,False,0.5166341701972159
C000303,29.53,Sciences,Montreal,H3T,60489,12,40.7,0,Centre,0,False,False,1,31.255809133908432,1.2038174278257046,False,False,0.4117487698891263
C009415,29.65,Sante,Montreal,H2X,59645,9,10.5,1,Centre,0,False,False,1,30.944356850431323,0.8923651443485952,False,False,0.4037319355931649
C012646,28.94,Sciences sociales,Bas-Saint-Laurent,G0L,47494,16,143.9,0,Remote,0,False,False,1,31.241078845211245,1.1890871391285174,False,False,0.4441046991783818
C002179,25.54,Genie,Bas-Saint-Laurent,G5N,87039,22,178.3,0,Remote,0,False,False,0,28.703983412165456,-1.348008293917271,False,False,0.5429613577175818
C002837,27.21,Sciences sociales,Montreal,H4L,115005,4,12.1,0,Centre,0,False,False,0,27.78526971130281,-2.2667219947799175,False,False,0.48403434203965995
C000038,25.42,Arts et lettres,Capitale-Nationale,G3A,164408,13,2.1,0,Centre,-1,True,True,0,27.289626561734135,-2.7623651443485926,False,False,0.5893546743134674
C006327,31.65,Genie,Montreal,H8N,57314,5,5.3,0,Centre,0,False,False,1,32.36908713912851,2.3170954330457825,False,False,0.5016777583342743
C006859,24.26,Sante,Gaspesie-Iles-de-la-Madeleine,G0C,39043,15,177.9,1,Remote,0,False,False,0,26.41726141738554,-3.634730288697188,False,False,0.46206721314113897
C005336,31.59,Sciences sociales,Cote-Nord,G4R,64591,18,132.7,1,Remote,0,False,False,1,34.178713700862644,4.126721994779917,False,False,0.5014868087443102
C000766,26.65,Genie,Cote-Nord,G0G,111462,20,310.4,0,Remote,0,False,True,0,29.52634855651405,-0.5256431495686762,False,False,0.5518822559567647
C006282,25.43,Sciences sociales,Bas-Saint-Laurent,G0L,38904,10,198.1,1,Remote,0,False,False,0,26.868174278257026,-3.1838174278257014,False,False,0.44031168987411395
C004316,29.52,Sciences,Montreal,H2X,53699,5,49.2,0,Centre,0,False,False,1,30.239087139128515,0.18709543304578702,True,False,0.45631945559971077
C010134,32.87,Sciences sociales,Gaspesie-Iles-de-la-Madeleine,G0C,30180,11,113.8,0,Remote,0,False,False,1,34.45199170608273,4.400000000000002,False,False,0.5093906198625207
C000580,24.73,Sciences sociales,Cote-Nord,G0G,49981,10,187.9,0,Remote,0,False,False,0,26.168174278257027,-3.8838174278257007,False,False,0.43300686293128504
C013894,33.41,Sciences sociales,Bas-Saint-Laurent,G5L,61113,14,249.1,0,Remote,0,False,False,1,35.423443989559836,5.371452283477108,False,False,0.49522955697401294
C000939,29.53,Sante,Capitale-Nationale,G1R,60042,6,14.8,1,Centre,0,False,False,1,30.39290456695422,0.34091286087149086,True,False,0.4173702278840411
C013726,25.24,Genie,Montreal,H8N,44594,6,14.7,0,Centre,0,False,False,0,26.102904566954216,-3.949087139128512,False,False,0.45073648137015
C005856,27.3,Sante,Bas-Saint-Laurent,G5L,61117,19,291.7,0,Remote,0,False,False,0,30.03253112868835,-0.019460577394376344,True,False,0.48750749055846926
C008879,17.04,Sciences sociales,Cote-Nord,G5B,145629,15,77.6,0,Remote,-1,True,True,0,19.19726141738554,-10.854730288697187,False,False,0.6189833151551825
C006711,28.5,Genie,Montreal,H4L,66250,7,14.7,1,Centre,0,False,False,0,29.50672199477992,-0.545269711302808,False,False,0.3976150797406152
C003458,28.87,Genie,Montreal,H3T,55721,5,3.2,0,Centre,0,False,False,0,29.589087139128516,-0.46290456695421156,True,False,0.49617000691415836
C007905,27.68,Arts et lettres,Cote-Nord,G0G,51827,10,259.3,0,Remote,0,False,False,0,29.118174278257026,-0.9338174278257014,False,False,0.4234297339221585
C011115,31.03,Sciences,Bas-Saint-Laurent,G5L,56423,10,267.8,1,Remote,0,False,False,1,32.468174278257024,2.4161825721742964,False,False,0.45251992812650477
C000426,30.6,Arts et lettres,Gaspesie-Iles-de-la-Madeleine,G0C,63304,16,458.0,0,Remote,0,False,False,1,32.901078845211245,2.8490871391285175,False,False,0.5060789821567777
C005289,28.38,Genie,Cote-Nord,G5B,43695,15,333.1,0,Remote,0,False,False,1,30.537261417385537,0.48526971130280927,True,False,0.4489747224468932
C011666,22.4,Sciences sociales,Bas-Saint-Laurent,G5L,74310,12,256.2,0,Remote,0,False,False,0,24.12580913390843,-5.926182572174298,False,False,0.4881526501160179
C013531,30.83,Genie,Capitale-Nationale,G1V,97043,13,10.5,0,Centre,0,False,False,1,32.699626561734135,2.6476348556514075,False,False,0.4601608424011892
C011823,28.64,Sciences,Cote-Nord,G5B,44741,17,165.8,0,Remote,0,False,False,1,31.084896273036946,1.032904566954219,False,False,0.4540657310175871
C000846,27.22,Arts et lettres,Montreal,H3T,51631,6,30.5,0,Centre,0,False,False,0,28.082904566954216,-1.9690871391285114,False,False,0.42108758809342384
C003731,32.49,Arts et lettres,Gaspesie-Iles-de-la-Madeleine,G5C,45550,11,62.2,0,Remote,0,False,False,1,34.071991706082734,4.020000000000007,False,False,0.46657220246333947
C010995,23.57,Genie,Montreal,H4L,57052,12,27.6,1,Centre,0,False,False,0,25.29580913390843,-4.756182572174296,False,False,0.4382688067472757
C013702,28.28,Genie,Montreal,H2X,55739,11,20.9,1,Centre,0,False,False,0,29.86199170608273,-0.18999999999999773,True,False,0.39558356318716653
C007447,31.61,Arts et lettres,Capitale-Nationale,G1R,93331,6,5.3,1,Centre,0,False,False,1,32.47290456695421,2.4209128608714856,False,False,0.4885079255783958
C009959,28.24,Sciences,Montreal,H3T,70771,11,29.2,0,Centre,0,False,False,0,29.821991706082727,-0.23000000000000043,True,False,0.3951606096411262
C002926,23.15,Genie,Gaspesie-Iles-de-la-Madeleine,G5C,32265,7,145.3,0,Remote,0,False,False,0,24.156721994779918,-5.895269711302809,False,False,0.5109121140899573
C001517,25.52,Genie,Montreal,H1A,71151,13,27.8,0,Centre,0,False,False,0,27.389626561734133,-2.6623651443485947,False,False,0.42505691636833015
C005020,28.38,Genie,Montreal,H2X,87226,7,22.6,0,Centre,0,False,False,0,29.38672199477992,-0.665269711302809,False,False,0.396892984087685
C007219,28.85,Sciences,Capitale-Nationale,G3A,63051,5,43.0,0,Centre,0,False,False,0,29.569087139128513,-0.4829045669542147,True,False,0.4435077483153058
C013452,29.76,Arts et lettres,Capitale-Nationale,G2E,49714,11,8.6,0,Centre,0,False,False,1,31.34199170608273,1.2900000000000027,False,False,0.42381877917306077
C006984,30.48,Sciences sociales,Montreal,H4L,48436,14,22.8,1,Centre,0,False,False,1,32.493443989559836,2.4414522834771084,False,False,0.4376915371291563
C012392,30.93,Sante,Montreal,H2X,88635,10,18.7,0,Centre,0,False,False,1,32.36817427825703,2.316182572174302,False,False,0.41275983939593114
C005410,32.07,Sciences,Montreal,H8N,78540,12,34.0,0,Centre,0,False,False,1,33.795809133908435,3.7438174278257073,False,False,0.44853972564891004
C007911,28.36,Arts et lettres,Bas-Saint-Laurent,G5N,40903,13,210.8,1,Remote,0,False,False,1,30.229626561734133,0.17763485565140513,True,False,0.42538241019028433
C006048,28.97,Arts et lettres,Capitale-Nationale,G3A,133782,7,16.9,0,Centre,0,False,False,0,29.97672199477992,-0.07526971130280913,True,False,0.44963871349692414
C004050,26.4,Sciences,Montreal,H2X,27767,8,64.2,0,Centre,0,False,False,0,27.55053942260562,-2.501452283477107,False,False,0.47908268265108095
C012926,27.08,Genie,Bas-Saint-Laurent,G5L,26638,10,418.2,0,Remote,0,False,False,0,28.518174278257025,-1.5338174278257029,False,False,0.5109340840220834
C012866,27.38,Arts et lettres,Gaspesie-Iles-de-la-Madeleine,G5C,56928,16,111.7,0,Remote,0,False,False,0,29.681078845211243,-0.3709128608714849,True,False,0.4374912533592154
C012324,30.88,Genie,Capitale-Nationale,G1V,34791,14,9.9,1,Centre,0,False,False,1,32.893443989559835,2.841452283477107,False,False,0.501441295855609
C001219,25.24,Genie,Capitale-Nationale,G3A,67391,12,41.6,1,Centre,0,False,False,0,26.96580913390843,-3.086182572174298,False,False,0.4195164710404796
C008763,30.04,Genie,Gaspesie-Iles-de-la-Madeleine,G0C,36155,15,305.6,0,Remote,0,False,False,1,32.19726141738554,2.145269711302813,False,False,0.47139986432331976
C008224,32.24,Sante,Montreal,H8N,127861,10,10.9,0,Centre,0,False,False,1,33.67817427825703,3.6261825721743044,False,False,0.490841893618658
C013956,27.33,Genie,Capitale-Nationale,G1R,55101,12,21.9,0,Centre,0,False,False,0,29.05580913390843,-0.9961825721742983,False,False,0.39790366294010504
C005301,32.9,Sciences,Capitale-Nationale,G1R,100322,13,22.5,0,Centre,0,False,False,1,34.769626561734135,4.717634855651408,False,False,0.4951255897200948
C010987,25.01,Sciences,Montreal,H4L,101923,10,18.9,0,Centre,0,False,False,0,26.448174278257028,-3.6038174278256996,False,False,0.42209769071513437
C009728,24.03,Arts et lettres,Montreal,H4L,66529,10,9.1,1,Centre,0,False,False,0,25.468174278257028,-4.5838174278257,False,False,0.43350113942235574
C003428,32.1,Genie,Gaspesie-Iles-de-la-Madeleine,G5C,35263,11,250.4,0,Remote,0,False,False,1,33.681991706082734,3.630000000000006,False,False,0.48444005384869354
C000022,26.31,Sante,Montreal,H3T,117598,10,25.4,0,Centre,0,False,False,0,27.748174278257025,-2.3038174278257024,False,False,0.42727209185514725
C007222,28.95,Arts et lettres,Montreal,H3T,93161,7,35.1,1,Centre,0,False,False,0,29.95672199477992,-0.0952697113028087,True,False,0.4134282108527637
C009823,21.3,Genie,Bas-Saint-Laurent,G0L,72833,14,134.7,1,Remote,0,False,False,0,23.313443989559836,-6.738547716522891,False,False,0.5102412543599044
C011787,24.55,Genie,Montreal,H3T,67595,6,18.7,1,Centre,0,False,False,0,25.412904566954218,-4.63908713912851,False,False,0.4295168752437068
C005888,25.8,Genie,Capitale-Nationale,G1V,56892,10,10.7,0,Centre,0,False,False,0,27.238174278257027,-2.8138174278257004,False,False,0.4134607071275003
C008428,21.47,Sciences sociales,Montreal,H2X,35478,12,12.0,0,Centre,0,False,False,0,23.19580913390843,-6.856182572174298,False,False,0.5364861802164658
C004440,22.68,Arts et lettres,Montreal,H4L,76442,14,29.9,0,Centre,0,False,False,0,24.693443989559835,-5.358547716522892,False,False,0.4756695587814754
C003782,23.27,Arts et lettres,Cote-Nord,G4R,41536,10,449.3,0,Remote,0,False,False,0,24.708174278257026,-5.343817427825702,False,False,0.5124439541555847
C004837,27.12,Arts et lettres,Montreal,H8N,123688,10,6.7,0,Centre,0,False,False,0,28.558174278257027,-1.4938174278257002,False,False,0.46310179978115024
C003280,33.06,Sciences sociales,Montreal,H4L,124034,12,10.6,0,Centre,0,False,False,1,34.78580913390844,4.733817427825709,False,False,0.5189391578898664
C013211,27.85,Genie,Capitale-Nationale,G1R,73357,12,37.4,0,Centre,0,False,False,0,29.575809133908432,-0.47618257217429516,True,False,0.404918637644883
C005650,31.14,Sciences,Cote-Nord,G4R,81295,7,117.0,0,Remote,0,False,False,1,32.14672199477992,2.094730288697189,False,False,0.4630042091298714
C000679,26.34,Sciences,Gaspesie-Iles-de-la-Madeleine,G4X,38948,22,117.2,0,Remote,0,False,False,0,29.503983412165457,-0.5480082939172704,False,False,0.5359906158081913
C006810,29.32,Genie,Montreal,H8N,45395,9,17.9,0,Centre,0,False,False,1,30.614356850431324,0.5623651443485969,False,False,0.4012477026476456
C008758,27.54,Sante,Capitale-Nationale,G2E,53685,8,4.7,0,Centre,0,False,False,0,28.69053942260562,-1.3614522834771066,False,False,0.43908764218575896
C009240,29.43,Genie,Capitale-Nationale,G1R,45455,10,11.9,0,Centre,0,False,False,1,30.868174278257026,0.8161825721742986,False,False,0.41407237307959927
C007639,26.67,Genie,Montreal,H1A,56047,6,17.4,0,Centre,0,False,False,0,27.53290456695422,-2.5190871391285086,False,False,0.4235285204494967
C000481,24.44,Sante,Bas-Saint-Laurent,G0L,64043,14,174.2,0,Remote,0,False,False,0,26.453443989559837,-3.5985477165228907,False,False,0.43724246524261967
C011633,34.47,Sciences,Capitale-Nationale,G3A,64027,7,22.5,1,Centre,0,False,False,1,35.476721994779915,5.424730288697187,False,False,0.4960767982566359
C000509,23.47,Sciences,Capitale-Nationale,G3A,54093,3,12.3,0,Centre,0,False,False,0,23.901452283477106,-6.150539422605622,False,False,0.5294123803100496
C013575,27.56,Arts et lettres,Bas-Saint-Laurent,G0L,94796,14,233.8,1,Remote,0,False,False,0,29.573443989559834,-0.4785477165228933,True,False,0.4430738440965477
C003454,29.35,Sciences,Montreal,H8N,99831,9,9.2,1,Centre,0,False,False,1,30.644356850431326,0.592365144348598,False,False,0.4175818579359116
C001999,33.57,Sciences,Capitale-Nationale,G3A,214479,10,15.1,1,Centre,-1,True,True,1,35.00817427825703,4.956182572174303,False,False,0.5832268337312804
C002281,29.93,Arts et lettres,Capitale-Nationale,G1R,80436,8,25.5,1,Centre,0,False,False,1,31.08053942260562,1.028547716522894,False,False,0.39681248987637585
C002898,24.65,Sciences sociales,Gaspesie-Iles-de-la-Madeleine,G0C,24797,12,227.6,0,Remote,0,False,False,0,26.37580913390843,-3.676182572174298,False,False,0.4929792054030406
C008993,29.74,Sciences sociales,Montreal,H8N,61053,5,10.3,1,Centre,0,False,False,1,30.459087139128513,0.4070954330457859,True,False,0.44683289180845054
C001766,29.94,Genie,Gaspesie-Iles-de-la-Madeleine,G5C,29313,13,99.1,0,Remote,0,False,False,1,31.809626561734134,1.757634855651407,False,False,0.47208262726182026
C001287,27.39,Sante,Montreal,H4L,46897,9,20.0,0,Centre,0,False,False,0,28.684356850431325,-1.3676348556514029,False,False,0.39672942122369964
C008733,29.95,Sante,Bas-Saint-Laurent,G5N,31026,12,237.1,1,Remote,0,False,False,1,31.67580913390843,1.6238174278257027,False,False,0.4565163568679621
C010067,26.46,Sciences sociales,Montreal,H2X,70320,5,16.3,0,Centre,0,False,False,0,27.179087139128512,-2.8729045669542153,False,False,0.4355544162978734
C012533,27.04,Genie,Capitale-Nationale,G1R,37427,6,4.6,0,Centre,0,False,False,0,27.902904566954216,-2.149087139128511,False,False,0.4978779211920789
C013561,28.52,Arts et lettres,Capitale-Nationale,G2E,53444,13,22.2,1,Centre,0,False,False,1,30.389626561734133,0.3376348556514053,True,False,0.40925611724591837
C012534,30.35,Sciences sociales,Capitale-Nationale,G2E,60914,7,8.5,0,Centre,0,False,False,1,31.35672199477992,1.3047302886971934,False,False,0.42786215537377875
C011098,27.69,Sante,Gaspesie-Iles-de-la-Madeleine,G4X,68173,15,137.0,0,Remote,0,False,False,0,29.84726141738554,-0.20473028869718846,True,False,0.4284869887708055
C009534,28.96,Sante,Gaspesie-Iles-de-la-Madeleine,G5C,93104,11,134.9,0,Remote,0,False,False,1,30.54199170608273,0.490000000000002,True,False,0.4308468561452813
C002265,25.7,Sciences sociales,Cote-Nord,G4R,30080,11,194.7,0,Remote,0,False,False,0,27.281991706082728,-2.7699999999999996,False,False,0.45660333435190786
C011879,31.6,Sante,Gaspesie-Iles-de-la-Madeleine,G4X,40355,9,163.7,1,Remote,0,False,False,1,32.89435685043132,2.8423651443485944,False,False,0.46641195511568617
C012546,25.98,Sante,Cote-Nord,G5B,55559,14,96.0,1,Remote,0,False,False,0,27.993443989559836,-2.0585477165228916,False,False,0.4286313254249585
C008594,24.86,Genie,Bas-Saint-Laurent,G5L,83765,12,285.5,1,Remote,0,False,False,0,26.58580913390843,-3.466182572174297,False,False,0.4576405625860454
C011661,25.96,Genie,Gaspesie-Iles-de-la-Madeleine,G4X,29435,7,288.9,1,Remote,0,False,False,0,26.96672199477992,-3.085269711302807,False,False,0.49978152190248964
C008925,31.55,Sciences,Cote-Nord,G5B,33482,9,76.2,0,Remote,0,False,False,1,32.844356850431325,2.7923651443485973,False,False,0.4794153809346399
C010653,28.62,Sante,Montreal,H1A,110443,5,11.7,1,Centre,0,False,False,0,29.339087139128516,-0.7129045669542116,False,False,0.4574007889546003
C004521,28.21,Arts et lettres,Montreal,H2X,78243,10,3.9,0,Centre,0,False,False,0,29.648174278257027,-0.4038174278257003,True,False,0.4418366429353508
C012330,27.43,Sciences,Montreal,H3T,73838,11,15.4,0,Centre,0,False,False,0,29.01199170608273,-1.0399999999999991,False,False,0.3990333425657972
C007275,32.44,Arts et lettres,Capitale-Nationale,G2E,78208,7,66.8,0,Centre,0,False,False,1,33.446721994779914,3.394730288697186,False,False,0.47433772282933584
C006719,27.18,Sciences,Cote-Nord,G5B,73017,19,115.2,1,Remote,0,False,False,0,29.91253112868835,-0.13946057739437734,True,False,0.4860758938247466
C002483,27.32,Arts et lettres,Capitale-Nationale,G3A,86257,9,1.4,0,Centre,0,False,False,0,28.614356850431324,-1.4376348556514031,False,False,0.5040371166415492
C003615,20.35,Sciences sociales,Montreal,H1A,61272,12,7.1,0,Centre,0,False,False,0,22.075809133908432,-7.976182572174295,False,False,0.5442672477531714
C010273,33.09,Sciences,Montreal,H2X,42523,6,27.4,0,Centre,0,False,False,1,33.95290456695422,3.9009128608714896,False,False,0.4999579684786112
C008433,32.38,Sciences,Gaspesie-Iles-de-la-Madeleine,G4X,37747,9,133.9,1,Remote,0,False,False,1,33.67435685043132,3.6223651443485956,False,False,0.4886858874870411
C002256,31.02,Genie,Gaspesie-Iles-de-la-Madeleine,G0C,77485,14,178.5,1,Remote,0,False,False,1,33.033443989559835,2.9814522834771076,False,False,0.45297641986216997
C010235,28.89,Arts et lettres,Gaspesie-Iles-de-la-Madeleine,G5C,39814,11,391.4,1,Remote,0,False,False,1,30.47199170608273,0.4200000000000017,True,False,0.46276711789604624
C008783,25.99,Arts et lettres,Bas-Saint-Laurent,G5L,29830,13,109.8,1,Remote,0,False,False,0,27.85962656173413,-2.192365144348596,False,False,0.460204620224882
C012016,31.17,Sciences sociales,Capitale-Nationale,G2E,67639,5,10.7,0,Centre,0,False,False,1,31.889087139128513,1.8370954330457856,False,False,0.46039467122867755
C012588,26.54,Sciences,Montreal,H2X,106338,13,8.8,1,Centre,0,False,False,0,28.409626561734132,-1.6423651443485952,False,False,0.456488844344573
C004625,28.92,Genie,Capitale-Nationale,G1V,107289,7,7.8,0,Centre,0,False,False,0,29.92672199477992,-0.12526971130280629,True,False,0.44132631598050565
C003983,27.49,Genie,Montreal,H2X,111902,12,56.2,0,Centre,0,False,False,0,29.21580913390843,-0.8361825721742981,False,False,0.4449540579236563
C010181,26.36,Sciences,Montreal,H2X,78386,7,16.8,0,Centre,0,False,False,0,27.36672199477992,-2.6852697113028086,False,False,0.40419181305256313
C001241,26.82,Arts et lettres,Cote-Nord,G5B,35471,11,100.3,1,Remote,0,False,False,0,28.40199170608273,-1.6499999999999986,False,False,0.4333639278387569
C013753,27.81,Sciences,Capitale-Nationale,G2E,76517,7,31.7,0,Centre,0,False,False,0,28.81672199477992,-1.2352697113028093,False,False,0.39897273051282267
C006096,26.3,Genie,Gaspesie-Iles-de-la-Madeleine,G0C,73199,17,270.1,1,Remote,0,False,False,0,28.744896273036947,-1.307095433045781,False,False,0.46465533166248846
C009884,27.56,Arts et lettres,Gaspesie-Iles-de-la-Madeleine,G4X,30449,14,113.9,0,Remote,0,False,False,0,29.573443989559834,-0.4785477165228933,True,False,0.45097750931034414
C005000,27.56,Sciences,Montreal,H8N,41686,9,0.5,0,Centre,0,False,False,0,28.854356850431323,-1.1976348556514047,False,False,0.5369517788510033
C002541,33.96,Genie,Montreal,H2X,28215,6,34.8,0,Centre,0,False,True,1,34.822904566954215,4.770912860871487,False,False,0.5707219947422204
C002304,29.27,Arts et lettres,Capitale-Nationale,G2E,52413,13,18.7,1,Centre,0,False,False,1,31.139626561734133,1.0876348556514053,False,False,0.4156055936636688
C006119,23.35,Arts et lettres,Bas-Saint-Laurent,G0L,79803,3,154.2,1,Remote,-1,True,True,0,23.78145228347711,-6.270539422605619,False,False,0.5538517742868333
C010926,22.83,Sciences,Montreal,H2X,40582,7,38.9,0,Centre,0,False,False,0,23.836721994779918,-6.21526971130281,False,False,0.48001191059335496
C000699,30.77,Arts et lettres,Gaspesie-Iles-de-la-Madeleine,G4X,75786,13,189.9,0,Remote,0,False,False,1,32.63962656173413,2.5876348556514053,False,False,0.4463556368844707
C006099,30.49,Sciences,Montreal,H2X,120038,12,21.7,0,Centre,0,False,False,1,32.21580913390843,2.163817427825702,False,False,0.44921143271830544
C011431,22.26,Genie,Gaspesie-Iles-de-la-Madeleine,G4X,51164,15,243.4,1,Remote,0,False,False,0,24.41726141738554,-5.634730288697188,False,False,0.49030887394015943
C013699,27.26,Sante,Cote-Nord,G0G,51461,11,225.3,1,Remote,0,False,False,0,28.84199170608273,-1.2099999999999973,False,False,0.4125342934888637
C009709,33.62,Arts et lettres,Gaspesie-Iles-de-la-Madeleine,G5C,40658,11,308.9,1,Remote,0,False,False,1,35.20199170608273,5.150000000000002,False,False,0.5225246794323485
C009574,27.7,Sciences,Capitale-Nationale,G1R,157181,12,29.9,0,Centre,0,False,False,0,29.42580913390843,-0.6261825721742973,False,False,0.48394373927051054
C007012,27.68,Sciences sociales,Montreal,H3T,88707,14,7.2,0,Centre,0,False,False,0,29.693443989559835,-0.3585477165228923,True,False,0.4594693291158697
C009501,25.83,Sciences sociales,Bas-Saint-Laurent,G5L,53183,12,341.5,0,Remote,0,False,False,0,27.55580913390843,-2.4961825721742983,False,False,0.4399767401790177
C001041,30.12,Sante,Montreal,H8N,48224,13,8.3,0,Centre,0,False,False,1,31.989626561734134,1.9376348556514067,False,False,0.4506419967826154
C003483,27.61,Sciences sociales,Cote-Nord,G0G,24217,14,157.6,0,Remote,0,False,False,0,29.623443989559835,-0.4285477165228926,True,False,0.4805967288664639
C000633,31.1,Sante,Montreal,H4L,65721,6,11.2,0,Centre,0,False,False,1,31.96290456695422,1.9109128608714911,False,False,0.4404866629164288
C010845,25.74,Arts et lettres,Gaspesie-Iles-de-la-Madeleine,G5C,35726,13,222.6,1,Remote,0,False,False,0,27.60962656173413,-2.442365144348596,False,False,0.4360334745544106
C009594,27.08,Sciences,Capitale-Nationale,G1R,44028,6,18.5,0,Centre,0,False,False,0,27.942904566954216,-2.109087139128512,False,False,0.43190111148063065
C005264,29.55,Sciences sociales,Montreal,H4L,48523,10,14.7,1,Centre,0,False,False,1,30.988174278257027,0.9361825721742996,False,False,0.4062539831502872
C005335,25.65,Genie,Montreal,H8N,25364,9,33.3,0,Centre,0,False,False,0,26.944356850431323,-3.107634855651405,False,False,0.486198401492758
C000875,29.59,Sciences,Montreal,H2X,38722,8,11.0,0,Centre,0,False,False,1,30.74053942260562,0.6885477165228941,False,False,0.4338609638386916
C007592,29.24,Genie,Montreal,H1A,56279,7,11.2,1,Centre,0,False,False,1,30.246721994779918,0.19473028869719045,True,False,0.4133410951006167
C010044,27.01,Genie,Montreal,H3T,61062,9,27.3,0,Centre,0,False,False,0,28.304356850431326,-1.7476348556514019,False,False,0.3923074640548934
C004728,23.17,Sante,Cote-Nord,G5B,19400,9,88.5,0,Remote,-1,True,True,0,24.464356850431326,-5.587634855651402,False,False,0.5570243353392574
C008392,29.13,Arts et lettres,Montreal,H1A,127949,11,1.8,0,Centre,0,False,False,1,30.711991706082728,0.6600000000000001,False,False,0.5273827646901713
C002867,27.9,Arts et lettres,Gaspesie-Iles-de-la-Madeleine,G5C,51872,11,380.2,0,Remote,0,False,False,0,29.481991706082727,-0.5700000000000003,False,False,0.4479729656106899
C012128,27.68,Sciences,Montreal,H1A,66817,11,10.4,0,Centre,0,False,False,0,29.26199170608273,-0.7899999999999991,False,False,0.40484065640816885
C004624,25.17,Sciences sociales,Capitale-Nationale,G1V,101561,5,12.1,0,Centre,0,False,False,0,25.889087139128513,-4.162904566954214,False,False,0.4629434678524048
C011651,29.35,Genie,Montreal,H3T,59105,13,11.5,0,Centre,0,False,False,1,31.219626561734135,1.1676348556514071,False,False,0.42348521356149915
C002631,26.41,Sciences sociales,Cote-Nord,G4R,47502,13,92.9,1,Remote,0,False,False,0,28.279626561734133,-1.7723651443485942,False,False,0.42351148600383354
C009563,29.33,Genie,Montreal,H1A,62689,13,26.2,0,Centre,0,False,False,1,31.19962656173413,1.147634855651404,False,False,0.4125932851264367
C011501,27.79,Sciences,Gaspesie-Iles-de-la-Madeleine,G4X,104187,6,223.2,0,Remote,0,False,False,0,28.652904566954216,-1.3990871391285111,False,False,0.49277907687348155
C010928,26.3,Sante,Capitale-Nationale,G2E,47342,7,6.7,0,Centre,0,False,False,0,27.30672199477992,-2.7452697113028073,False,False,0.44830798444540804
C009002,23.65,Sciences sociales,Bas-Saint-Laurent,G5L,60647,3,128.7,1,Remote,-1,True,False,0,24.081452283477105,-5.970539422605622,False,False,0.5338125582354015
C012541,28.97,Genie,Montreal,H4L,123307,5,5.8,0,Centre,0,False,False,0,29.68908713912851,-0.36290456695421724,True,False,0.4980482442913818
C002184,28.86,Sciences sociales,Cote-Nord,G0G,78893,15,521.0,0,Remote,0,False,False,1,31.01726141738554,0.9652697113028132,False,False,0.5047982695126455
C007491,23.82,Arts et lettres,Cote-Nord,G4R,51567,13,385.6,0,Remote,0,False,False,0,25.689626561734134,-4.362365144348594,False,False,0.4804510160371576
C005171,29.41,Genie,Montreal,H2X,51774,6,6.3,0,Centre,0,False,False,1,30.272904566954217,0.22091286087148987,True,False,0.45533388110748
C007617,21.02,Sciences sociales,Gaspesie-Iles-de-la-Madeleine,G5C,49472,15,192.0,0,Remote,0,False,False,0,23.177261417385537,-6.87473028869719,False,False,0.5157667586505796
C003259,31.88,Sciences sociales,Montreal,H3T,76187,10,8.0,0,Centre,0,False,False,1,33.318174278257025,3.266182572174298,False,False,0.4500201938253719
C011946,25.68,Sante,Montreal,H2X,57139,6,36.0,1,Centre,0,False,False,0,26.542904566954217,-3.5090871391285106,False,False,0.43160985167582233
C001727,25.01,Sante,Bas-Saint-Laurent,G5N,36515,16,143.6,0,Remote,0,False,False,0,27.311078845211245,-2.7409128608714823,False,False,0.4647669087624878
C008469,29.01,Arts et lettres,Capitale-Nationale,G1R,47508,11,13.2,0,Centre,0,False,False,1,30.59199170608273,0.5400000000000027,False,False,0.407788362110535
C010792,32.07,Arts et lettres,Cote-Nord,G0G,83430,11,304.0,0,Remote,0,False,False,1,33.65199170608273,3.600000000000005,False,False,0.489597260386618
C012514,26.58,Sciences sociales,Capitale-Nationale,G1V,90179,5,41.0,1,Centre,0,False,False,0,27.29908713912851,-2.752904566954218,False,False,0.4544196346143999
C010045,28.69,Genie,Gaspesie-Iles-de-la-Madeleine,G4X,64459,9,155.9,0,Remote,0,False,False,0,29.984356850431325,-0.06763485565140215,True,False,0.4170158858708495
C007736,23.09,Genie,Montreal,H1A,108096,8,4.6,1,Centre,0,False,False,0,24.24053942260562,-5.811452283477106,False,False,0.5059030675931538
C003501,32.03,Arts et lettres,Bas-Saint-Laurent,G5L,70736,8,504.7,1,Remote,0,False,False,1,33.18053942260562,3.128547716522892,False,False,0.5384666315086328
C012632,29.51,Genie,Cote-Nord,G0G,33926,12,203.4,1,Remote,0,False,False,1,31.235809133908432,1.183817427825705,False,False,0.4381430765933255
C012464,25.74,Arts et lettres,Capitale-Nationale,G1V,51041,9,43.7,1,Centre,0,False,False,0,27.034356850431323,-3.017634855651405,False,False,0.41405685118782953
C002135,29.63,Genie,Cote-Nord,G0G,74677,9,348.0,0,Remote,0,False,False,1,30.924356850431323,0.8723651443485956,False,False,0.4621713355776838
C013201,25.27,Sciences,Montreal,H1A,64241,11,18.5,1,Centre,0,False,False,0,26.85199170608273,-3.1999999999999993,False,False,0.40726365553140925
C004176,33.81,Sante,Capitale-Nationale,G1R,131174,8,10.0,0,Centre,0,False,False,1,34.96053942260562,4.908547716522893,False,False,0.5298564438925741
C005104,29.24,Sciences sociales,Capitale-Nationale,G3A,59794,12,15.9,1,Centre,0,False,False,1,30.96580913390843,0.9138174278257019,False,False,0.40125539310678576
C001885,26.24,Sciences sociales,Gaspesie-Iles-de-la-Madeleine,G0C,45769,14,192.2,1,Remote,0,False,False,0,28.253443989559834,-1.7985477165228936,False,False,0.4220290298785148
C011627,24.09,Arts et lettres,Capitale-Nationale,G2E,83581,8,13.6,0,Centre,0,False,False,0,25.24053942260562,-4.811452283477106,False,False,0.4263379170317579
C003422,29.41,Sciences,Montreal,H3T,39920,16,21.9,1,Centre,0,False,False,1,31.711078845211244,1.6590871391285162,False,False,0.46881490693136424
C007902,25.74,Sciences,Cote-Nord,G5B,45611,10,284.9,0,Remote,0,False,False,0,27.178174278257025,-2.8738174278257027,False,False,0.4380618546092738
C002799,27.51,Sciences,Capitale-Nationale,G3A,93134,10,28.4,0,Centre,0,False,False,0,28.948174278257028,-1.1038174278256996,False,False,0.40115171395234334
C005784,22.56,Sciences sociales,Montreal,H8N,136260,10,15.1,0,Centre,0,False,False,0,23.998174278257025,-6.053817427825702,False,False,0.5037051559449858
C013513,27.43,Sciences sociales,Capitale-Nationale,G1R,32500,8,26.7,0,Centre,0,False,False,0,28.58053942260562,-1.471452283477106,False,False,0.43732389418749334
C004905,29.07,Sciences,Capitale-Nationale,G1R,53714,4,17.0,0,Centre,0,False,False,0,29.64526971130281,-0.4067219947799181,True,False,0.4563844952269013
C004360,26.57,Genie,Montreal,H8N,40587,12,29.7,0,Centre,0,False,False,0,28.29580913390843,-1.7561825721742963,False,False,0.4269742444652336
C008323,24.5,Sciences,Montreal,H4L,81080,13,49.5,0,Centre,0,False,False,0,26.369626561734133,-3.6823651443485943,False,False,0.4448570516799352
C000932,22.05,Sciences,Bas-Saint-Laurent,G5L,56047,11,190.3,0,Remote,0,False,False,0,23.63199170608273,-6.419999999999998,False,False,0.4818625503741833
C000281,26.65,Sante,Capitale-Nationale,G1R,50199,11,13.5,0,Centre,0,False,False,0,28.231991706082727,-1.8200000000000003,False,False,0.4130343143816583
C010580,26.55,Sante,Capitale-Nationale,G1V,54097,9,25.0,0,Centre,0,False,False,0,27.844356850431325,-2.2076348556514027,False,False,0.39717496285728116
C007488,25.25,Sciences,Gaspesie-Iles-de-la-Madeleine,G4X,43663,14,148.8,1,Remote,0,False,False,0,27.263443989559836,-2.788547716522892,False,False,0.4351695238918992
C012043,25.47,Arts et lettres,Gaspesie-Iles-de-la-Madeleine,G0C,65964,8,113.5,0,Remote,0,False,False,0,26.62053942260562,-3.431452283477107,False,False,0.4311204764589024
C010835,29.07,Genie,Montreal,H8N,56997,11,6.0,0,Centre,0,False,False,1,30.65199170608273,0.6000000000000014,False,False,0.42806336490052055
C000669,27.7,Sante,Cote-Nord,G5B,133825,8,159.4,0,Remote,0,False,False,0,28.85053942260562,-1.2014522834771064,False,False,0.4790236134139864
C006520,24.74,Sciences sociales,Capitale-Nationale,G2E,121154,13,32.2,0,Centre,0,False,False,0,26.60962656173413,-3.442365144348596,False,False,0.4759068678949011
C007281,28.9,Sante,Montreal,H1A,86720,9,26.2,1,Centre,0,False,False,1,30.194356850431323,0.14236514434859515,True,False,0.3909465431574114
C012021,25.25,Genie,Gaspesie-Iles-de-la-Madeleine,G5C,31363,14,506.1,0,Remote,0,False,False,0,27.263443989559836,-2.788547716522892,False,False,0.5235849726953155
C002068,25.57,Sciences,Montreal,H8N,69042,8,12.2,1,Centre,0,False,False,0,26.720539422605622,-3.3314522834771054,False,False,0.4053779280035291
C001249,26.41,Genie,Gaspesie-Iles-de-la-Madeleine,G4X,35996,8,54.0,1,Remote,0,False,False,0,27.560539422605622,-2.4914522834771056,False,False,0.4433822706379888
C002742,30.84,Sciences,Capitale-Nationale,G1R,57589,6,16.5,0,Centre,0,False,False,1,31.702904566954217,1.6509128608714896,False,False,0.43063067705595687
C009154,24.87,Arts et lettres,Bas-Saint-Laurent,G5N,76219,16,262.9,0,Remote,0,False,False,0,27.171078845211245,-2.880912860871483,False,False,0.46792713934451935
C012709,22.08,Genie,Montreal,H2X,35488,7,33.2,0,Centre,0,False,False,0,23.086721994779918,-6.96526971130281,False,False,0.5144725564983423
C006818,27.78,Sciences sociales,Capitale-Nationale,G3A,46544,10,13.3,0,Centre,0,False,False,0,29.218174278257028,-0.8338174278257,False,False,0.4068730576132198
C003430,32.79,Arts et lettres,Montreal,H3T,64461,10,39.7,1,Centre,0,False,False,1,34.22817427825703,4.1761825721743016,False,False,0.44771180469573296
C005987,30.83,Genie,Montreal,H2X,66250,5,8.8,0,Centre,0,False,False,1,31.54908713912851,1.4970954330457822,False,False,0.4639425249078651
C003114,29.39,Sciences sociales,Montreal,H3T,32753,18,26.7,0,Centre,0,False,False,1,31.97871370086265,1.9267219947799212,False,False,0.513895327264036
C001487,23.34,Sante,Gaspesie-Iles-de-la-Madeleine,G4X,53745,13,353.9,1,Remote,0,False,False,0,25.209626561734133,-4.842365144348594,False,False,0.48032005973598585
C008074,24.35,Arts et lettres,Montreal,H1A,88176,10,21.1,0,Centre,0,False,False,0,25.788174278257028,-4.2638174278257,False,False,0.41735724475538005
C013684,24.52,Sciences sociales,Montreal,H3T,33761,4,33.5,0,Centre,0,False,False,0,25.09526971130281,-4.956721994779919,False,False,0.5249946408859436
C004975,23.66,Sciences,Cote-Nord,G4R,35265,13,184.0,1,Remote,0,False,False,0,25.529626561734133,-4.522365144348594,False,False,0.4659993076819007
C011332,32.38,Arts et lettres,Montreal,H3T,90572,9,11.8,0,Centre,0,False,False,1,33.67435685043132,3.6223651443485956,False,False,0.45407084722878327
C011762,27.87,Sciences,Montreal,H8N,82551,8,16.4,0,Centre,0,False,False,0,29.020539422605623,-1.0314522834771047,False,False,0.3937673562417038
C001338,26.31,Genie,Gaspesie-Iles-de-la-Madeleine,G4X,58664,15,237.9,0,Remote,0,False,False,0,28.467261417385537,-1.584730288697191,False,False,0.4278613976397475
C002194,32.33,Arts et lettres,Montreal,H2X,71410,5,5.1,0,Centre,0,False,False,1,33.04908713912851,2.997095433045782,False,False,0.5169679512838362
C001010,28.14,Arts et lettres,Bas-Saint-Laurent,G5L,69373,7,215.0,1,Remote,0,False,False,0,29.14672199477992,-0.9052697113028074,False,False,0.4426587261706653
C002526,28.21,Sante,Gaspesie-Iles-de-la-Madeleine,G4X,34598,10,198.1,0,Remote,0,False,False,0,29.648174278257027,-0.4038174278257003,True,False,0.435492804671132
C000266,31.58,Arts et lettres,Gaspesie-Iles-de-la-Madeleine,G4X,47091,6,199.5,0,Remote,0,False,False,1,32.44290456695421,2.3909128608714845,False,False,0.4952280289493696
C010153,30.31,Sciences sociales,Capitale-Nationale,G2E,100013,10,10.7,1,Centre,0,False,False,1,31.748174278257025,1.6961825721742976,False,False,0.4254624321843291
C007258,32.83,Sciences,Montreal,H4L,118151,12,35.5,0,Centre,0,False,False,1,34.55580913390843,4.503817427825705,False,False,0.5030373961741827
C009725,26.55,Sciences sociales,Capitale-Nationale,G2E,79438,4,18.6,1,Centre,0,False,False,0,27.12526971130281,-2.9267219947799177,False,False,0.45608853630597085
C000399,29.65,Arts et lettres,Montreal,H1A,47499,12,10.1,0,Centre,0,False,False,1,31.37580913390843,1.323817427825702,False,False,0.4293114203535764
C013848,27.65,Genie,Capitale-Nationale,G2E,39678,9,7.8,0,Centre,0,False,False,0,28.944356850431323,-1.1076348556514048,False,False,0.4426344225633091
C004794,27.71,Sciences sociales,Gaspesie-Iles-de-la-Madeleine,G4X,65645,15,215.6,1,Remote,0,False,False,0,29.867261417385542,-0.18473028869718533,True,False,0.42558028076265947
C009691,33.86,Genie,Montreal,H1A,55016,9,8.6,0,Centre,0,False,False,1,35.15435685043132,5.1023651443485925,False,False,0.49279606635951473
C002783,29.91,Sciences,Montreal,H2X,88912,7,17.2,0,Centre,0,False,False,1,30.91672199477992,0.8647302886971922,False,False,0.40964971400418176
C013049,27.68,Genie,Cote-Nord,G4R,41541,12,258.4,0,Remote,0,False,False,0,29.40580913390843,-0.6461825721742969,False,False,0.4275435432515858
C012390,27.24,Genie,Cote-Nord,G5B,21791,9,220.3,0,Remote,0,False,False,0,28.534356850431323,-1.517634855651405,False,False,0.5021290295231293
C011561,25.19,Sciences,Gaspesie-Iles-de-la-Madeleine,G5C,31038,12,103.2,0,Remote,0,False,False,0,26.915809133908432,-3.1361825721742953,False,False,0.4633542990118507
C004161,28.09,Sciences,Capitale-Nationale,G2E,48218,11,18.9,1,Centre,0,False,False,0,29.67199170608273,-0.379999999999999,True,False,0.4005387254971154
C002049,31.99,Sciences,Capitale-Nationale,G3A,57351,12,20.9,1,Centre,0,False,False,1,33.71580913390843,3.663817427825702,False,False,0.4381821507951693
C003043,26.7,Genie,Montreal,H3T,189713,6,11.2,0,Centre,0,False,False,0,27.562904566954217,-2.489087139128511,False,False,0.5349902402808042
C006023,32.98,Sciences,Montreal,H2X,83743,11,15.6,0,Centre,0,False,False,1,34.56199170608273,4.510000000000002,False,False,0.46333908051132844
C000079,25.3,Arts et lettres,Montreal,H4L,56321,7,10.8,0,Centre,0,False,False,0,26.30672199477992,-3.7452697113028073,False,False,0.4238974349581414
C009372,23.39,Arts et lettres,Cote-Nord,G4R,53612,11,129.9,0,Remote,0,False,False,0,24.97199170608273,-5.079999999999998,False,False,0.4503113407854168
C012932,25.53,Genie,Montreal,H4L,33042,13,9.2,0,Centre,0,False,False,0,27.399626561734134,-2.652365144348593,False,False,0.48612169357962004
C004921,28.6,Genie,Capitale-Nationale,G3A,174439,8,3.3,0,Centre,0,False,False,0,29.750539422605623,-0.3014522834771043,True,False,0.5446485554766687
C004931,28.33,Sciences sociales,Bas-Saint-Laurent,G0L,32444,13,47.2,1,Remote,0,False,False,1,30.19962656173413,0.147634855651404,True,False,0.4505329937912276
C011695,22.55,Sante,Montreal,H8N,40388,8,49.8,0,Centre,0,False,False,0,23.700539422605623,-6.351452283477105,False,False,0.4836427591544787
C010289,28.94,Arts et lettres,Bas-Saint-Laurent,G5L,43201,16,349.5,0,Remote,0,False,False,1,31.241078845211245,1.1890871391285174,False,False,0.46950890278107393
C012641,27.34,Sciences,Montreal,H8N,54627,8,34.4,0,Centre,0,False,False,0,28.49053942260562,-1.5614522834771059,False,False,0.39934024448139416
C006289,33.35,Sciences,Capitale-Nationale,G2E,99431,8,27.8,0,Centre,0,False,False,1,34.50053942260562,4.448547716522892,False,False,0.484023709917784
C009051,27.9,Sciences sociales,Gaspesie-Iles-de-la-Madeleine,G5C,23400,10,204.7,1,Remote,0,False,False,0,29.338174278257025,-0.7138174278257026,False,False,0.4874608594427733
C006208,28.89,Arts et lettres,Capitale-Nationale,G1R,59179,6,3.4,0,Centre,0,False,False,0,29.752904566954218,-0.2990871391285097,True,False,0.4734475317815407
C010283,27.77,Genie,Cote-Nord,G0G,67574,6,287.0,1,Remote,0,False,False,0,28.632904566954217,-1.4190871391285107,False,False,0.4747391796821223
C006130,26.92,Arts et lettres,Gaspesie-Iles-de-la-Madeleine,G4X,83050,9,214.9,1,Remote,0,False,False,0,28.214356850431326,-1.8376348556514017,False,False,0.43388444973079654
C006714,30.31,Sciences,Cote-Nord,G0G,30662,12,274.7,1,Remote,0,False,False,1,32.03580913390843,1.9838174278257021,False,False,0.4738140214414206
C000335,26.95,Sciences sociales,Cote-Nord,G0G,23414,13,93.8,0,Remote,0,False,False,0,28.819626561734133,-1.232365144348595,False,False,0.48474903560129917
C006518,27.97,Sante,Montreal,H4L,97698,9,12.7,0,Centre,0,False,False,0,29.264356850431323,-0.7876348556514046,False,False,0.4048153727929229
C002132,27.48,Arts et lettres,Cote-Nord,G4R,62706,11,145.1,1,Remote,0,False,False,0,29.06199170608273,-0.9899999999999984,False,False,0.4074555381550582
C007826,30.5,Genie,Montreal,H2X,118880,10,18.0,0,Centre,0,False,False,1,31.938174278257026,1.8861825721742989,False,False,0.4403758101087597
C005634,31.4,Genie,Capitale-Nationale,G1V,163361,9,43.5,0,Centre,0,False,False,1,32.69435685043132,2.6423651443485916,False,False,0.5232621777176225
C013604,29.59,Genie,Capitale-Nationale,G1V,93436,10,18.8,0,Centre,0,False,False,1,31.028174278257026,0.9761825721742987,False,False,0.40201562240479694
C005441,26.48,Sante,Cote-Nord,G4R,159769,10,138.6,0,Remote,0,False,False,0,27.918174278257027,-2.1338174278257007,False,False,0.5038250798985718
C008832,24.16,Arts et lettres,Capitale-Nationale,G1V,120246,12,26.5,0,Centre,0,False,False,0,25.88580913390843,-4.166182572174296,False,False,0.46477684124171115
C012430,33.78,Arts et lettres,Montreal,H8N,83024,6,10.5,0,Centre,0,False,False,1,34.642904566954215,4.590912860871487,False,False,0.5039065022454761
C013014,29.68,Genie,Gaspesie-Iles-de-la-Madeleine,G0C,31166,18,113.5,0,Remote,0,False,False,1,32.26871370086265,2.2167219947799204,False,False,0.5067022983527547
C005030,26.71,Sante,Montreal,H4L,53608,10,23.2,1,Centre,0,False,False,0,28.148174278257027,-1.9038174278257003,False,False,0.3968866857385761
C012703,33.18,Arts et lettres,Capitale-Nationale,G1R,104610,10,3.9,0,Centre,0,False,False,1,34.61817427825703,4.566182572174302,False,False,0.5287009396569705
C007766,31.77,Arts et lettres,Montreal,H8N,100795,9,8.5,0,Centre,0,False,False,1,33.064356850431324,3.012365144348596,False,False,0.45897556604414885
C009934,29.15,Arts et lettres,Bas-Saint-Laurent,G5N,25946,13,87.8,0,Remote,0,False,False,1,31.019626561734132,0.9676348556514043,False,False,0.4810980276166379
C000298,29.12,Genie,Montreal,H3T,94893,5,18.3,0,Centre,0,False,False,0,29.839087139128516,-0.21290456695421156,True,False,0.44025594717237493
C001456,27.01,Genie,Capitale-Nationale,G1R,89259,10,24.1,1,Centre,0,False,False,0,28.448174278257028,-1.6038174278256996,False,False,0.3962012420004365
C012948,26.91,Genie,Gaspesie-Iles-de-la-Madeleine,G4X,69313,14,148.6,0,Remote,0,False,False,0,28.923443989559836,-1.1285477165228919,False,False,0.4190901165373761
C000929,31.03,Sciences sociales,Montreal,H4L,99339,10,19.7,0,Centre,0,False,False,1,32.468174278257024,2.4161825721742964,False,False,0.42414287991547633
C003800,23.71,Genie,Capitale-Nationale,G1R,142644,6,22.4,1,Centre,0,False,False,0,24.572904566954218,-5.479087139128509,False,False,0.4981497673174579
C013646,26.67,Sciences,Gaspesie-Iles-de-la-Madeleine,G0C,50069,12,133.3,1,Remote,0,False,False,0,28.395809133908433,-1.6561825721742949,False,False,0.4126125940945625
C008845,23.98,Sciences sociales,Montreal,H1A,52026,15,50.6,0,Centre,0,False,False,0,26.137261417385538,-3.9147302886971893,False,False,0.4671559441864047
C013072,24.81,Sciences sociales,Gaspesie-Iles-de-la-Madeleine,G0C,117237,7,239.3,1,Remote,0,False,False,0,25.81672199477992,-4.235269711302809,False,False,0.508970382083872
C000488,33.87,Sciences sociales,Capitale-Nationale,G1V,62842,9,25.4,0,Centre,0,False,False,1,35.16435685043132,5.1123651443485905,False,False,0.469887369431109
C004845,27.78,Genie,Capitale-Nationale,G1R,118607,14,25.4,0,Centre,0,False,False,0,29.793443989559837,-0.2585477165228909,True,False,0.4617312596163755
C005474,25.17,Sciences sociales,Bas-Saint-Laurent,G5N,35530,12,222.1,0,Remote,0,False,False,0,26.895809133908433,-3.156182572174295,False,False,0.44512998859918007
C011976,23.49,Arts et lettres,Montreal,H4L,43222,10,2.3,0,Centre,0,False,False,0,24.928174278257025,-5.123817427825703,False,False,0.5347108154167667
C005509,29.68,Sciences sociales,Montreal,H8N,59446,9,54.5,0,Centre,0,False,False,1,30.974356850431324,0.9223651443485963,False,False,0.41013307913418284
C013847,32.09,Sciences,Capitale-Nationale,G1R,77082,9,30.0,0,Centre,0,False,False,1,33.384356850431324,3.3323651443485964,False,False,0.43234329343691746
C011899,27.26,Sante,Gaspesie-Iles-de-la-Madeleine,G4X,39823,11,109.0,0,Remote,0,False,False,0,28.84199170608273,-1.2099999999999973,False,False,0.4208456920703331
C009525,25.34,Sciences,Montreal,H8N,102652,9,11.3,0,Centre,0,False,False,0,26.634356850431324,-3.4176348556514036,False,False,0.4232856405153853
C008437,27.07,Sciences,Capitale-Nationale,G1V,91481,9,6.4,0,Centre,0,False,False,0,28.364356850431324,-1.6876348556514031,False,False,0.4268806849264888
C001749,24.32,Sciences,Cote-Nord,G0G,47551,4,63.7,1,Remote,0,False,False,0,24.89526971130281,-5.156721994779918,False,False,0.5127985498510895
C006856,30.11,Sciences sociales,Montreal,H4L,41160,8,15.3,0,Centre,0,False,False,1,31.26053942260562,1.2085477165228937,False,False,0.4299441824452588
C002943,26.3,Sciences,Capitale-Nationale,G3A,59352,3,3.9,0,Centre,0,False,False,0,26.731452283477108,-3.32053942260562,False,False,0.5352766587063853
C001618,29.2,Sante,Cote-Nord,G4R,55513,15,677.0,0,Remote,0,False,False,1,31.357261417385537,1.3052697113028096,False,False,0.5076518666892742
C009804,29.84,Arts et lettres,Capitale-Nationale,G1V,25318,7,34.8,0,Centre,0,False,False,1,30.84672199477992,0.7947302886971919,False,False,0.49418521974293045
C000569,24.92,Sciences sociales,Montreal,H3T,56379,14,25.3,1,Centre,0,False,False,0,26.933443989559837,-3.1185477165228903,False,False,0.43848282424871904
C010765,30.81,Sciences sociales,Bas-Saint-Laurent,G5N,35263,10,158.6,1,Remote,0,False,False,1,32.248174278257025,2.1961825721742976,False,False,0.45571853037644255
C010842,32.42,Sciences,Capitale-Nationale,G1R,82385,9,10.6,1,Centre,0,False,False,1,33.71435685043132,3.6623651443485947,False,False,0.4532621780720398
C010869,24.37,Sciences,Gaspesie-Iles-de-la-Madeleine,G0C,23329,6,133.0,1,Remote,0,False,True,0,25.23290456695422,-4.819087139128509,False,False,0.5489983225308445
C009396,25.8,Sciences sociales,Montreal,H3T,78800,7,14.9,0,Centre,0,False,False,0,26.80672199477992,-3.2452697113028073,False,False,0.40724243235925894
C005295,28.46,Sciences,Capitale-Nationale,G2E,101300,5,45.2,1,Centre,0,False,False,0,29.179087139128512,-0.8729045669542153,False,False,0.46378235410322766
C007200,30.92,Sciences sociales,Montreal,H3T,82945,7,2.1,0,Centre,0,False,False,1,31.92672199477992,1.8747302886971937,False,False,0.5061973559566728
C013716,25.93,Arts et lettres,Capitale-Nationale,G3A,80704,7,69.0,1,Centre,0,False,False,0,26.93672199477992,-3.1152697113028083,False,False,0.42995826200967496
C003871,27.42,Sciences sociales,Bas-Saint-Laurent,G5N,103615,15,157.6,1,Remote,0,False,False,0,29.577261417385543,-0.4747302886971845,True,False,0.45667816594565813
C008903,30.2,Sciences,Montreal,H1A,42254,6,7.9,0,Centre,0,False,False,1,31.062904566954217,1.010912860871489,False,False,0.4677697501434289
C013343,30.94,Genie,Gaspesie-Iles-de-la-Madeleine,G0C,59560,14,115.4,1,Remote,0,False,False,1,32.95344398955984,2.9014522834771093,False,False,0.44537166289503666
C009027,27.21,Genie,Cote-Nord,G5B,104876,12,133.0,1,Remote,0,False,False,0,28.935809133908432,-1.1161825721742957,False,False,0.4391282946401247
C006800,25.4,Genie,Capitale-Nationale,G1R,37353,10,19.4,0,Centre,0,False,False,0,26.838174278257025,-3.2138174278257026,False,False,0.4344162435753865
C009773,30.01,Sciences,Capitale-Nationale,G2E,60347,14,24.0,0,Centre,0,False,False,1,32.02344398955984,1.9714522834771095,False,False,0.4292130641043539
C002130,30.39,Sciences sociales,Montreal,H3T,50087,12,27.9,0,Centre,0,False,False,1,32.115809133908435,2.0638174278257075,False,False,0.41770760450884065
C000517,23.11,Arts et lettres,Montreal,H4L,82132,10,45.5,0,Centre,0,False,False,0,24.548174278257026,-5.503817427825702,False,False,0.4544881647062042
C007986,33.87,Sciences,Gaspesie-Iles-de-la-Madeleine,G4X,81842,17,595.9,1,Remote,0,False,True,1,36.31489627303694,6.262904566954216,False,False,0.596399771772337
C004362,24.96,Sciences,Gaspesie-Iles-de-la-Madeleine,G4X,28136,12,173.4,1,Remote,0,False,False,0,26.685809133908432,-3.3661825721742957,False,False,0.47469713530539587
C007254,27.62,Arts et lettres,Cote-Nord,G5B,25382,14,132.6,1,Remote,0,False,False,0,29.633443989559836,-0.418547716522891,True,False,0.47866352277428936
C001746,30.28,Genie,Capitale-Nationale,G1R,193005,7,11.2,1,Centre,0,False,False,1,31.28672199477992,1.2347302886971931,False,False,0.5312048606277023
C004713,27.71,Arts et lettres,Capitale-Nationale,G3A,39990,8,16.0,0,Centre,0,False,False,0,28.860539422605623,-1.1914522834771049,False,False,0.4202714836015704
C001768,25.86,Arts et lettres,Cote-Nord,G5B,71520,9,367.5,0,Remote,0,False,False,0,27.154356850431324,-2.897634855651404,False,False,0.46314737444435566
C011930,33.6,Genie,Montreal,H8N,63622,18,28.0,0,Centre,0,False,True,1,36.18871370086265,6.136721994779922,False,False,0.5509212053060983
C010887,29.44,Sciences sociales,Montreal,H3T,49747,7,16.8,0,Centre,0,False,False,1,30.44672199477992,0.3947302886971933,True,False,0.4107806537925963
C001030,31.2,Sante,Montreal,H2X,44312,11,39.1,1,Centre,0,False,False,1,32.78199170608273,2.7300000000000004,False,False,0.433828040761334
C006120,27.83,Sciences sociales,Montreal,H2X,88356,15,24.8,1,Centre,0,False,False,0,29.98726141738554,-0.06473028869718789,True,False,0.4435783545567635
C006535,24.21,Sciences,Montreal,H2X,77954,7,14.1,0,Centre,0,False,False,0,25.21672199477992,-4.835269711302807,False,False,0.42637679200921685
C013607,26.72,Sante,Gaspesie-Iles-de-la-Madeleine,G5C,38478,12,462.5,1,Remote,0,False,False,0,28.44580913390843,-1.6061825721742977,False,False,0.48165211318250595
C006566,26.73,Genie,Cote-Nord,G0G,31222,12,242.4,1,Remote,0,False,False,0,28.45580913390843,-1.5961825721742962,False,False,0.4443865643700302
C009729,32.82,Arts et lettres,Capitale-Nationale,G1R,86604,7,3.9,0,Centre,0,False,False,1,33.826721994779916,3.7747302886971887,False,False,0.5125378688114871
C010800,26.19,Arts et lettres,Montreal,H8N,61792,9,20.5,0,Centre,0,False,False,0,27.484356850431325,-2.567634855651402,False,False,0.39295404690505775
C005432,24.63,Genie,Gaspesie-Iles-de-la-Madeleine,G4X,74595,16,337.8,1,Remote,0,False,False,0,26.931078845211243,-3.120912860871485,False,False,0.47682291130060817
C005444,26.77,Arts et lettres,Montreal,H2X,154538,6,24.7,0,Centre,0,False,False,0,27.632904566954217,-2.4190871391285107,False,False,0.4830649704284453
C007969,27.61,Arts et lettres,Cote-Nord,G5B,37351,11,167.8,1,Remote,0,False,False,0,29.191991706082728,-0.8599999999999994,False,False,0.4241258322868933
C009553,32.14,Sante,Montreal,H1A,94359,14,24.2,0,Centre,0,False,False,1,34.15344398955984,4.101452283477112,False,False,0.482943976111003
C007931,25.76,Sciences sociales,Montreal,H1A,48584,10,12.9,1,Centre,0,False,False,0,27.198174278257028,-2.8538174278256996,False,False,0.41608741952241196
C008206,29.16,Sante,Capitale-Nationale,G2E,100492,10,24.1,0,Centre,0,False,False,1,30.598174278257027,0.546182572174299,False,False,0.4045443332606894
C001640,31.22,Arts et lettres,Montreal,H2X,76309,5,25.6,0,Centre,0,False,False,1,31.93908713912851,1.8870954330457828,False,False,0.4570280328289036
C008432,28.15,Genie,Gaspesie-Iles-de-la-Madeleine,G5C,74747,18,106.8,1,Remote,0,False,False,1,30.738713700862647,0.6867219947799192,False,False,0.4658685783661342
C013512,24.53,Sciences,Montreal,H1A,51508,10,25.9,1,Centre,0,False,False,0,25.968174278257028,-4.0838174278257,False,False,0.416803576268334
C000798,32.79,Sante,Montreal,H2X,71317,6,24.7,0,Centre,0,False,False,1,33.65290456695421,3.6009128608714853,False,False,0.4684304805357824
C011926,26.07,Sante,Montreal,H8N,93712,5,2.2,0,Centre,0,False,False,0,26.78908713912851,-3.262904566954216,False,False,0.5289632132770042
C007176,31.82,Sciences,Montreal,H1A,73104,2,4.8,1,Centre,0,False,True,1,32.107634855651405,2.0556431495686773,False,False,0.566460992040278
C013928,24.05,Sante,Capitale-Nationale,G1R,45670,13,5.8,1,Centre,0,False,False,0,25.919626561734134,-4.132365144348594,False,False,0.4843171140791735
C009520,35.04,Sciences sociales,Montreal,H1A,144554,9,18.0,0,Centre,0,False,True,1,36.33435685043132,6.282365144348592,False,False,0.5568960013257522
C008744,24.55,Sciences,Montreal,H3T,107672,6,50.0,1,Centre,0,False,False,0,25.412904566954218,-4.63908713912851,False,False,0.4764185795598378
C008434,30.88,Genie,Gaspesie-Iles-de-la-Madeleine,G5C,75360,15,433.6,1,Remote,0,False,False,1,33.03726141738554,2.9852697113028093,False,False,0.5014680111553119
C003007,28.91,Sante,Montreal,H4L,39513,3,5.0,0,Centre,0,False,True,0,29.341452283477107,-0.7105394226056205,False,False,0.5534005121622214
C006245,28.97,Sciences,Cote-Nord,G4R,30912,17,265.6,0,Remote,0,False,False,1,31.414896273036945,1.3629045669542172,False,False,0.49160663798666365
C013832,30.56,Genie,Cote-Nord,G4R,39608,10,344.4,1,Remote,0,False,False,1,31.998174278257025,1.9461825721742976,False,False,0.47311208092004153
C012972,26.53,Sciences sociales,Capitale-Nationale,G1R,67307,6,5.7,0,Centre,0,False,False,0,27.39290456695422,-2.659087139128509,False,False,0.4430999540250767
C005098,23.59,Genie,Bas-Saint-Laurent,G5L,27699,15,416.3,0,Remote,0,False,False,0,25.747261417385538,-4.30473028869719,False,False,0.5414831999255834
C005807,26.19,Sciences sociales,Capitale-Nationale,G2E,37211,8,12.4,0,Centre,0,False,False,0,27.340539422605623,-2.7114522834771044,False,False,0.4410577808905
C006532,26.98,Arts et lettres,Montreal,H2X,57302,4,29.6,0,Centre,0,False,False,0,27.55526971130281,-2.496721994779918,False,False,0.4616614273707546
C009189,24.18,Sciences sociales,Gaspesie-Iles-de-la-Madeleine,G4X,21679,9,192.7,0,Remote,0,False,False,0,25.474356850431324,-4.577634855651404,False,False,0.5279335167181954
C008358,28.13,Sciences sociales,Bas-Saint-Laurent,G5L,71360,14,292.2,1,Remote,0,False,False,1,30.143443989559835,0.09145228347710699,True,False,0.43380467214034035
C011841,28.78,Sciences sociales,Gaspesie-Iles-de-la-Madeleine,G4X,67924,20,403.1,0,Remote,0,False,False,1,31.656348556514054,1.6043568504313264,False,False,0.531458780408753
C004767,23.86,Arts et lettres,Bas-Saint-Laurent,G5N,107745,14,53.8,1,Remote,0,False,False,0,25.873443989559835,-4.178547716522893,False,False,0.4794512122763156
C011857,28.51,Sciences sociales,Cote-Nord,G5B,50723,16,243.7,0,Remote,0,False,False,1,30.811078845211245,0.7590871391285177,False,False,0.4371743314892808
C012544,29.53,Arts et lettres,Gaspesie-Iles-de-la-Madeleine,G0C,49098,13,177.5,0,Remote,0,False,False,1,31.399626561734134,1.3476348556514068,False,False,0.42081243799975215
C004308,25.91,Sante,Gaspesie-Iles-de-la-Madeleine,G0C,91944,26,127.3,1,Remote,-1,True,True,0,29.64925312346827,-0.4027385826144574,True,False,0.5613128384349728
C013516,29.02,Sciences,Montreal,H8N,69177,12,7.4,0,Centre,0,False,False,1,30.74580913390843,0.693817427825703,False,False,0.4231653696712641
C001347,27.46,Sciences sociales,Bas-Saint-Laurent,G0L,42492,19,217.9,1,Remote,0,False,False,1,30.19253112868835,0.1405394226056238,True,False,0.48693912009671886
C013225,26.07,Sciences sociales,Montreal,H8N,58150,9,3.7,0,Centre,0,False,False,0,27.364356850431324,-2.687634855651403,False,False,0.4526713681359608
C002595,27.91,Arts et lettres,Montreal,H4L,139998,10,18.4,0,Centre,0,False,False,0,29.348174278257027,-0.703817427825701,False,False,0.44771449913463135
C000003,28.32,Arts et lettres,Montreal,H8N,98862,10,40.6,0,Centre,0,False,False,0,29.758174278257027,-0.29381742782570086,True,False,0.4163356537345722
C007523,28.71,Sante,Cote-Nord,G0G,28498,10,194.4,0,Remote,0,False,False,1,30.148174278257027,0.09618257217429971,True,False,0.46254581333619305
C000065,28.36,Sciences,Montreal,H3T,83901,9,32.1,0,Centre,0,False,False,0,29.654356850431324,-0.397634855651404,True,False,0.39364875681178
C002808,20.76,Sciences,Montreal,H2X,41179,9,11.6,1,Centre,0,False,False,0,22.054356850431326,-7.997634855651402,False,False,0.5360948943133451
C009404,28.25,Sante,Bas-Saint-Laurent,G5N,39973,12,101.7,0,Remote,0,False,False,0,29.97580913390843,-0.07618257217429658,True,False,0.4220334696390447
C004196,27.24,Sciences,Capitale-Nationale,G1R,60864,5,27.2,0,Centre,0,False,False,0,27.959087139128513,-2.092904566954214,False,False,0.43218993109546583
C013055,27.36,Genie,Gaspesie-Iles-de-la-Madeleine,G5C,63411,11,217.8,0,Remote,0,False,False,0,28.941991706082728,-1.1099999999999994,False,False,0.40984287050908563
C002910,26.09,Sante,Capitale-Nationale,G1V,44765,9,18.9,1,Centre,0,False,False,0,27.384356850431324,-2.6676348556514036,False,False,0.40778171481258646
C002443,33.68,Genie,Montreal,H2X,36724,7,12.6,0,Centre,0,False,False,1,34.686721994779916,4.634730288697188,False,False,0.5188792374479498
C010149,27.12,Arts et lettres,Bas-Saint-Laurent,G5L,115002,11,436.0,1,Remote,0,False,False,0,28.70199170608273,-1.3499999999999979,False,False,0.5109748659528063
C013797,30.24,Sciences sociales,Montreal,H1A,42186,7,13.7,0,Centre,0,False,False,1,31.246721994779918,1.1947302886971904,False,False,0.4375573276874996
C009587,27.91,Sante,Capitale-Nationale,G2E,35899,10,48.3,0,Centre,0,False,False,0,29.348174278257027,-0.703817427825701,False,False,0.4314148860555162
C009861,29.97,Sante,Montreal,H3T,68676,4,18.4,1,Centre,0,False,False,1,30.545269711302808,0.4932780052200805,True,False,0.4561776371095521
C003597,29.4,Genie,Bas-Saint-Laurent,G5N,65628,14,180.6,0,Remote,0,False,False,1,31.413443989559834,1.3614522834771066,False,False,0.42314245726492195
C000025,30.3,Sciences sociales,Bas-Saint-Laurent,G5N,26456,12,298.1,1,Remote,0,False,False,1,32.02580913390843,1.9738174278257041,False,False,0.49685646991525606
C010148,29.61,Genie,Montreal,H1A,42686,6,19.2,1,Centre,0,False,False,1,30.472904566954217,0.42091286087148916,True,False,0.4352317668799895
C003990,21.77,Arts et lettres,Montreal,H8N,86006,10,22.7,0,Centre,0,False,False,0,23.208174278257026,-6.843817427825702,False,False,0.47503555943567555
C004068,28.34,Genie,Gaspesie-Iles-de-la-Madeleine,G4X,56767,13,167.6,0,Remote,0,False,False,1,30.209626561734133,0.15763485565140556,True,False,0.41433787687086204
C012309,31.43,Arts et lettres,Montreal,H4L,37272,9,6.4,0,Centre,0,False,False,1,32.72435685043132,2.6723651443485927,False,False,0.48061304760991774
C012883,32.65,Arts et lettres,Montreal,H8N,104833,5,55.1,0,Centre,0,False,False,1,33.36908713912851,3.3170954330457825,False,False,0.530623745726443
C001660,29.49,Sante,Capitale-Nationale,G2E,79032,14,13.2,1,Centre,0,False,False,1,31.503443989559834,1.4514522834771064,False,False,0.4387814364638376
C013835,31.1,Sciences sociales,Montreal,H3T,76805,15,6.2,1,Centre,0,False,False,1,33.25726141738554,3.2052697113028152,False,False,0.5053271227674972
C012486,23.65,Sciences sociales,Gaspesie-Iles-de-la-Madeleine,G5C,55245,14,85.9,1,Remote,0,False,False,0,25.663443989559834,-4.388547716522893,False,False,0.4541041555201934
C002953,25.11,Sciences sociales,Montreal,H3T,35479,10,25.7,0,Centre,0,False,False,0,26.548174278257026,-3.5038174278257017,False,False,0.44539026369351786
C003672,31.69,Sciences sociales,Capitale-Nationale,G1V,78199,12,58.3,1,Centre,0,False,False,1,33.41580913390843,3.3638174278257047,False,False,0.4492120826711103
C006175,33.58,Sciences sociales,Bas-Saint-Laurent,G5L,33443,14,139.9,1,Remote,0,False,False,1,35.59344398955984,5.54145228347711,False,False,0.5254400418891555
C002893,31.09,Sante,Montreal,H2X,35745,11,12.2,1,Centre,0,False,False,1,32.67199170608273,2.620000000000001,False,False,0.46582866766686604
C003795,32.13,Sante,Gaspesie-Iles-de-la-Madeleine,G0C,64370,19,442.1,1,Remote,0,False,True,1,34.86253112868835,4.8105394226056255,False,False,0.5708988265102508
C000581,33.89,Genie,Capitale-Nationale,G3A,61805,11,16.3,0,Centre,0,False,False,1,35.47199170608273,5.420000000000005,False,False,0.4781109263160842
C008043,22.64,Sciences,Bas-Saint-Laurent,G0L,31997,15,179.0,1,Remote,0,False,False,0,24.797261417385542,-5.254730288697186,False,False,0.5136079443865077
C000346,25.99,Arts et lettres,Capitale-Nationale,G2E,48276,5,11.6,0,Centre,0,False,False,0,26.709087139128513,-3.342904566954214,False,False,0.45375271647489523
C002533,35.96,Sciences,Bas-Saint-Laurent,G0L,98716,11,48.5,1,Remote,-1,True,True,1,37.54199170608273,7.4900000000000055,False,False,0.5501191858543014
C011784,21.46,Sciences sociales,Cote-Nord,G5B,55989,17,258.0,1,Remote,0,False,False,0,23.904896273036947,-6.147095433045781,False,False,0.5329691011892966
C012912,26.85,Sciences sociales,Gaspesie-Iles-de-la-Madeleine,G5C,43868,11,150.6,0,Remote,0,False,False,0,28.43199170608273,-1.6199999999999974,False,False,0.4185595921847099
C006275,28.58,Sciences,Cote-Nord,G0G,56678,15,114.6,0,Remote,0,False,False,1,30.73726141738554,0.6852697113028121,False,False,0.430626797557627
C009131,26.21,Sante,Bas-Saint-Laurent,G5N,60457,12,176.0,0,Remote,0,False,False,0,27.935809133908432,-2.1161825721742957,False,False,0.41712483713603565
C005049,25.02,Sante,Montreal,H1A,63038,7,15.6,0,Centre,0,False,False,0,26.02672199477992,-4.025269711302808,False,False,0.41665928183563045
C011902,32.92,Genie,Cote-Nord,G5B,41736,17,277.8,0,Remote,0,False,False,1,35.36489627303695,5.31290456695422,False,False,0.5343284102037087
C013185,26.1,Sciences,Capitale-Nationale,G2E,105766,9,41.8,0,Centre,0,False,False,0,27.394356850431326,-2.657634855651402,False,False,0.42230129378438386
C001088,31.09,Genie,Montreal,H4L,81441,9,13.4,0,Centre,0,False,False,1,32.384356850431324,2.3323651443485964,False,False,0.41784220460366395
C011446,28.55,Sante,Gaspesie-Iles-de-la-Madeleine,G0C,85387,18,98.6,0,Remote,0,False,False,1,31.13871370086265,1.0867219947799214,False,False,0.47952769659694056
C013189,26.38,Arts et lettres,Cote-Nord,G5B,21235,13,348.1,0,Remote,0,False,False,0,28.249626561734132,-1.8023651443485953,False,False,0.5153997461001164
C000610,31.21,Sciences sociales,Bas-Saint-Laurent,G5L,37203,19,295.3,1,Remote,0,False,False,1,33.94253112868835,3.890539422605624,False,False,0.5370612507126993
C009912,32.04,Genie,Gaspesie-Iles-de-la-Madeleine,G4X,92950,12,128.6,0,Remote,0,False,False,1,33.765809133908434,3.713817427825706,False,False,0.4734145534433135
C007739,23.45,Genie,Capitale-Nationale,G2E,84443,3,19.0,0,Centre,0,False,False,0,23.881452283477106,-6.170539422605621,False,False,0.5144033603076337
C008044,23.88,Arts et lettres,Cote-Nord,G5B,41669,10,127.6,1,Remote,0,False,False,0,25.318174278257025,-4.733817427825702,False,False,0.45570569496152424
C002823,26.72,Sciences,Montreal,H4L,30569,6,9.0,1,Centre,0,False,False,0,27.582904566954216,-2.4690871391285114,False,False,0.5022631600640816
C003527,32.06,Sciences sociales,Cote-Nord,G0G,30840,14,384.9,0,Remote,0,False,False,1,34.07344398955984,4.021452283477114,False,False,0.5326140403710055
C008716,22.15,Sciences sociales,Capitale-Nationale,G1R,69373,9,15.5,1,Centre,0,False,False,0,23.444356850431323,-6.607634855651405,False,False,0.4661892644157603
C013957,29.53,Sciences,Montreal,H1A,66661,6,5.1,0,Centre,0,False,False,1,30.39290456695422,0.34091286087149086,True,False,0.4502240333834986
C003914,25.29,Genie,Montreal,H1A,61333,7,10.2,0,Centre,0,False,False,0,26.29672199477992,-3.755269711302809,False,False,0.4251161194980309
C000078,30.72,Genie,Bas-Saint-Laurent,G5N,29258,15,511.1,1,Remote,0,False,False,1,32.87726141738554,2.8252697113028127,False,False,0.5413248130313384
C009960,27.79,Genie,Cote-Nord,G5B,63337,16,377.8,1,Remote,0,False,False,1,30.091078845211243,0.03908713912851525,True,False,0.46720884561796855
C010006,30.71,Sante,Montreal,H8N,47473,8,8.0,0,Centre,0,False,False,1,31.860539422605623,1.8085477165228951,False,False,0.44165511875523544
C005012,28.09,Sciences,Gaspesie-Iles-de-la-Madeleine,G0C,22490,13,217.7,0,Remote,0,False,False,0,29.959626561734133,-0.09236514434859444,True,False,0.4878602676170115
C005370,26.04,Genie,Gaspesie-Iles-de-la-Madeleine,G0C,29380,12,164.3,0,Remote,0,False,False,0,27.76580913390843,-2.2861825721742974,False,False,0.4541248459991152
C007693,26.5,Arts et lettres,Capitale-Nationale,G2E,97829,12,2.7,1,Centre,0,False,False,0,28.22580913390843,-1.8261825721742966,False,False,0.4843937322348647
C012423,22.53,Arts et lettres,Cote-Nord,G0G,40215,14,277.4,1,Remote,0,False,False,0,24.543443989559837,-5.508547716522891,False,False,0.49648043056765023
C002248,31.54,Sciences sociales,Bas-Saint-Laurent,G5N,44689,14,222.9,1,Remote,0,False,False,1,33.55344398955984,3.5014522834771107,False,False,0.4615931868950959
C011940,29.96,Sciences sociales,Montreal,H4L,102285,9,9.1,1,Centre,0,False,False,1,31.254356850431325,1.2023651443485974,False,False,0.4254473105925607
C006468,24.81,Sciences sociales,Capitale-Nationale,G1V,79606,8,11.8,0,Centre,0,False,False,0,25.96053942260562,-4.091452283477107,False,False,0.4159446785217524
C003381,29.22,Sciences sociales,Montreal,H1A,41319,8,15.6,0,Centre,0,False,False,1,30.37053942260562,0.31854771652289315,True,False,0.4181907254591681
C009763,29.98,Sante,Capitale-Nationale,G3A,74679,11,24.7,0,Centre,0,False,False,1,31.56199170608273,1.5100000000000016,False,False,0.40044156678776094
C003878,29.91,Genie,Montreal,H1A,44110,10,10.8,0,Centre,0,False,False,1,31.348174278257027,1.296182572174299,False,False,0.4249946699372349
C000884,26.86,Genie,Gaspesie-Iles-de-la-Madeleine,G0C,33202,16,585.5,0,Remote,0,False,False,0,29.161078845211243,-0.8909128608714845,False,False,0.5266233571593857
C005840,22.42,Genie,Capitale-Nationale,G2E,121746,9,18.9,1,Centre,0,False,False,0,23.714356850431326,-6.337634855651402,False,False,0.48926722428049085
C004988,26.75,Sciences,Cote-Nord,G0G,89312,15,316.3,0,Remote,0,False,False,0,28.90726141738554,-1.1447302886971862,False,False,0.4649583529039301
C005821,24.01,Genie,Capitale-Nationale,G3A,113040,8,13.1,1,Centre,0,False,False,0,25.160539422605623,-4.891452283477104,False,False,0.45494087358645435
C013747,28.53,Arts et lettres,Gaspesie-Iles-de-la-Madeleine,G4X,36485,10,196.4,0,Remote,0,False,False,0,29.968174278257028,-0.08381742782570001,True,False,0.432005150516574
C011313,28.26,Sciences,Cote-Nord,G0G,54305,13,207.8,0,Remote,0,False,False,1,30.129626561734135,0.07763485565140726,True,False,0.4147015435690014
C007101,29.18,Genie,Capitale-Nationale,G1R,42888,8,20.8,1,Centre,0,False,False,1,30.33053942260562,0.278547716522894,True,False,0.40662766454788407
C005492,32.98,Arts et lettres,Cote-Nord,G4R,52558,11,157.4,0,Remote,0,False,False,1,34.56199170608273,4.510000000000002,False,False,0.46907464413267175
C012902,26.19,Sciences,Montreal,H4L,62089,3,6.8,0,Centre,0,False,False,0,26.621452283477108,-3.4305394226056194,False,False,0.5108783197993031
C004495,24.21,Arts et lettres,Montreal,H4L,59829,9,29.5,0,Centre,0,False,False,0,25.504356850431325,-4.547634855651403,False,False,0.41908406099995504
C003327,26.84,Arts et lettres,Montreal,H1A,94905,4,23.2,1,Centre,0,False,False,0,27.41526971130281,-2.6367219947799185,False,False,0.46298414393606574
C008413,22.85,Sante,Bas-Saint-Laurent,G5L,55520,12,339.6,0,Remote,0,False,False,0,24.575809133908432,-5.476182572174295,False,False,0.4842178386407148
C013758,32.63,Sante,Montreal,H3T,125714,7,10.0,0,Centre,0,False,False,1,33.63672199477992,3.584730288697191,False,False,0.5082369017999431
C010380,22.72,Sciences,Montreal,H3T,71452,3,2.8,0,Centre,0,False,True,0,23.151452283477106,-6.900539422605622,False,False,0.5808757851176778
C003265,34.59,Genie,Gaspesie-Iles-de-la-Madeleine,G0C,76271,7,158.4,0,Remote,0,False,False,1,35.59672199477992,5.544730288697192,False,False,0.5315730920979349
C008229,31.97,Sante,Montreal,H4L,67553,10,7.7,0,Centre,0,False,False,1,33.40817427825702,3.356182572174294,False,False,0.4518882744709649
C011985,33.56,Sciences,Capitale-Nationale,G1V,83544,9,10.9,0,Centre,0,False,False,1,34.85435685043132,4.802365144348595,False,False,0.47854818592260623
C002746,25.73,Sante,Capitale-Nationale,G2E,73130,8,4.8,0,Centre,0,False,False,0,26.880539422605622,-3.1714522834771053,False,False,0.4425242423999263
C008602,26.19,Genie,Montreal,H1A,128152,9,28.6,0,Centre,0,False,False,0,27.484356850431325,-2.567634855651402,False,False,0.44083691503649
C013496,30.15,Sciences sociales,Cote-Nord,G4R,98499,11,136.9,0,Remote,0,False,False,1,31.731991706082727,1.6799999999999997,False,False,0.4447115844369196
C005341,31.77,Arts et lettres,Montreal,H4L,88415,4,59.4,0,Centre,0,False,False,1,32.34526971130281,2.2932780052200847,False,False,0.5131996028934851
C007891,24.25,Sciences sociales,Bas-Saint-Laurent,G0L,97325,14,80.8,0,Remote,0,False,False,0,26.263443989559836,-3.788547716522892,False,False,0.46359752981321456
C007692,27.57,Sciences,Capitale-Nationale,G2E,43513,6,30.6,0,Centre,0,False,False,0,28.432904566954218,-1.61908713912851,False,False,0.4347410266796291
C003048,30.14,Sciences,Gaspesie-Iles-de-la-Madeleine,G4X,61640,12,299.7,1,Remote,0,False,False,1,31.86580913390843,1.813817427825704,False,False,0.4409089448937888
C013863,23.58,Sciences sociales,Gaspesie-Iles-de-la-Madeleine,G0C,52855,16,166.5,1,Remote,0,False,False,0,25.881078845211242,-4.170912860871486,False,False,0.4703206789446679
C004947,27.32,Sciences sociales,Montreal,H4L,97058,12,18.1,1,Centre,0,False,False,0,29.04580913390843,-1.0061825721742963,False,False,0.41615390809275743
C007172,24.71,Arts et lettres,Capitale-Nationale,G1V,69041,12,36.0,0,Centre,0,False,False,0,26.435809133908432,-3.6161825721742957,False,False,0.4194167559039909
C013469,25.3,Sciences,Montreal,H8N,73115,8,8.4,1,Centre,0,False,False,0,26.450539422605623,-3.601452283477105,False,False,0.42051646004585513
C007924,33.98,Arts et lettres,Capitale-Nationale,G2E,75338,9,17.5,0,Centre,0,False,False,1,35.27435685043132,5.22236514434859,False,False,0.4825682058879398
C001697,21.74,Arts et lettres,Montreal,H8N,54932,7,6.1,0,Centre,0,False,False,0,22.746721994779918,-7.3052697113028096,False,False,0.5071225545322684
C012278,24.46,Sciences,Bas-Saint-Laurent,G5N,70783,14,133.3,0,Remote,0,False,False,0,26.473443989559836,-3.578547716522891,False,False,0.4390654352508443
C009101,25.81,Sciences,Bas-Saint-Laurent,G0L,116525,12,174.8,0,Remote,0,False,False,0,27.53580913390843,-2.516182572174298,False,False,0.4723870959527301
C003595,31.72,Sante,Montreal,H4L,114332,9,25.7,0,Centre,0,False,False,1,33.01435685043132,2.962365144348592,False,False,0.45525813577480423
C000107,27.88,Arts et lettres,Montreal,H4L,94498,9,45.0,0,Centre,0,False,False,0,29.174356850431323,-0.8776348556514044,False,False,0.41343286486501757
C012354,28.17,Sciences sociales,Cote-Nord,G4R,56521,14,196.9,0,Remote,0,False,False,1,30.183443989559837,0.1314522834771097,True,False,0.4194051225297991
C003211,29.04,Arts et lettres,Gaspesie-Iles-de-la-Madeleine,G5C,65123,12,254.0,0,Remote,0,False,False,1,30.76580913390843,0.7138174278257026,False,False,0.42334534140185376
C004864,24.53,Sciences sociales,Cote-Nord,G5B,59491,17,125.0,1,Remote,0,False,False,0,26.974896273036947,-3.0770954330457805,False,False,0.4619421557953271
C002797,27.8,Sciences,Montreal,H1A,97494,9,42.7,0,Centre,0,False,False,0,29.094356850431325,-0.9576348556514027,False,False,0.4143680755056893
C011447,27.23,Sante,Cote-Nord,G4R,44179,18,203.2,0,Remote,0,False,False,0,29.81871370086265,-0.2332780052200789,True,False,0.4677124960614059
C000917,25.67,Genie,Gaspesie-Iles-de-la-Madeleine,G0C,43754,10,379.6,1,Remote,0,False,False,0,27.108174278257028,-2.9438174278256994,False,False,0.4605555787324147
C012492,29.0,Arts et lettres,Montreal,H3T,44185,3,26.9,0,Centre,0,False,False,0,29.431452283477107,-0.6205394226056207,False,False,0.49825201642279804
C007679,22.79,Arts et lettres,Gaspesie-Iles-de-la-Madeleine,G4X,39987,16,145.0,1,Remote,0,False,False,0,25.091078845211243,-4.960912860871485,False,False,0.5005170943064161
C004967,26.36,Genie,Bas-Saint-Laurent,G5L,33075,14,206.2,0,Remote,0,False,False,0,28.373443989559835,-1.6785477165228926,False,False,0.4397068221483069
C008803,29.41,Genie,Bas-Saint-Laurent,G5L,34903,12,134.9,1,Remote,0,False,False,1,31.13580913390843,1.0838174278257036,False,False,0.4317812246776932
C007195,24.64,Sante,Cote-Nord,G0G,44055,16,97.6,0,Remote,0,False,False,0,26.941078845211244,-3.1109128608714833,False,False,0.46385356578521003
C013010,23.46,Arts et lettres,Montreal,H8N,43381,4,36.4,0,Centre,0,False,False,0,24.03526971130281,-6.0167219947799175,False,False,0.5204763241795967
C007682,27.05,Genie,Bas-Saint-Laurent,G0L,113694,13,194.2,0,Remote,0,False,False,0,28.919626561734134,-1.1323651443485936,False,False,0.4669254755784082
C000552,25.58,Sciences,Montreal,H4L,64805,4,14.3,0,Centre,0,False,False,0,26.155269711302807,-3.89672199477992,False,False,0.46538364598070187
C012880,29.84,Sante,Montreal,H2X,135623,10,15.2,0,Centre,0,False,False,1,31.278174278257026,1.2261825721742987,False,False,0.4522785844650468
C006475,24.05,Sciences sociales,Montreal,H1A,84472,10,44.1,0,Centre,0,False,False,0,25.488174278257027,-4.5638174278257,False,False,0.4392754509263437
C000043,31.77,Sciences,Capitale-Nationale,G3A,57953,9,24.2,0,Centre,0,False,False,1,33.064356850431324,3.012365144348596,False,False,0.4220036933986519
C001809,26.78,Arts et lettres,Capitale-Nationale,G2E,51860,11,6.2,0,Centre,0,False,False,0,28.36199170608273,-1.6899999999999977,False,False,0.43346210010263164
C007115,21.71,Genie,Bas-Saint-Laurent,G5N,36308,18,160.3,0,Remote,0,False,False,0,24.29871370086265,-5.7532780052200785,False,False,0.5458891869203037
C010898,29.95,Sante,Gaspesie-Iles-de-la-Madeleine,G5C,65493,13,294.3,0,Remote,0,False,False,1,31.819626561734133,1.767634855651405,False,False,0.439039241401158
C008792,25.78,Genie,Cote-Nord,G5B,65343,10,110.0,1,Remote,0,False,False,0,27.218174278257028,-2.8338174278257,False,False,0.4153168455192445
C006576,29.83,Sante,Capitale-Nationale,G1V,49292,9,23.8,0,Centre,0,False,False,1,31.124356850431322,1.0723651443485949,False,False,0.4011639825387641
C000478,30.72,Genie,Montreal,H4L,81938,14,46.5,0,Centre,0,False,False,1,32.73344398955984,2.6814522834771104,False,False,0.4523532929914013
C001688,22.82,Sciences,Gaspesie-Iles-de-la-Madeleine,G0C,75545,11,284.1,0,Remote,0,False,False,0,24.40199170608273,-5.649999999999999,False,False,0.4872628108317695
C008598,28.74,Arts et lettres,Capitale-Nationale,G2E,56359,9,5.4,1,Centre,0,False,False,0,30.034356850431323,-0.01763485565140499,True,False,0.42535301800316117
C004236,26.88,Sciences sociales,Cote-Nord,G0G,38786,18,267.5,1,Remote,0,False,False,0,29.468713700862647,-0.5832780052200803,False,False,0.47911713072880996
C011420,23.63,Arts et lettres,Gaspesie-Iles-de-la-Madeleine,G5C,32618,9,251.1,1,Remote,0,False,False,0,24.924356850431323,-5.127634855651404,False,False,0.4906992886943479
C011540,28.31,Sciences sociales,Capitale-Nationale,G1V,162476,7,27.1,0,Centre,0,False,False,0,29.31672199477992,-0.7352697113028093,False,False,0.4841507825746563
C001942,24.77,Sciences,Capitale-Nationale,G1V,35327,10,21.7,0,Centre,0,False,False,0,26.208174278257026,-3.8438174278257016,False,False,0.44707861938077037
C010818,29.8,Sante,Capitale-Nationale,G3A,89501,4,29.4,1,Centre,0,False,False,1,30.37526971130281,0.3232780052200823,True,False,0.4661672102483302
C010663,36.1,Genie,Capitale-Nationale,G1R,76636,10,30.2,1,Centre,0,False,False,1,37.53817427825703,7.486182572174304,False,False,0.5243506446658517
C011516,26.64,Genie,Montreal,H8N,130967,8,7.0,0,Centre,0,False,False,0,27.790539422605622,-2.261452283477105,False,False,0.46800325187608344
C004263,20.96,Genie,Capitale-Nationale,G3A,56604,4,20.6,0,Centre,0,False,False,0,21.53526971130281,-8.516721994779918,False,False,0.5470594670172245
C009969,26.1,Sciences,Gaspesie-Iles-de-la-Madeleine,G4X,109843,10,193.5,0,Remote,0,False,False,0,27.538174278257028,-2.5138174278256997,False,False,0.45678397712768276
C005420,25.2,Sciences,Gaspesie-Iles-de-la-Madeleine,G0C,48962,9,265.3,1,Remote,0,False,False,0,26.494356850431323,-3.557634855651404,False,False,0.45036863520977
C007828,30.63,Sciences sociales,Montreal,H3T,79130,7,5.0,0,Centre,0,False,False,1,31.63672199477992,1.584730288697191,False,False,0.45218332778583226
C003420,32.09,Sciences sociales,Montreal,H4L,50149,5,6.2,1,Centre,0,False,False,1,32.809087139128515,2.7570954330457873,False,False,0.5140802478531105
C004531,26.28,Genie,Gaspesie-Iles-de-la-Madeleine,G4X,90251,12,257.3,1,Remote,0,False,False,0,28.005809133908432,-2.0461825721742954,False,False,0.44779656441578214
C013175,30.3,Sante,Bas-Saint-Laurent,G5L,38430,12,190.4,1,Remote,0,False,False,1,32.02580913390843,1.9738174278257041,False,False,0.4426249028778066
C002444,32.32,Genie,Montreal,H3T,50171,12,11.9,0,Centre,0,False,False,1,34.045809133908435,3.9938174278257073,False,False,0.4634164299044159
C000222,28.33,Sciences,Capitale-Nationale,G3A,74166,12,10.0,1,Centre,0,False,False,1,30.05580913390843,0.0038174278257017136,True,False,0.4154248682175589
C006990,25.91,Arts et lettres,Capitale-Nationale,G1V,108165,13,11.2,0,Centre,0,False,False,0,27.779626561734133,-2.272365144348594,False,False,0.4507092534354814
C004002,30.39,Sciences sociales,Montreal,H8N,52537,12,12.3,1,Centre,0,False,False,1,32.115809133908435,2.0638174278257075,False,False,0.42184526183750787
C005596,25.78,Arts et lettres,Capitale-Nationale,G3A,79415,8,27.5,0,Centre,0,False,False,0,26.930539422605623,-3.1214522834771046,False,False,0.3995367265831443
C009643,28.06,Genie,Montreal,H2X,52867,10,13.7,0,Centre,0,False,False,0,29.498174278257025,-0.5538174278257024,False,False,0.40083000051270073
C003718,21.83,Arts et lettres,Montreal,H2X,28687,5,16.0,0,Centre,0,False,True,0,22.54908713912851,-7.502904566954218,False,False,0.5712672395110807
C011217,27.63,Sciences,Gaspesie-Iles-de-la-Madeleine,G0C,15649,11,52.2,0,Remote,-1,True,False,0,29.211991706082728,-0.8399999999999999,False,False,0.5344583435456047
C012710,30.51,Arts et lettres,Gaspesie-Iles-de-la-Madeleine,G0C,44101,14,272.0,0,Remote,0,False,False,1,32.52344398955984,2.4714522834771095,False,False,0.4543516373009004
C005867,31.39,Sciences,Bas-Saint-Laurent,G5N,96795,23,145.5,0,Remote,-1,True,True,1,34.69780083999116,4.645809133908433,False,False,0.5859268172990769
C009406,31.67,Genie,Montreal,H3T,47398,7,40.1,0,Centre,0,False,False,1,32.67672199477992,2.62473028869719,False,False,0.44927259179720747
C004210,28.19,Arts et lettres,Capitale-Nationale,G2E,82598,11,14.0,1,Centre,0,False,False,0,29.77199170608273,-0.2799999999999976,True,False,0.4026938116904423
C010627,32.48,Sciences,Capitale-Nationale,G3A,67440,11,24.2,0,Centre,0,False,False,1,34.06199170608273,4.010000000000002,False,False,0.4402135451619779
C003368,29.24,Sciences,Montreal,H2X,49706,9,19.8,0,Centre,0,False,False,1,30.534356850431323,0.482365144348595,True,False,0.39355634967052344
C013231,30.72,Genie,Capitale-Nationale,G1R,109864,11,4.9,0,Centre,0,False,False,1,32.30199170608273,2.2500000000000036,False,False,0.4790404917228301
C009672,19.85,Sciences sociales,Capitale-Nationale,G2E,48862,7,6.6,0,Centre,0,False,True,0,20.85672199477992,-9.195269711302807,False,False,0.5587796711839316
C002288,31.83,Arts et lettres,Capitale-Nationale,G1V,68194,15,7.8,1,Centre,0,False,False,1,33.98726141738554,3.935269711302812,False,False,0.5070420464925753
C007263,26.74,Sciences,Gaspesie-Iles-de-la-Madeleine,G0C,34216,20,161.3,0,Remote,0,False,False,0,29.61634855651405,-0.43564314956867634,True,False,0.5118698262554964
C013291,26.27,Genie,Montreal,H4L,42748,10,23.9,1,Centre,0,False,False,0,27.708174278257026,-2.3438174278257016,False,False,0.4137938231638655
C006101,35.52,Sante,Montreal,H8N,131679,12,3.2,1,Centre,-1,True,True,1,37.24580913390844,7.19381742782571,False,False,0.6066210231570904
C000775,25.26,Sciences sociales,Montreal,H8N,52093,8,44.0,0,Centre,0,False,False,0,26.410539422605623,-3.641452283477104,False,False,0.42687535594116394
C010900,30.71,Sciences sociales,Cote-Nord,G0G,70291,12,116.9,0,Remote,0,False,False,1,32.435809133908435,2.383817427825708,False,False,0.42996435480143136
C012662,27.04,Sciences sociales,Montreal,H8N,47564,9,6.9,0,Centre,0,False,False,0,28.334356850431323,-1.7176348556514043,False,False,0.42817130515171536
C002484,27.84,Sciences sociales,Capitale-Nationale,G1R,78729,10,30.9,0,Centre,0,False,False,0,29.278174278257026,-0.7738174278257013,False,False,0.3926686418022502
C003340,22.97,Arts et lettres,Bas-Saint-Laurent,G5N,40404,10,165.2,1,Remote,0,False,False,0,24.408174278257025,-5.643817427825702,False,False,0.4752591248876058
C000483,29.53,Arts et lettres,Bas-Saint-Laurent,G5L,80194,13,240.4,0,Remote,0,False,False,1,31.399626561734134,1.3476348556514068,False,False,0.43658026509078174
C007205,27.34,Arts et lettres,Gaspesie-Iles-de-la-Madeleine,G5C,30231,10,214.6,1,Remote,0,False,False,0,28.778174278257026,-1.2738174278257013,False,False,0.44905038004657993
C001609,27.7,Sante,Capitale-Nationale,G1R,93305,9,23.6,1,Centre,0,False,False,0,28.994356850431323,-1.0576348556514041,False,False,0.3947313441113067
C006616,25.2,Genie,Bas-Saint-Laurent,G5L,37940,10,253.4,1,Remote,0,False,False,0,26.638174278257026,-3.413817427825702,False,False,0.45281620242389603
C007675,34.14,Sante,Gaspesie-Iles-de-la-Madeleine,G4X,48111,15,159.6,1,Remote,0,False,False,1,36.29726141738554,6.245269711302814,False,False,0.5231992592863434
C006167,27.04,Genie,Montreal,H4L,68118,11,4.1,1,Centre,0,False,False,0,28.621991706082728,-1.4299999999999997,False,False,0.4423819429564475
C003410,28.84,Sciences,Capitale-Nationale,G3A,65271,9,34.4,0,Centre,0,False,False,1,30.134356850431324,0.08236514434859643,True,False,0.3923652891751258
C003451,25.1,Arts et lettres,Gaspesie-Iles-de-la-Madeleine,G5C,55024,10,262.1,0,Remote,0,False,False,0,26.538174278257028,-3.5138174278256997,False,False,0.43941285076326947
C001903,27.87,Sciences sociales,Montreal,H3T,85288,10,28.1,0,Centre,0,False,False,0,29.308174278257027,-0.7438174278257002,False,False,0.3955152737774918
C011960,31.28,Sante,Montreal,H4L,53432,7,16.8,0,Centre,0,False,False,1,32.28672199477992,2.2347302886971896,False,False,0.42688488834655297
C009749,20.49,Sciences,Bas-Saint-Laurent,G0L,67030,17,65.3,1,Remote,-1,True,True,0,22.934896273036944,-7.117095433045783,False,False,0.5588410067116393
C000194,29.04,Sante,Capitale-Nationale,G1R,27636,8,62.4,1,Centre,0,False,False,1,30.19053942260562,0.13854771652289344,True,False,0.47694527014939103
C008750,31.6,Sciences sociales,Capitale-Nationale,G1V,74376,7,25.9,0,Centre,0,False,False,1,32.60672199477992,2.55473028869719,False,False,0.43006685603104655
C009810,29.88,Arts et lettres,Montreal,H8N,33212,9,18.4,0,Centre,0,False,False,1,31.174356850431323,1.1223651443485956,False,False,0.4421192928053918
C008937,29.06,Sciences,Cote-Nord,G4R,47095,15,294.0,0,Remote,0,False,False,1,31.217261417385537,1.165269711302809,False,False,0.4447418960420593
C004475,27.01,Sciences,Montreal,H1A,177466,10,31.9,1,Centre,0,False,False,0,28.448174278257028,-1.6038174278256996,False,False,0.5105729932394344
C011128,32.33,Genie,Montreal,H1A,134805,11,24.3,0,Centre,0,False,False,1,33.91199170608273,3.860000000000003,False,False,0.4914550106110831
C013141,28.87,Sciences sociales,Montreal,H2X,74358,12,23.4,0,Centre,0,False,False,1,30.595809133908432,0.5438174278257044,False,False,0.39987162977442126
C007291,25.64,Sciences,Montreal,H2X,120572,9,29.1,0,Centre,0,False,False,0,26.934356850431325,-3.117634855651403,False,False,0.4353819297392173
C005146,32.28,Genie,Montreal,H8N,50142,10,13.0,1,Centre,0,False,False,1,33.718174278257024,3.6661825721742964,False,False,0.4504368255430476
C006894,28.57,Genie,Capitale-Nationale,G2E,70933,8,46.6,0,Centre,0,False,False,0,29.720539422605622,-0.3314522834771054,True,False,0.41057182645680945
C009386,27.67,Sciences sociales,Montreal,H8N,86570,9,28.9,0,Centre,0,False,False,0,28.964356850431326,-1.0876348556514017,False,False,0.39201747504114137
C002307,27.95,Genie,Cote-Nord,G0G,78222,11,74.1,1,Remote,0,False,False,0,29.531991706082728,-0.5199999999999996,False,False,0.41515639510344227
C007498,24.35,Sante,Cote-Nord,G5B,82034,9,279.5,0,Remote,0,False,False,0,25.644356850431326,-4.407634855651402,False,False,0.4729582258491359
C003082,26.92,Arts et lettres,Montreal,H8N,176372,6,6.2,1,Centre,0,False,False,0,27.78290456695422,-2.2690871391285086,False,False,0.5391759952312646
C011318,23.84,Sciences,Montreal,H8N,47884,7,2.7,0,Centre,0,False,False,0,24.84672199477992,-5.205269711302808,False,False,0.5102519425450422
C011354,27.53,Genie,Capitale-Nationale,G1V,40378,8,49.7,0,Centre,0,False,False,0,28.680539422605623,-1.3714522834771046,False,False,0.424618395283957
C003704,24.17,Genie,Cote-Nord,G5B,104774,17,141.7,1,Remote,0,False,False,0,26.614896273036948,-3.43709543304578,False,False,0.5003598604633825
C012589,19.96,Arts et lettres,Montreal,H2X,83214,8,18.2,0,Centre,0,False,False,0,21.110539422605623,-8.941452283477105,False,False,0.5286503728428072
C004416,31.77,Genie,Montreal,H2X,126939,10,4.5,0,Centre,0,False,False,1,33.208174278257026,3.1561825721742984,False,False,0.5178592533827958
C006233,27.57,Genie,Montreal,H8N,85511,7,25.4,0,Centre,0,False,False,0,28.57672199477992,-1.4752697113028077,False,False,0.39979932738538604
C000040,29.32,Sante,Gaspesie-Iles-de-la-Madeleine,G0C,82049,18,194.6,1,Remote,0,False,False,1,31.90871370086265,1.856721994779921,False,False,0.484442380141824
C006074,29.12,Sciences,Capitale-Nationale,G1V,57798,12,19.7,1,Centre,0,False,False,1,30.845809133908432,0.7938174278257044,False,False,0.3993365492026091
C006751,23.36,Arts et lettres,Gaspesie-Iles-de-la-Madeleine,G0C,36621,10,326.9,1,Remote,0,False,False,0,24.798174278257026,-5.253817427825702,False,False,0.49449002007987397
C008310,26.92,Sante,Gaspesie-Iles-de-la-Madeleine,G4X,54585,13,260.0,1,Remote,0,False,False,0,28.789626561734135,-1.2623651443485926,False,False,0.42000184219609554
C011129,27.25,Sante,Gaspesie-Iles-de-la-Madeleine,G5C,32075,11,119.6,0,Remote,0,False,False,0,28.83199170608273,-1.2199999999999989,False,False,0.4357092505801662
C004546,35.1,Genie,Bas-Saint-Laurent,G5L,37022,9,316.4,1,Remote,-1,True,True,1,36.39435685043132,6.342365144348594,False,False,0.5685633126681485
C002379,26.48,Genie,Capitale-Nationale,G3A,111999,5,14.3,0,Centre,0,False,False,0,27.199087139128515,-2.852904566954212,False,False,0.45928045748880586
C007041,23.1,Arts et lettres,Gaspesie-Iles-de-la-Madeleine,G0C,134421,18,291.4,0,Remote,0,False,True,0,25.68871370086265,-4.363278005220078,False,False,0.5828604341155937
C000546,31.04,Arts et lettres,Bas-Saint-Laurent,G5N,54018,10,203.3,0,Remote,0,False,False,1,32.47817427825703,2.4261825721743016,False,False,0.43862808188632835
C008657,31.93,Sante,Montreal,H3T,75629,8,9.0,0,Centre,0,False,False,1,33.08053942260562,3.0285477165228905,False,False,0.44808879184315736
C009285,25.63,Sciences sociales,Montreal,H4L,53319,10,30.0,0,Centre,0,False,False,0,27.068174278257025,-2.983817427825702,False,False,0.40395049409425654
C000006,29.85,Sciences,Montreal,H4L,52828,7,7.3,1,Centre,0,False,False,1,30.85672199477992,0.8047302886971934,False,False,0.43610212106240165
C009863,26.15,Genie,Montreal,H3T,136428,11,44.8,0,Centre,0,False,False,0,27.731991706082727,-2.3200000000000003,False,False,0.46980900293951666
C004814,27.15,Genie,Bas-Saint-Laurent,G5N,61522,10,126.2,0,Remote,0,False,False,0,28.588174278257025,-1.4638174278257026,False,False,0.4106572327575781
C012675,33.07,Sciences sociales,Cote-Nord,G4R,31955,10,97.9,1,Remote,0,False,False,1,34.50817427825703,4.456182572174303,False,False,0.5162580280237393
C011292,23.09,Arts et lettres,Bas-Saint-Laurent,G5N,46371,14,160.0,1,Remote,0,False,False,0,25.103443989559835,-4.948547716522892,False,False,0.4629744918697757
C008444,30.19,Genie,Cote-Nord,G5B,19210,17,104.5,0,Remote,-1,True,True,1,32.634896273036944,2.582904566954216,False,False,0.5634433780578133
C013144,27.14,Sciences,Cote-Nord,G4R,36201,17,275.8,0,Remote,0,False,False,0,29.584896273036946,-0.46709543304578105,True,False,0.4683756825482893
C007455,28.28,Sante,Montreal,H4L,75562,10,27.2,0,Centre,0,False,False,0,29.718174278257028,-0.3338174278257,True,False,0.39146491992908966
C011037,27.4,Sciences sociales,Bas-Saint-Laurent,G5L,100526,12,786.4,1,Remote,0,False,False,0,29.12580913390843,-0.926182572174298,False,False,0.5137794498407273
C003835,27.39,Arts et lettres,Gaspesie-Iles-de-la-Madeleine,G0C,58180,15,155.5,1,Remote,0,False,False,0,29.547261417385542,-0.5047302886971856,False,False,0.4245060384575353
C006196,29.27,Genie,Capitale-Nationale,G1V,42733,11,19.7,1,Centre,0,False,False,1,30.85199170608273,0.8000000000000007,False,False,0.4087155368770883
C000291,27.68,Genie,Montreal,H1A,120959,7,25.4,0,Centre,0,False,False,0,28.68672199477992,-1.3652697113028083,False,False,0.43350850244849803
C005307,26.43,Genie,Capitale-Nationale,G3A,108705,8,14.1,0,Centre,0,False,False,0,27.58053942260562,-2.471452283477106,False,False,0.41816773949667585
C009157,33.56,Sciences sociales,Montreal,H4L,182380,10,27.7,0,Centre,0,False,True,1,34.998174278257025,4.946182572174298,False,False,0.5662979436292844
C007055,33.71,Genie,Montreal,H1A,56188,7,13.4,0,Centre,0,False,False,1,34.71672199477992,4.664730288697189,False,False,0.4864303090777366
C008375,31.75,Sciences,Montreal,H1A,69461,12,12.1,0,Centre,0,False,False,1,33.475809133908434,3.423817427825707,False,False,0.4438981881944982
C001432,34.98,Genie,Montreal,H8N,52519,12,26.9,1,Centre,0,False,False,1,36.70580913390843,6.653817427825704,False,False,0.5194802975974178
C002491,23.75,Sciences,Cote-Nord,G4R,115306,10,302.8,1,Remote,0,False,False,0,25.188174278257026,-4.863817427825701,False,False,0.5136221934846207
C000695,31.45,Sciences sociales,Montreal,H4L,55159,5,20.0,0,Centre,0,False,False,1,32.169087139128514,2.1170954330457867,False,False,0.4618120849717603
C012442,25.75,Genie,Bas-Saint-Laurent,G5L,29997,11,236.1,1,Remote,0,False,False,0,27.33199170608273,-2.719999999999999,False,False,0.45740246520003963
C005648,25.81,Sciences sociales,Gaspesie-Iles-de-la-Madeleine,G0C,38929,15,464.5,0,Remote,0,False,False,0,27.967261417385537,-2.084730288697191,False,False,0.4950093116634095
C005257,29.83,Sante,Montreal,H4L,41461,7,6.0,0,Centre,0,False,False,1,30.836721994779918,0.7847302886971903,False,False,0.4653394237006141
C011878,28.88,Genie,Capitale-Nationale,G1R,76166,7,9.4,1,Centre,0,False,False,0,29.88672199477992,-0.16526971130280899,True,False,0.4126691406222945
C011708,26.2,Arts et lettres,Capitale-Nationale,G1R,102927,6,21.0,0,Centre,0,False,False,0,27.062904566954217,-2.989087139128511,False,False,0.4302961385573707
C013329,23.12,Sciences sociales,Montreal,H4L,90647,10,28.4,0,Centre,0,False,False,0,24.558174278257027,-5.4938174278257,False,False,0.4473374891527667
C008801,32.06,Sciences,Montreal,H2X,65221,10,40.5,0,Centre,0,False,False,1,33.498174278257025,3.4461825721742976,False,False,0.43308562939663986
C001907,27.1,Sante,Montreal,H1A,62631,13,23.8,0,Centre,0,False,False,0,28.969626561734135,-1.0823651443485929,False,False,0.4091709552917778
C000131,26.57,Sciences,Capitale-Nationale,G2E,66372,11,17.1,0,Centre,0,False,False,0,28.15199170608273,-1.8999999999999986,False,False,0.40080250073484763
C013729,27.63,Arts et lettres,Bas-Saint-Laurent,G5N,86679,13,124.3,0,Remote,0,False,False,0,29.499626561734132,-0.5523651443485953,False,False,0.42763957354562354
C007122,25.69,Genie,Gaspesie-Iles-de-la-Madeleine,G5C,19631,8,153.9,1,Remote,0,False,False,0,26.840539422605623,-3.2114522834771044,False,False,0.5290450976356321
C010216,28.55,Arts et lettres,Bas-Saint-Laurent,G5L,34203,12,283.3,1,Remote,0,False,False,1,30.27580913390843,0.22381742782570413,True,False,0.4467586491846695
C010823,24.97,Sante,Bas-Saint-Laurent,G5N,69852,15,70.2,0,Remote,0,False,False,0,27.12726141738554,-2.9247302886971873,False,False,0.45015899391766906
C007572,27.02,Arts et lettres,Montreal,H2X,149041,5,9.1,1,Centre,0,False,False,0,27.739087139128515,-2.312904566954213,False,False,0.49827370053767434
C004855,24.39,Arts et lettres,Montreal,H3T,42658,5,13.3,1,Centre,0,False,False,0,25.109087139128512,-4.9429045669542155,False,False,0.48408180049601773
C006513,33.45,Sciences sociales,Gaspesie-Iles-de-la-Madeleine,G5C,95829,12,232.6,0,Remote,0,False,False,1,35.17580913390844,5.12381742782571,False,False,0.5126066347227586
C010985,25.36,Genie,Montreal,H2X,56968,9,16.4,0,Centre,0,False,False,0,26.654356850431324,-3.397634855651404,False,False,0.4093377312402778
C011225,31.39,Genie,Montreal,H4L,41208,12,58.8,0,Centre,0,False,False,1,33.115809133908435,3.0638174278257075,False,False,0.45139808344488946
C010843,26.58,Arts et lettres,Montreal,H4L,104194,10,20.3,1,Centre,0,False,False,0,28.018174278257025,-2.033817427825703,False,False,0.40799511488986573
C010556,26.12,Genie,Montreal,H1A,51849,8,15.7,1,Centre,0,False,False,0,27.270539422605623,-2.7814522834771047,False,False,0.4072361362563298
C010108,31.62,Genie,Montreal,H3T,82010,8,6.9,0,Centre,0,False,False,1,32.77053942260562,2.7185477165228953,False,False,0.4510664038150288
C013241,28.01,Sciences sociales,Cote-Nord,G5B,73296,15,118.7,1,Remote,0,False,False,1,30.16726141738554,0.11526971130281183,True,False,0.4340701567432891
C006263,32.94,Arts et lettres,Capitale-Nationale,G1R,92805,18,14.9,1,Centre,-1,True,True,1,35.528713700862646,5.476721994779918,False,False,0.5540217294844636
C005521,24.92,Arts et lettres,Montreal,H4L,72950,5,7.5,1,Centre,0,False,False,0,25.639087139128513,-4.412904566954214,False,False,0.46441857079370863
C000999,23.5,Sciences sociales,Cote-Nord,G0G,21534,15,259.1,1,Remote,0,False,False,0,25.65726141738554,-4.394730288697186,False,False,0.5469523067300776
C005102,26.66,Arts et lettres,Montreal,H4L,102514,10,9.0,0,Centre,0,False,False,0,28.098174278257027,-1.953817427825701,False,False,0.4248819062905491
C008187,34.66,Genie,Montreal,H2X,111491,9,16.4,0,Centre,0,False,False,1,35.95435685043132,5.90236514434859,False,False,0.5227622388493015
C009832,23.1,Sciences sociales,Gaspesie-Iles-de-la-Madeleine,G5C,51076,16,224.0,1,Remote,0,False,False,0,25.401078845211245,-4.6509128608714825,False,False,0.4826500076457323
C000912,32.16,Arts et lettres,Montreal,H4L,72706,6,12.5,1,Centre,0,False,False,1,33.02290456695421,2.9709128608714828,False,False,0.4590806157036409
C011571,23.31,Arts et lettres,Montreal,H8N,65399,7,40.9,0,Centre,0,False,False,0,24.31672199477992,-5.735269711302809,False,False,0.44705690353918043
C007820,27.28,Genie,Montreal,H3T,51583,5,3.8,0,Centre,0,False,False,0,27.999087139128513,-2.052904566954215,False,False,0.48965478154330355
C012241,30.44,Arts et lettres,Montreal,H1A,47274,11,10.5,0,Centre,0,False,False,1,32.02199170608273,1.9700000000000024,False,False,0.426476430994003
C010204,28.41,Sante,Gaspesie-Iles-de-la-Madeleine,G5C,31495,8,310.9,0,Remote,0,False,False,0,29.560539422605622,-0.49145228347710557,True,False,0.48668151908689394
C002684,23.22,Sante,Gaspesie-Iles-de-la-Madeleine,G4X,47222,17,280.2,1,Remote,0,False,False,0,25.664896273036945,-4.387095433045783,False,False,0.5011613568752138
C005022,29.66,Sciences,Montreal,H2X,51615,5,23.0,0,Centre,0,False,False,1,30.379087139128515,0.3270954330457876,True,False,0.4405351437146646
C001879,28.93,Sante,Capitale-Nationale,G1R,51725,12,45.9,0,Centre,0,False,False,1,30.65580913390843,0.6038174278257031,False,False,0.41467747472047056
C005439,23.33,Sante,Capitale-Nationale,G1V,76176,9,26.0,0,Centre,0,False,False,0,24.624356850431322,-5.427634855651405,False,False,0.4314773524402213
C006791,30.35,Sciences,Montreal,H8N,43492,10,27.7,1,Centre,0,False,False,1,31.788174278257028,1.7361825721743003,False,False,0.41759232044716577
C006942,30.47,Arts et lettres,Bas-Saint-Laurent,G5N,30225,12,248.8,0,Remote,0,False,False,1,32.19580913390843,2.143817427825706,False,False,0.4669267910105291
C006795,29.69,Sante,Gaspesie-Iles-de-la-Madeleine,G5C,30638,11,176.0,0,Remote,0,False,False,1,31.27199170608273,1.2200000000000024,False,False,0.4510301531768661
C011323,28.14,Arts et lettres,Capitale-Nationale,G1V,57186,7,25.4,0,Centre,0,False,False,0,29.14672199477992,-0.9052697113028074,False,False,0.39993989167762206
C010448,27.33,Arts et lettres,Capitale-Nationale,G2E,164804,13,12.8,1,Centre,0,False,False,0,29.19962656173413,-0.852365144348596,False,False,0.5136984077338782
C003084,29.18,Sante,Gaspesie-Iles-de-la-Madeleine,G0C,22348,16,277.1,0,Remote,0,False,False,1,31.481078845211243,1.4290871391285158,False,False,0.5212829322039959
C009054,29.64,Genie,Bas-Saint-Laurent,G5L,54297,11,254.0,0,Remote,0,False,False,1,31.22199170608273,1.1700000000000017,False,False,0.4269398962874129
C005691,23.2,Sciences sociales,Gaspesie-Iles-de-la-Madeleine,G0C,41117,10,341.7,0,Remote,0,False,False,0,24.638174278257026,-5.413817427825702,False,False,0.4920583414077305
C001168,29.54,Arts et lettres,Gaspesie-Iles-de-la-Madeleine,G4X,63631,7,347.5,1,Remote,0,False,False,1,30.54672199477992,0.49473028869719116,True,False,0.4803780327282182
C011140,28.04,Sciences,Capitale-Nationale,G3A,58698,8,19.9,0,Centre,0,False,False,0,29.19053942260562,-0.8614522834771066,False,False,0.3907269725655475
C003781,27.63,Genie,Gaspesie-Iles-de-la-Madeleine,G0C,100281,17,214.9,0,Remote,0,False,False,1,30.074896273036945,0.022904566954217387,True,False,0.47559459810164617
C012927,25.57,Sciences sociales,Montreal,H8N,127616,10,27.6,0,Centre,0,False,False,0,27.008174278257027,-3.043817427825701,False,False,0.44900993313990234
C003719,29.71,Sciences,Bas-Saint-Laurent,G5L,94593,12,137.7,0,Remote,0,False,False,1,31.435809133908432,1.3838174278257043,False,False,0.4368744457575226
C012087,24.74,Sciences sociales,Bas-Saint-Laurent,G5L,122845,18,273.9,1,Remote,0,False,False,0,27.328713700862647,-2.723278005220081,False,False,0.5432025196893445
C011970,25.5,Genie,Montreal,H3T,147621,5,3.7,0,Centre,0,False,False,0,26.21908713912851,-3.832904566954216,False,False,0.5416751709239869
C010954,31.64,Sciences sociales,Cote-Nord,G0G,35126,14,91.5,0,Remote,0,False,False,1,33.65344398955984,3.601452283477112,False,False,0.48206991873362287
C009482,24.5,Genie,Gaspesie-Iles-de-la-Madeleine,G4X,60350,15,367.1,1,Remote,0,False,False,0,26.65726141738554,-3.394730288697186,False,False,0.4697833171273521
C000734,28.55,Arts et lettres,Capitale-Nationale,G1R,72730,10,31.0,0,Centre,0,False,False,0,29.988174278257027,-0.06381742782570043,True,False,0.39226095637303016
C007669,35.66,Sante,Gaspesie-Iles-de-la-Madeleine,G4X,33196,16,165.7,0,Remote,0,False,True,1,37.96107884521124,7.909087139128513,False,False,0.5737227970308737
C002102,26.46,Sciences sociales,Capitale-Nationale,G3A,140243,8,45.1,0,Centre,0,False,False,0,27.610539422605623,-2.441452283477105,False,False,0.46593400487727316
C012626,27.99,Sciences,Montreal,H4L,71119,11,8.3,0,Centre,0,False,False,0,29.571991706082727,-0.4800000000000004,True,False,0.41348524116322893
C003864,33.47,Sciences,Montreal,H1A,170952,10,27.1,1,Centre,0,False,True,1,34.90817427825702,4.856182572174294,False,False,0.5603133693770346
C013817,24.91,Sciences sociales,Montreal,H3T,70185,11,30.8,0,Centre,0,False,False,0,26.49199170608273,-3.5599999999999987,False,False,0.41440952627667943
C001124,26.79,Sciences sociales,Gaspesie-Iles-de-la-Madeleine,G5C,93940,11,282.3,0,Remote,0,False,False,0,28.371991706082728,-1.6799999999999997,False,False,0.45501789351327504
C005981,29.66,Sciences,Montreal,H4L,75151,4,56.8,1,Centre,0,False,False,1,30.23526971130281,0.18327800522008175,True,False,0.4783807652419892
C007867,31.81,Sante,Capitale-Nationale,G1R,50423,9,15.1,0,Centre,0,False,False,1,33.10435685043132,3.0523651443485953,False,False,0.43529406487607747
C010281,29.68,Sciences,Montreal,H1A,50454,8,4.6,0,Centre,0,False,False,1,30.83053942260562,0.778547716522894,False,False,0.4501254559271286
C001401,31.39,Sciences,Capitale-Nationale,G1R,34931,7,22.5,0,Centre,0,False,False,1,32.39672199477992,2.344730288697189,False,False,0.4677319218103702
C001765,32.74,Sciences,Gaspesie-Iles-de-la-Madeleine,G5C,48610,13,286.5,0,Remote,0,False,False,1,34.60962656173414,4.557634855651411,False,False,0.48812478034473494
C006533,25.88,Arts et lettres,Bas-Saint-Laurent,G5N,71857,16,109.2,1,Remote,0,False,False,0,28.181078845211243,-1.870912860871485,False,False,0.4526973634646979
C004214,27.92,Sciences sociales,Montreal,H2X,66973,10,10.4,0,Centre,0,False,False,0,29.358174278257028,-0.6938174278256994,False,False,0.40191695228356905
C012217,31.32,Genie,Capitale-Nationale,G1V,81990,10,21.5,0,Centre,0,False,False,1,32.75817427825703,2.7061825721743027,False,False,0.4162344601341829
C005805,24.16,Sciences,Capitale-Nationale,G1R,63980,10,11.5,1,Centre,0,False,False,0,25.598174278257027,-4.453817427825701,False,False,0.4228371712536369
C002619,23.46,Arts et lettres,Capitale-Nationale,G1R,75863,11,10.5,0,Centre,0,False,False,0,25.04199170608273,-5.009999999999998,False,False,0.4463263664205821
C009438,25.98,Arts et lettres,Bas-Saint-Laurent,G5L,53961,12,236.6,0,Remote,0,False,False,0,27.70580913390843,-2.346182572174296,False,False,0.41809995060238
C009466,25.59,Sante,Cote-Nord,G4R,72668,9,63.8,0,Remote,0,False,False,0,26.884356850431324,-3.1676348556514036,False,False,0.41747932652635017
C002956,24.87,Sciences sociales,Bas-Saint-Laurent,G5N,85506,11,129.3,1,Remote,0,False,False,0,26.45199170608273,-3.599999999999998,False,False,0.43907022637323245
C013724,23.29,Sante,Montreal,H8N,128719,4,20.6,0,Centre,0,False,False,0,23.86526971130281,-6.186721994779919,False,False,0.5355284139017887
C013382,23.31,Genie,Montreal,H1A,85800,5,15.1,1,Centre,0,False,False,0,24.029087139128514,-6.022904566954214,False,False,0.4755084020005327
C000049,25.33,Sciences,Montreal,H4L,59361,7,25.1,0,Centre,0,False,False,0,26.336721994779918,-3.7152697113028097,False,False,0.4117091066636016
C005518,28.26,Genie,Montreal,H2X,97159,9,6.1,0,Centre,0,False,False,0,29.554356850431326,-0.49763485565140186,True,False,0.43129768123383394
C007778,26.9,Genie,Capitale-Nationale,G3A,43078,5,14.5,1,Centre,0,False,False,0,27.61908713912851,-2.4329045669542175,False,False,0.45924840631600417
C005839,31.73,Sciences sociales,Montreal,H4L,95902,6,20.0,1,Centre,0,False,False,1,32.59290456695422,2.54091286087149,False,False,0.46137115234280046
C008000,28.51,Arts et lettres,Montreal,H4L,56114,15,29.5,0,Centre,0,False,False,1,30.66726141738554,0.6152697113028118,False,False,0.43361042220348855
C010491,30.07,Sciences,Capitale-Nationale,G2E,139882,8,42.6,0,Centre,0,False,False,1,31.220539422605622,1.1685477165228946,False,False,0.4700290981161772
C006423,33.59,Sante,Gaspesie-Iles-de-la-Madeleine,G5C,42428,10,389.6,1,Remote,0,False,False,1,35.028174278257026,4.976182572174299,False,False,0.5356598032386132
C009115,24.02,Sante,Montreal,H8N,73290,7,11.0,0,Centre,0,False,False,0,25.02672199477992,-5.025269711302808,False,False,0.43441046418857066
C008302,22.65,Sciences sociales,Cote-Nord,G4R,38373,8,219.1,0,Remote,0,False,False,0,23.80053942260562,-6.251452283477107,False,False,0.5013965833316344
C006510,29.24,Sciences sociales,Montreal,H1A,83977,6,7.2,1,Centre,0,False,False,1,30.102904566954216,0.050912860871488164,True,False,0.44125447196403284
C013464,29.14,Arts et lettres,Cote-Nord,G0G,80631,13,151.6,1,Remote,0,False,False,1,31.009626561734134,0.9576348556514063,False,False,0.42993127927763947
C013823,29.9,Sciences sociales,Montreal,H4L,55142,10,16.9,0,Centre,0,False,False,1,31.338174278257025,1.2861825721742974,False,False,0.4021494259496773
C012672,32.28,Sante,Montreal,H4L,82787,11,18.3,0,Centre,0,False,False,1,33.86199170608273,3.810000000000006,False,False,0.4405944933674921
C012671,27.54,Sciences sociales,Montreal,H2X,67852,12,13.4,0,Centre,0,False,False,0,29.26580913390843,-0.7861825721742974,False,False,0.40328239143589323
C008179,28.79,Sante,Montreal,H3T,79500,13,16.4,0,Centre,0,False,False,1,30.659626561734132,0.6076348556514048,False,False,0.41849750721546014
C003923,29.23,Arts et lettres,Capitale-Nationale,G1V,70420,7,18.7,1,Centre,0,False,False,1,30.23672199477992,0.18473028869719244,True,False,0.39767895398288033
C004384,26.64,Sciences sociales,Montreal,H8N,92819,7,10.6,0,Centre,0,False,False,0,27.64672199477992,-2.4052697113028074,False,False,0.41880194932565123
C006214,25.16,Sciences,Capitale-Nationale,G1R,84683,6,7.5,0,Centre,0,False,False,0,26.022904566954217,-4.02908713912851,False,False,0.4503902276245454
C011564,26.91,Genie,Cote-Nord,G4R,80127,15,31.9,0,Remote,0,False,False,0,29.067261417385538,-0.9847302886971896,False,False,0.4418036725379133
C002345,27.61,Genie,Montreal,H3T,81932,9,40.6,0,Centre,0,False,False,0,28.904356850431324,-1.147634855651404,False,False,0.4062076249195011
C012805,29.33,Sciences,Bas-Saint-Laurent,G5N,29002,14,276.1,0,Remote,0,False,False,1,31.343443989559834,1.2914522834771063,False,False,0.4743842700597058
C004274,27.12,Genie,Gaspesie-Iles-de-la-Madeleine,G5C,43794,9,66.5,1,Remote,0,False,False,0,28.414356850431325,-1.6376348556514024,False,False,0.4200704039099473
C011167,23.42,Genie,Montreal,H1A,151552,5,22.0,1,Centre,0,False,False,0,24.139087139128513,-5.912904566954214,False,False,0.5247391720651643
C004452,32.67,Sante,Capitale-Nationale,G2E,88940,8,66.3,1,Centre,0,False,False,1,33.82053942260562,3.7685477165228924,False,False,0.4771187519317351
C012952,27.78,Sciences sociales,Montreal,H1A,96714,6,12.2,0,Centre,0,False,False,0,28.64290456695422,-1.4090871391285091,False,False,0.4260915532724392
C010320,32.84,Genie,Montreal,H8N,89344,7,17.2,0,Centre,0,False,False,1,33.84672199477992,3.794730288697192,False,False,0.4667942504945672
C011721,26.53,Arts et lettres,Cote-Nord,G0G,75677,12,201.8,1,Remote,0,False,False,0,28.255809133908432,-1.7961825721742954,False,False,0.4228208739263619
C003371,24.5,Sante,Bas-Saint-Laurent,G5N,38975,10,83.5,1,Remote,0,False,False,0,25.938174278257026,-4.113817427825701,False,False,0.45188617552281823
C005017,26.4,Arts et lettres,Montreal,H2X,124106,12,6.3,0,Centre,0,False,False,0,28.12580913390843,-1.926182572174298,False,False,0.477489662074483
C013551,26.75,Sciences sociales,Montreal,H1A,104360,10,7.4,0,Centre,0,False,False,0,28.188174278257026,-1.8638174278257011,False,False,0.43690040697149335
C004808,31.65,Sante,Montreal,H4L,63408,10,9.4,1,Centre,0,False,False,1,33.08817427825703,3.036182572174301,False,False,0.43842999764019935
C011089,33.12,Sciences sociales,Montreal,H2X,106002,10,56.5,1,Centre,0,False,False,1,34.55817427825703,4.5061825721743,False,False,0.4966167680836896
C005018,30.74,Arts et lettres,Montreal,H8N,44392,8,36.4,0,Centre,0,False,False,1,31.89053942260562,1.8385477165228927,False,False,0.4310645609883965
C007921,28.54,Sante,Capitale-Nationale,G1R,58218,7,25.6,0,Centre,0,False,False,0,29.54672199477992,-0.5052697113028088,False,False,0.3966507191434857
C000730,23.6,Arts et lettres,Montreal,H1A,75318,7,19.5,0,Centre,0,False,False,0,24.60672199477992,-5.445269711302807,False,False,0.4305057726848195
C009562,33.31,Arts et lettres,Cote-Nord,G0G,72214,11,123.2,0,Remote,0,False,False,1,34.891991706082734,4.840000000000007,False,False,0.4789117034194979
C004439,31.02,Genie,Montreal,H8N,76779,11,20.5,0,Centre,0,False,False,1,32.60199170608273,2.5500000000000007,False,False,0.4135064611265109
C012078,25.69,Sante,Montreal,H2X,29789,7,28.2,0,Centre,0,False,False,0,26.69672199477992,-3.3552697113028067,False,False,0.4749153968305805
C002209,23.61,Sciences sociales,Montreal,H3T,103409,8,14.0,0,Centre,0,False,False,0,24.76053942260562,-5.291452283477106,False,False,0.444902399534279
C006055,26.47,Sante,Cote-Nord,G5B,81711,11,149.1,1,Remote,0,False,False,0,28.051991706082728,-2.0,False,False,0.4249709114101709
C011362,27.43,Arts et lettres,Montreal,H4L,82504,10,21.1,0,Centre,0,False,False,0,28.868174278257026,-1.1838174278257014,False,False,0.3915109858667121
C011783,28.41,Arts et lettres,Gaspesie-Iles-de-la-Madeleine,G0C,28131,10,243.9,1,Remote,0,False,False,0,29.848174278257027,-0.203817427825701,True,False,0.4646076081454943
C000237,35.82,Sciences sociales,Cote-Nord,G5B,92039,15,321.9,0,Remote,-1,True,True,1,37.97726141738554,7.925269711302814,False,False,0.5776555182473944
C000972,28.86,Genie,Gaspesie-Iles-de-la-Madeleine,G5C,32257,10,159.9,0,Remote,0,False,False,1,30.298174278257026,0.2461825721742983,True,False,0.44367041993954304
C002253,25.19,Sciences,Montreal,H8N,84356,12,7.5,0,Centre,0,False,False,0,26.915809133908432,-3.1361825721742953,False,False,0.44051241557736104
C000390,29.87,Sciences sociales,Gaspesie-Iles-de-la-Madeleine,G5C,63525,13,253.4,1,Remote,0,False,False,1,31.739626561734134,1.6876348556514067,False,False,0.42902713773301704
C010742,30.46,Arts et lettres,Capitale-Nationale,G1V,103053,6,34.2,0,Centre,0,False,False,1,31.322904566954218,1.2709128608714906,False,False,0.45065528697412344
C003290,29.75,Sante,Bas-Saint-Laurent,G5N,52882,17,246.1,0,Remote,0,False,False,1,32.194896273036946,2.1429045669542184,False,False,0.45777575993189756
C001231,26.23,Arts et lettres,Montreal,H4L,72061,7,50.6,0,Centre,0,False,False,0,27.23672199477992,-2.8152697113028076,False,False,0.4245903638824243
C003209,27.83,Sante,Cote-Nord,G5B,47787,15,249.6,0,Remote,0,False,False,0,29.98726141738554,-0.06473028869718789,True,False,0.42725368798701885
C011814,24.76,Sciences sociales,Capitale-Nationale,G1R,80960,8,19.6,1,Centre,0,False,False,0,25.910539422605623,-4.141452283477104,False,False,0.4088371433855222
C007955,30.74,Sante,Montreal,H3T,86335,5,3.4,0,Centre,0,False,False,1,31.459087139128513,1.4070954330457859,False,False,0.5084921421462055
C008921,28.55,Sciences sociales,Montreal,H1A,107998,16,24.6,0,Centre,0,False,False,1,30.851078845211244,0.7990871391285168,False,False,0.4698639208483728
C002380,25.18,Sciences,Gaspesie-Iles-de-la-Madeleine,G5C,75865,10,222.5,1,Remote,0,False,False,0,26.618174278257026,-3.4338174278257014,False,False,0.4388806211254073
C001358,30.27,Arts et lettres,Bas-Saint-Laurent,G0L,32290,16,221.1,0,Remote,0,False,False,1,32.57107884521124,2.519087139128512,False,False,0.4775699197131032
C012318,32.46,Sciences sociales,Montreal,H8N,57116,10,57.2,1,Centre,0,False,False,1,33.89817427825703,3.8461825721743033,False,False,0.4523207504312666
C011150,22.66,Genie,Montreal,H2X,55065,5,10.2,0,Centre,0,False,False,0,23.379087139128515,-6.672904566954212,False,False,0.4971335867292747
C004004,23.55,Sciences sociales,Capitale-Nationale,G2E,66220,8,22.0,0,Centre,0,False,False,0,24.700539422605623,-5.351452283477105,False,False,0.42129393055382247
C003958,23.2,Genie,Gaspesie-Iles-de-la-Madeleine,G0C,65059,14,141.5,0,Remote,0,False,False,0,25.213443989559835,-4.838547716522893,False,False,0.46067496404798536
C011909,27.09,Arts et lettres,Gaspesie-Iles-de-la-Madeleine,G5C,44726,18,65.7,0,Remote,0,False,False,0,29.678713700862648,-0.3732780052200795,True,False,0.48075721488902584
C005506,30.52,Sciences,Capitale-Nationale,G3A,145249,4,32.5,0,Centre,0,False,False,1,31.09526971130281,1.0432780052200812,False,False,0.5210016001541382
C004376,28.81,Sante,Montreal,H4L,75914,16,23.1,0,Centre,0,False,False,1,31.111078845211242,1.0590871391285148,False,False,0.45120390742921584
C010573,26.12,Sciences,Capitale-Nationale,G1V,73068,7,10.7,0,Centre,0,False,False,0,27.12672199477992,-2.925269711302807,False,False,0.41116173814425566
C006416,26.58,Sciences sociales,Montreal,H2X,92730,8,32.5,0,Centre,0,False,False,0,27.73053942260562,-2.3214522834771074,False,False,0.4059056747096097
C011558,26.25,Arts et lettres,Montreal,H8N,29168,14,22.9,1,Centre,0,False,False,0,28.263443989559836,-1.788547716522892,False,False,0.47971598461805454
C011881,28.09,Genie,Bas-Saint-Laurent,G0L,45279,10,117.4,0,Remote,0,False,False,0,29.528174278257026,-0.5238174278257013,False,False,0.4134618722141221
C011747,26.6,Arts et lettres,Cote-Nord,G5B,82544,16,127.1,0,Remote,0,False,False,0,28.901078845211245,-1.1509128608714825,False,False,0.4541825653282844
C002734,25.59,Sante,Capitale-Nationale,G1V,131881,7,38.2,1,Centre,0,False,False,0,26.59672199477992,-3.455269711302808,False,False,0.46620023499980345
C004773,30.03,Sante,Montreal,H3T,102187,13,43.1,0,Centre,0,False,False,1,31.899626561734134,1.8476348556514068,False,False,0.44706828623807837
C004589,27.22,Genie,Bas-Saint-Laurent,G5N,76266,13,181.2,0,Remote,0,False,False,0,29.089626561734132,-0.9623651443485954,False,False,0.42185765748540444
C007324,25.41,Sciences,Capitale-Nationale,G3A,141189,8,24.9,0,Centre,0,False,False,0,26.560539422605622,-3.4914522834771056,False,False,0.4607258948347232
C005777,32.82,Sante,Capitale-Nationale,G1V,109561,9,8.6,0,Centre,0,False,False,1,34.11435685043132,4.062365144348593,False,False,0.4969550526329045
C002450,22.36,Sciences,Montreal,H3T,150735,7,5.3,0,Centre,0,False,True,0,23.36672199477992,-6.685269711302809,False,False,0.5548775929728111
C006062,30.13,Arts et lettres,Montreal,H3T,76320,9,32.6,0,Centre,0,False,False,1,31.424356850431323,1.3723651443485956,False,False,0.3998104843851561
C002051,23.63,Genie,Gaspesie-Iles-de-la-Madeleine,G0C,46481,21,87.1,1,Remote,0,False,False,0,26.650165984339754,-3.4018257217429735,False,False,0.5455784325528046
C001178,29.3,Sciences sociales,Montreal,H1A,81267,5,11.3,1,Centre,0,False,False,0,30.019087139128516,-0.032904566954211845,True,False,0.43662578111171296
C011181,25.8,Sciences sociales,Montreal,H3T,71228,10,16.9,0,Centre,0,False,False,0,27.238174278257027,-2.8138174278257004,False,False,0.40082928277239777
C003355,26.35,Arts et lettres,Cote-Nord,G5B,28524,20,124.3,0,Remote,0,False,False,0,29.226348556514054,-0.8256431495686734,False,False,0.5386089616866312
C001130,28.81,Genie,Montreal,H8N,57913,8,15.3,0,Centre,0,False,False,0,29.96053942260562,-0.09145228347710699,True,False,0.39607870641541937
C005009,30.72,Arts et lettres,Capitale-Nationale,G2E,44635,8,5.9,1,Centre,0,False,False,1,31.87053942260562,1.8185477165228932,False,False,0.4608470056734573
C007484,30.27,Sciences,Capitale-Nationale,G3A,112839,9,9.7,0,Centre,0,False,False,1,31.564356850431324,1.5123651443485961,False,False,0.4418671381128627
C001335,26.37,Genie,Cote-Nord,G0G,73474,11,104.3,0,Remote,0,False,False,0,27.95199170608273,-2.099999999999998,False,False,0.41556373760170945
C007269,27.37,Sante,Bas-Saint-Laurent,G0L,118807,13,193.3,0,Remote,0,False,False,0,29.239626561734134,-0.8123651443485933,False,False,0.4729698828329111
C000377,24.42,Arts et lettres,Capitale-Nationale,G2E,61715,3,8.1,0,Centre,0,False,False,0,24.85145228347711,-5.200539422605619,False,False,0.5190423680187328
C001090,21.43,Sante,Gaspesie-Iles-de-la-Madeleine,G5C,51016,11,96.1,0,Remote,0,False,False,0,23.01199170608273,-7.039999999999999,False,False,0.4975176320152175
C011294,24.68,Genie,Capitale-Nationale,G1R,119882,15,12.0,0,Centre,0,False,False,0,26.83726141738554,-3.2147302886971865,False,False,0.5059789582850158
C012961,27.76,Sciences,Gaspesie-Iles-de-la-Madeleine,G4X,25033,15,312.8,0,Remote,0,False,False,0,29.91726141738554,-0.13473028869718817,True,False,0.49604747067784183
C005312,27.76,Sciences sociales,Bas-Saint-Laurent,G5N,40147,12,203.6,1,Remote,0,False,False,0,29.485809133908432,-0.566182572174295,False,False,0.4220383736836667
C007619,24.08,Sciences,Capitale-Nationale,G3A,43172,9,41.0,0,Centre,0,False,False,0,25.374356850431322,-4.677634855651405,False,False,0.4464692058007076
C001357,27.36,Arts et lettres,Cote-Nord,G4R,36348,8,678.2,0,Remote,0,False,False,0,28.51053942260562,-1.5414522834771063,False,False,0.526372619747949
C004571,30.66,Genie,Gaspesie-Iles-de-la-Madeleine,G4X,43426,12,253.5,1,Remote,0,False,False,1,32.38580913390843,2.3338174278257036,False,False,0.4457470982179126
C006679,32.75,Sciences,Montreal,H2X,81717,9,21.8,0,Centre,0,False,False,1,34.04435685043132,3.992365144348593,False,False,0.4477220064355362
C013593,28.74,Genie,Gaspesie-Iles-de-la-Madeleine,G0C,45030,14,112.6,0,Remote,0,False,False,1,30.753443989559834,0.7014522834771064,False,False,0.4268277239642348
C011159,31.13,Sciences sociales,Capitale-Nationale,G2E,71227,5,17.1,0,Centre,0,False,False,1,31.849087139128514,1.7970954330457865,False,False,0.4546064100087045
C009276,25.19,Arts et lettres,Bas-Saint-Laurent,G0L,35219,10,126.4,1,Remote,0,False,False,0,26.628174278257028,-3.4238174278257,False,False,0.44880099655107347
C002007,26.43,Sante,Montreal,H4L,26128,12,28.2,0,Centre,0,False,False,0,28.15580913390843,-1.8961825721742969,False,False,0.4857870197823943
C001050,26.95,Sciences,Montreal,H3T,107553,10,12.7,1,Centre,0,False,False,0,28.388174278257026,-1.6638174278257019,False,False,0.41960258440569215
C000318,27.7,Genie,Montreal,H1A,49713,12,31.7,0,Centre,0,False,False,0,29.42580913390843,-0.6261825721742973,False,False,0.40505043378258815
C006238,28.6,Sciences sociales,Capitale-Nationale,G3A,53649,7,5.8,0,Centre,0,False,False,0,29.60672199477992,-0.44526971130280657,True,False,0.4385977120482111
C006339,29.41,Sciences sociales,Cote-Nord,G5B,43900,12,249.6,1,Remote,0,False,False,1,31.13580913390843,1.0838174278257036,False,False,0.42996514320769347
C004119,31.56,Sciences,Montreal,H3T,51626,5,17.6,0,Centre,0,False,False,1,32.279087139128514,2.227095433045786,False,False,0.465793002612334
C003757,27.68,Genie,Montreal,H2X,49990,9,77.0,1,Centre,0,False,False,0,28.974356850431324,-1.0776348556514037,False,False,0.41158298692060347
C013517,28.26,Sciences sociales,Bas-Saint-Laurent,G5N,89695,12,302.4,0,Remote,0,False,False,0,29.985809133908432,-0.06618257217429502,True,False,0.44909141609483727
C005329,30.9,Sciences sociales,Gaspesie-Iles-de-la-Madeleine,G5C,101346,11,203.9,0,Remote,0,False,False,1,32.48199170608273,2.4300000000000033,False,False,0.4661151844336204
C013818,28.01,Sciences sociales,Montreal,H2X,81165,10,6.3,1,Centre,0,False,False,0,29.448174278257028,-0.6038174278256996,False,False,0.4212641327576263
C007346,28.97,Genie,Gaspesie-Iles-de-la-Madeleine,G4X,60037,16,280.2,0,Remote,0,False,False,1,31.271078845211242,1.219087139128515,False,False,0.4517921554166561
C004747,25.17,Sciences sociales,Montreal,H8N,42470,5,53.2,0,Centre,0,False,False,0,25.889087139128513,-4.162904566954214,False,False,0.4901229347632367
C011419,25.37,Genie,Capitale-Nationale,G2E,162382,12,4.1,0,Centre,0,False,False,0,27.095809133908432,-2.9561825721742956,False,False,0.5436874883900364
C000135,29.02,Sciences sociales,Montreal,H2X,50016,13,7.2,0,Centre,0,False,False,1,30.889626561734133,0.8376348556514053,False,False,0.44824704074901583
C001717,25.48,Arts et lettres,Gaspesie-Iles-de-la-Madeleine,G5C,34537,10,140.3,0,Remote,0,False,False,0,26.918174278257027,-3.1338174278257007,False,False,0.44518007261443177
C004725,27.88,Genie,Bas-Saint-Laurent,G0L,60065,12,196.2,0,Remote,0,False,False,0,29.60580913390843,-0.4461825721742976,True,False,0.41316156645538304
C002659,21.97,Sciences sociales,Gaspesie-Iles-de-la-Madeleine,G5C,33913,12,175.7,0,Remote,0,False,False,0,23.69580913390843,-6.356182572174298,False,False,0.5132284454030652
C013034,28.94,Sciences sociales,Capitale-Nationale,G1V,51063,8,4.3,0,Centre,0,False,False,1,30.090539422605623,0.03854771652289557,True,False,0.4490303105195595
C012745,30.42,Genie,Montreal,H4L,69284,5,23.7,1,Centre,0,False,False,1,31.139087139128513,1.0870954330457856,False,False,0.4411614196372704
C007726,28.18,Sciences sociales,Cote-Nord,G5B,88507,18,109.1,0,Remote,0,False,False,1,30.768713700862648,0.7167219947799204,False,False,0.47738989781280655
C001923,30.54,Genie,Montreal,H2X,66541,7,12.9,0,Centre,0,False,False,1,31.54672199477992,1.4947302886971912,False,False,0.41508576182679746
C004092,28.59,Sante,Bas-Saint-Laurent,G0L,57429,18,141.6,1,Remote,0,False,False,1,31.178713700862648,1.1267219947799205,False,False,0.45689355672155635
C009879,31.78,Genie,Montreal,H2X,69671,9,18.0,0,Centre,0,False,False,1,33.07435685043132,3.022365144348594,False,False,0.424327947442876
C005288,23.62,Genie,Montreal,H2X,55816,9,17.6,0,Centre,0,False,False,0,24.914356850431325,-5.137634855651402,False,False,0.43192399235066403
C012886,27.37,Sciences,Montreal,H2X,89635,15,6.3,1,Centre,0,False,False,0,29.52726141738554,-0.5247302886971887,False,False,0.48449468151392455
C005766,32.16,Genie,Montreal,H8N,72333,7,5.3,0,Centre,0,False,False,1,33.16672199477991,3.114730288697185,False,False,0.4773411640428389
C001232,30.06,Sciences,Montreal,H1A,37665,10,21.6,1,Centre,0,False,False,1,31.498174278257025,1.4461825721742976,False,False,0.42781051573474377
C010897,21.23,Arts et lettres,Gaspesie-Iles-de-la-Madeleine,G5C,36785,13,79.3,1,Remote,0,False,False,0,23.099626561734134,-6.952365144348594,False,False,0.5254532670591168
C012377,24.85,Sciences sociales,Cote-Nord,G5B,73034,8,118.9,0,Remote,0,False,False,0,26.000539422605623,-4.051452283477104,False,False,0.43685900298436536
C013881,20.94,Arts et lettres,Cote-Nord,G0G,52271,12,264.1,0,Remote,0,False,False,0,22.665809133908432,-7.386182572174295,False,False,0.5139263864609955
C001288,25.0,Arts et lettres,Montreal,H1A,47630,8,14.1,1,Centre,0,False,False,0,26.150539422605622,-3.9014522834771057,False,False,0.42631933835812613
C000927,26.07,Sante,Bas-Saint-Laurent,G5N,72971,13,205.6,0,Remote,0,False,False,0,27.939626561734134,-2.112365144348594,False,False,0.4262081944363497
C006801,25.28,Sciences,Montreal,H2X,54406,12,25.0,0,Centre,0,False,False,0,27.005809133908432,-3.0461825721742954,False,False,0.41665185372387176
C006262,30.48,Genie,Bas-Saint-Laurent,G0L,30602,17,333.5,0,Remote,0,False,False,1,32.92489627303694,2.8729045669542153,False,False,0.5193358237013834
C011531,33.07,Genie,Montreal,H4L,94716,8,48.5,0,Centre,0,False,False,1,34.22053942260562,4.168547716522891,False,False,0.4887383448587921
C010295,32.87,Sciences sociales,Montreal,H3T,84364,14,24.2,0,Centre,0,False,False,1,34.88344398955984,4.831452283477109,False,False,0.49545096822631374
C002604,22.78,Sciences sociales,Montreal,H1A,34792,15,20.7,0,Centre,-1,True,False,0,24.937261417385542,-5.114730288697185,False,False,0.5212038840628969
C000867,32.56,Sciences sociales,Capitale-Nationale,G1R,47102,9,11.3,0,Centre,0,False,False,1,33.85435685043132,3.8023651443485953,False,False,0.459143651857962
C008189,27.07,Sciences sociales,Gaspesie-Iles-de-la-Madeleine,G0C,151156,8,200.3,0,Remote,0,False,False,0,28.220539422605622,-1.8314522834771054,False,False,0.501727777268726
C000014,29.35,Arts et lettres,Gaspesie-Iles-de-la-Madeleine,G4X,21518,9,240.8,1,Remote,0,False,False,1,30.644356850431326,0.592365144348598,False,False,0.5141672651700319
C003840,30.19,Arts et lettres,Montreal,H8N,52565,9,9.6,1,Centre,0,False,False,1,31.484356850431325,1.4323651443485979,False,False,0.4162013994606881
C000035,26.11,Sante,Capitale-Nationale,G1R,43557,8,6.9,0,Centre,0,False,False,0,27.26053942260562,-2.7914522834771063,False,False,0.4508738369496362
C010091,27.01,Sciences sociales,Bas-Saint-Laurent,G5L,28273,9,74.8,1,Remote,0,False,False,0,28.304356850431326,-1.7476348556514019,False,False,0.4674675895488361
C008440,29.61,Sciences,Capitale-Nationale,G3A,87797,11,16.0,0,Centre,0,False,False,1,31.191991706082728,1.1400000000000006,False,False,0.4023812243757522
C003543,31.75,Arts et lettres,Montreal,H1A,86995,3,36.2,0,Centre,0,False,False,1,32.18145228347711,2.1294605773943793,False,False,0.5169471529024731
C001832,23.84,Sciences sociales,Montreal,H8N,32414,9,20.1,1,Centre,0,False,False,0,25.134356850431324,-4.917634855651404,False,False,0.4716648151562597
C001926,33.82,Sciences,Montreal,H1A,71387,5,11.5,0,Centre,0,False,False,1,34.53908713912851,4.487095433045784,False,False,0.513522540003908
C006195,27.82,Genie,Gaspesie-Iles-de-la-Madeleine,G4X,111358,20,265.5,1,Remote,0,False,False,1,30.696348556514053,0.6443568504313255,False,False,0.545465206192548
C000405,30.71,Sciences,Montreal,H2X,70283,10,13.1,1,Centre,0,False,False,1,32.14817427825703,2.0961825721743033,False,False,0.41439192342653924
C012279,23.7,Arts et lettres,Bas-Saint-Laurent,G5L,27094,9,163.3,1,Remote,0,False,False,0,24.994356850431323,-5.057634855651404,False,False,0.5077834639566038
C005758,25.82,Genie,Cote-Nord,G4R,36855,10,241.6,0,Remote,0,False,False,0,27.258174278257027,-2.793817427825701,False,False,0.4407280863970684
C001835,25.27,Sciences sociales,Montreal,H8N,40480,8,29.3,0,Centre,0,False,False,0,26.42053942260562,-3.631452283477106,False,False,0.4336175722656832
C012520,24.34,Genie,Montreal,H4L,54577,6,19.2,1,Centre,0,False,False,0,25.202904566954217,-4.84908713912851,False,False,0.44406871566712974
C000700,30.16,Sante,Montreal,H2X,82288,13,10.8,1,Centre,0,False,False,1,32.02962656173413,1.9776348556514058,False,False,0.43888201591139875
C005002,28.06,Arts et lettres,Montreal,H2X,84023,11,19.3,1,Centre,0,False,False,0,29.641991706082727,-0.41000000000000014,True,False,0.39735604247634754
C011427,29.52,Sciences sociales,Gaspesie-Iles-de-la-Madeleine,G5C,47863,9,228.4,0,Remote,0,False,False,1,30.814356850431324,0.7623651443485961,False,False,0.431914777079871
C001324,29.35,Sante,Montreal,H1A,63045,6,30.5,0,Centre,0,False,False,1,30.21290456695422,0.16091286087149115,True,False,0.41547179894202685
C007034,29.28,Sante,Gaspesie-Iles-de-la-Madeleine,G4X,50039,20,372.8,0,Remote,0,False,False,1,32.156348556514054,2.1043568504313264,False,False,0.5274995838492775
C003537,31.36,Sante,Cote-Nord,G5B,70946,9,90.3,0,Remote,0,False,False,1,32.65435685043132,2.6023651443485925,False,False,0.44220219953405865
C012075,31.77,Arts et lettres,Bas-Saint-Laurent,G5N,40668,10,195.5,1,Remote,0,False,False,1,33.208174278257026,3.1561825721742984,False,False,0.46808329924091036
C004979,27.96,Arts et lettres,Montreal,H8N,71093,11,14.3,0,Centre,0,False,False,0,29.54199170608273,-0.509999999999998,False,False,0.39871909070212946
C005487,26.62,Sciences sociales,Bas-Saint-Laurent,G5N,79549,14,115.8,1,Remote,0,False,False,0,28.633443989559836,-1.418547716522891,False,False,0.42945340954404454
C001064,29.07,Sciences sociales,Capitale-Nationale,G1R,144905,15,27.2,0,Centre,0,False,False,1,31.22726141738554,1.175269711302814,False,False,0.5039308774499185
C013047,29.9,Sciences,Montreal,H2X,75035,10,18.0,0,Centre,0,False,False,1,31.338174278257025,1.2861825721742974,False,False,0.39875872255831396
C006749,31.07,Sante,Bas-Saint-Laurent,G0L,117387,11,229.3,1,Remote,0,False,False,1,32.65199170608273,2.600000000000005,False,False,0.49418006364263045
C001004,30.12,Genie,Capitale-Nationale,G3A,74606,12,13.5,0,Centre,0,False,False,1,31.845809133908432,1.7938174278257044,False,False,0.4157658814848018
C001964,22.69,Arts et lettres,Gaspesie-Iles-de-la-Madeleine,G5C,68094,8,269.7,0,Remote,0,False,False,0,23.840539422605623,-6.211452283477104,False,False,0.4963299808837578
C009050,30.79,Genie,Montreal,H1A,37220,8,9.4,0,Centre,0,False,False,1,31.94053942260562,1.8885477165228934,False,False,0.46030732738207686
C003320,22.77,Genie,Capitale-Nationale,G3A,109865,10,19.8,0,Centre,0,False,False,0,24.208174278257026,-5.843817427825702,False,False,0.4659655459525854
C010867,34.22,Genie,Capitale-Nationale,G3A,76674,6,23.6,0,Centre,0,False,False,1,35.08290456695421,5.030912860871485,False,False,0.5072450698489495
C004896,29.94,Arts et lettres,Montreal,H8N,89915,9,15.7,0,Centre,0,False,False,1,31.234356850431325,1.1823651443485979,False,False,0.402459843187896
C009778,26.22,Genie,Montreal,H1A,28690,12,16.3,0,Centre,0,False,False,0,27.94580913390843,-2.1061825721742977,False,False,0.47947214883355366
C010562,27.29,Sante,Capitale-Nationale,G3A,98919,7,9.4,0,Centre,0,False,False,0,28.29672199477992,-1.7552697113028088,False,False,0.4250798669936988
C009583,27.61,Genie,Montreal,H8N,165563,7,14.3,0,Centre,0,False,False,0,28.61672199477992,-1.4352697113028086,False,False,0.49022568299623537
C007505,23.95,Sciences sociales,Gaspesie-Iles-de-la-Madeleine,G0C,33095,14,153.0,0,Remote,0,False,False,0,25.963443989559835,-4.088547716522893,False,False,0.4729048408075693
C003234,30.65,Sante,Montreal,H4L,76779,5,13.3,0,Centre,0,False,False,1,31.36908713912851,1.3170954330457825,False,False,0.45062113215295607
C006071,27.67,Sciences,Montreal,H3T,57378,11,9.7,0,Centre,0,False,False,0,29.25199170608273,-0.7999999999999972,False,False,0.4108632308221089
C007267,29.08,Arts et lettres,Gaspesie-Iles-de-la-Madeleine,G0C,50756,15,455.7,0,Remote,0,False,False,1,31.23726141738554,1.1852697113028121,False,False,0.4790920047929801
C000315,29.08,Genie,Capitale-Nationale,G1R,54311,15,18.2,0,Centre,0,False,False,1,31.23726141738554,1.1852697113028121,False,False,0.4421080476034518
C006922,33.03,Arts et lettres,Capitale-Nationale,G1V,50487,9,22.9,0,Centre,0,False,False,1,34.32435685043132,4.272365144348594,False,False,0.4566688167526427
C006552,29.04,Sciences sociales,Bas-Saint-Laurent,G5L,68239,9,278.2,1,Remote,0,False,False,1,30.334356850431323,0.2823651443485957,True,False,0.44055985733856196
C004338,29.8,Arts et lettres,Cote-Nord,G5B,36992,11,259.8,1,Remote,0,False,False,1,31.38199170608273,1.3300000000000018,False,False,0.447215393180923
C011488,33.56,Genie,Capitale-Nationale,G1R,101933,9,17.5,1,Centre,0,False,False,1,34.85435685043132,4.802365144348595,False,False,0.48998095480053566
C008785,29.41,Genie,Gaspesie-Iles-de-la-Madeleine,G0C,67653,13,243.2,1,Remote,0,False,False,1,31.279626561734133,1.2276348556514058,False,False,0.42234222557104995
C007021,29.72,Sciences,Gaspesie-Iles-de-la-Madeleine,G5C,38543,12,133.0,1,Remote,0,False,False,1,31.44580913390843,1.3938174278257023,False,False,0.43073048393419805
C003737,27.57,Sciences,Cote-Nord,G5B,48011,17,153.8,0,Remote,0,False,False,0,30.014896273036946,-0.037095433045781334,True,False,0.44613187224639755
C006804,32.29,Sciences sociales,Capitale-Nationale,G1R,84567,8,2.4,1,Centre,0,False,False,1,33.44053942260562,3.38854771652289,False,False,0.515301739753964
C013506,28.58,Sante,Cote-Nord,G5B,54724,17,538.9,0,Remote,0,False,False,1,31.024896273036944,0.9729045669542167,False,False,0.5170600092843219
C001154,27.05,Sciences sociales,Gaspesie-Iles-de-la-Madeleine,G0C,58412,12,286.0,0,Remote,0,False,False,0,28.77580913390843,-1.2761825721742959,False,False,0.4247840334395524
C006667,30.27,Arts et lettres,Bas-Saint-Laurent,G5L,38519,13,169.5,0,Remote,0,False,False,1,32.13962656173413,2.0876348556514053,False,False,0.4431762956199401
C012443,26.45,Sciences sociales,Gaspesie-Iles-de-la-Madeleine,G5C,35743,15,79.1,1,Remote,0,False,False,0,28.607261417385537,-1.4447302886971904,False,False,0.45405012609755935
C011502,23.03,Arts et lettres,Montreal,H2X,42818,12,60.3,0,Centre,0,False,False,0,24.755809133908432,-5.2961825721742954,False,False,0.46899817967523466
C006095,30.73,Sciences,Montreal,H2X,44439,9,10.3,0,Centre,0,False,False,1,32.024356850431325,1.972365144348597,False,False,0.43549246376989154
C001725,25.35,Genie,Montreal,H2X,151604,12,25.5,0,Centre,0,False,False,0,27.075809133908432,-2.976182572174295,False,False,0.48277926527922865
C013739,32.46,Sante,Gaspesie-Iles-de-la-Madeleine,G4X,89915,10,252.1,0,Remote,0,False,False,1,33.89817427825703,3.8461825721743033,False,False,0.49117377825339137
C006308,28.5,Genie,Gaspesie-Iles-de-la-Madeleine,G5C,82141,11,197.3,0,Remote,0,False,False,1,30.08199170608273,0.030000000000001137,True,False,0.4295374663408452
C002841,26.61,Sante,Capitale-Nationale,G1R,63642,8,10.1,0,Centre,0,False,False,0,27.76053942260562,-2.2914522834771063,False,False,0.4081531548710035
C010837,26.17,Genie,Cote-Nord,G5B,36829,18,327.9,0,Remote,0,False,False,0,28.75871370086265,-1.2932780052200776,False,False,0.492929941823972
C009707,28.06,Genie,Capitale-Nationale,G1V,181350,9,12.0,0,Centre,0,False,False,0,29.354356850431323,-0.6976348556514047,False,False,0.508605899425358
C007224,23.28,Sciences,Gaspesie-Iles-de-la-Madeleine,G0C,71931,14,222.1,0,Remote,0,False,False,0,25.293443989559837,-4.758547716522891,False,False,0.46863680085159226
C003613,31.57,Genie,Montreal,H2X,128244,6,8.7,1,Centre,0,False,False,1,32.432904566954214,2.3809128608714865,False,False,0.5023497026431609
C013296,26.64,Arts et lettres,Gaspesie-Iles-de-la-Madeleine,G0C,20655,16,345.6,1,Remote,0,False,False,0,28.941078845211244,-1.1109128608714833,False,False,0.536256193133371
C000113,25.3,Sciences,Montreal,H3T,43224,9,2.9,0,Centre,0,False,False,0,26.594356850431325,-3.4576348556514027,False,False,0.4931615104283512
C005168,30.04,Sciences sociales,Capitale-Nationale,G1R,102617,8,4.5,1,Centre,0,False,False,1,31.19053942260562,1.1385477165228934,False,False,0.45800570225507
C012650,24.19,Sciences sociales,Capitale-Nationale,G1V,52784,7,2.5,0,Centre,0,False,False,0,25.19672199477992,-4.855269711302807,False,False,0.5117511365573753
C008439,29.72,Genie,Montreal,H4L,49124,4,17.5,0,Centre,0,False,False,1,30.295269711302808,0.24327800522008047,True,False,0.46666661663668557
C004222,24.54,Arts et lettres,Bas-Saint-Laurent,G0L,21670,9,347.9,1,Remote,0,False,True,0,25.834356850431323,-4.217634855651404,False,False,0.5514858253136558
C003450,24.38,Sante,Montreal,H3T,54825,17,14.0,0,Centre,0,False,False,0,26.824896273036945,-3.2270954330457826,False,False,0.4922868387856738
C006224,28.24,Sciences,Montreal,H4L,46333,4,38.9,0,Centre,0,False,False,0,28.815269711302808,-1.23672199477992,False,False,0.4750029977738843
C000794,27.0,Sciences sociales,Montreal,H3T,123080,6,18.0,0,Centre,0,False,False,0,27.862904566954217,-2.1890871391285103,False,False,0.4515486750004793
C004743,28.66,Sciences,Capitale-Nationale,G1V,141885,7,20.2,1,Centre,0,False,False,0,29.66672199477992,-0.38526971130280785,True,False,0.4499503898248191
C011206,23.29,Genie,Capitale-Nationale,G2E,30053,9,13.7,0,Centre,0,False,False,0,24.584356850431323,-5.467634855651404,False,False,0.5013498236506285
C001166,21.77,Genie,Montreal,H4L,35196,6,9.7,0,Centre,0,False,False,0,22.632904566954217,-7.419087139128511,False,False,0.5457911538776902
C009595,32.39,Sante,Gaspesie-Iles-de-la-Madeleine,G5C,51606,9,122.0,0,Remote,0,False,False,1,33.68435685043132,3.6323651443485936,False,False,0.46196073660517656
C007576,27.34,Sante,Montreal,H3T,56230,8,22.0,0,Centre,0,False,False,0,28.49053942260562,-1.5614522834771059,False,False,0.39376125335396417
C006633,27.23,Arts et lettres,Montreal,H8N,60776,9,20.2,0,Centre,0,False,False,0,28.524356850431325,-1.527634855651403,False,False,0.39098991754191686
C011287,28.82,Genie,Montreal,H8N,23994,8,8.0,0,Centre,0,False,False,0,29.970539422605622,-0.08145228347710542,True,False,0.5136318391384117
C013404,23.8,Sante,Gaspesie-Iles-de-la-Madeleine,G0C,70225,9,131.5,1,Remote,0,False,False,0,25.094356850431325,-4.957634855651403,False,False,0.45046291329362215
C013790,26.07,Arts et lettres,Bas-Saint-Laurent,G0L,25442,19,312.9,1,Remote,0,False,False,0,28.80253112868835,-1.2494605773943768,False,False,0.548472906536222
C001466,26.84,Sante,Capitale-Nationale,G3A,76128,8,43.8,1,Centre,0,False,False,0,27.99053942260562,-2.061452283477106,False,False,0.40865418177420504
C012955,29.14,Sciences,Bas-Saint-Laurent,G5L,25225,16,184.9,1,Remote,0,False,False,1,31.441078845211244,1.3890871391285167,False,False,0.4962384505412307
C000016,26.29,Arts et lettres,Capitale-Nationale,G2E,46324,9,13.2,0,Centre,0,False,False,0,27.584356850431323,-2.4676348556514043,False,False,0.41169497706188457
C007920,27.97,Sciences,Montreal,H4L,51837,7,16.0,1,Centre,0,False,False,0,28.97672199477992,-1.0752697113028091,False,False,0.4097575955616612
C007540,29.22,Sciences,Montreal,H2X,101812,7,7.1,0,Centre,0,False,False,1,30.22672199477992,0.17473028869719087,True,False,0.44395821010135755
C008161,30.77,Arts et lettres,Montreal,H2X,53188,7,29.7,0,Centre,0,False,False,1,31.77672199477992,1.7247302886971916,False,False,0.4206634929613324
C006065,25.88,Sciences sociales,Montreal,H4L,72257,10,3.3,0,Centre,0,False,False,0,27.318174278257025,-2.733817427825702,False,False,0.46211417058009013
C005575,29.97,Sciences sociales,Gaspesie-Iles-de-la-Madeleine,G4X,63047,10,373.1,1,Remote,0,False,False,1,31.408174278257025,1.3561825721742977,False,False,0.4580742381218917
C013482,25.26,Arts et lettres,Gaspesie-Iles-de-la-Madeleine,G0C,53752,12,138.5,1,Remote,0,False,False,0,26.985809133908432,-3.066182572174295,False,False,0.4207257441309619
C009565,23.96,Genie,Montreal,H8N,102944,11,27.2,0,Centre,0,False,False,0,25.54199170608273,-4.509999999999998,False,False,0.4446788545326379
C011768,28.72,Genie,Capitale-Nationale,G1V,52239,7,29.1,1,Centre,0,False,False,0,29.72672199477992,-0.32526971130280913,True,False,0.4041024845801952
C004380,29.25,Sciences,Montreal,H3T,42114,12,5.9,0,Centre,0,False,False,1,30.97580913390843,0.9238174278257034,False,False,0.45941620720638554
C003850,25.23,Sciences sociales,Montreal,H1A,86555,7,7.7,1,Centre,0,False,False,0,26.23672199477992,-3.8152697113028076,False,False,0.4360634562592426
C012286,21.86,Arts et lettres,Gaspesie-Iles-de-la-Madeleine,G4X,96790,17,213.0,1,Remote,0,False,False,0,24.304896273036945,-5.747095433045782,False,False,0.5424171206742321
C005014,24.55,Arts et lettres,Capitale-Nationale,G2E,93030,8,4.2,0,Centre,0,False,False,0,25.700539422605623,-4.351452283477105,False,False,0.46809753739623017
C005231,32.53,Sciences,Gaspesie-Iles-de-la-Madeleine,G0C,53335,13,165.7,1,Remote,0,False,False,1,34.39962656173414,4.34763485565141,False,False,0.4604789621211482
C012191,24.43,Sciences sociales,Montreal,H1A,57383,9,20.7,1,Centre,0,False,False,0,25.724356850431324,-4.327634855651404,False,False,0.41637769650881024
C011908,24.19,Sciences,Montreal,H2X,66504,6,29.6,0,Centre,0,False,False,0,25.05290456695422,-4.999087139128509,False,False,0.4412735846141375
C007051,29.26,Sciences,Gaspesie-Iles-de-la-Madeleine,G0C,65067,14,501.0,0,Remote,0,False,False,1,31.273443989559837,1.2214522834771095,False,False,0.4896274388600518
C008988,25.3,Sante,Montreal,H3T,131789,12,24.1,0,Centre,0,False,False,0,27.02580913390843,-3.026182572174296,False,False,0.46529665446821156
C003070,30.03,Sciences sociales,Montreal,H3T,67842,7,9.2,1,Centre,0,False,False,1,31.03672199477992,0.9847302886971931,False,False,0.41957003235155904
C002668,22.95,Genie,Bas-Saint-Laurent,G0L,49765,13,148.8,0,Remote,0,False,False,0,24.819626561734133,-5.232365144348595,False,False,0.45941036043699696
C008145,31.7,Arts et lettres,Capitale-Nationale,G2E,71451,8,30.3,0,Centre,0,False,False,1,32.85053942260562,2.7985477165228936,False,False,0.4244484213498969
C011951,33.59,Genie,Bas-Saint-Laurent,G5N,47529,15,177.2,0,Remote,0,False,False,1,35.747261417385545,5.695269711302817,False,False,0.5026562380395871
C010374,25.25,Sante,Montreal,H1A,43913,8,69.3,0,Centre,0,False,False,0,26.400539422605622,-3.6514522834771057,False,False,0.4432332398759953
C003021,30.49,Sante,Montreal,H1A,83628,7,6.7,0,Centre,0,False,False,1,31.496721994779918,1.4447302886971904,False,False,0.4418893024464277
C001583,25.08,Sciences,Cote-Nord,G4R,64670,12,288.7,0,Remote,0,False,False,0,26.80580913390843,-3.2461825721742983,False,False,0.4371449060778311
C004507,30.26,Sante,Capitale-Nationale,G1R,49106,12,19.6,0,Centre,0,False,False,1,31.985809133908432,1.933817427825705,False,False,0.4145073126033242
C001317,30.94,Sante,Capitale-Nationale,G1R,49555,10,14.2,0,Centre,0,False,False,1,32.37817427825703,2.3261825721743,False,False,0.42122999677753853
C002654,26.27,Sciences sociales,Montreal,H1A,59577,12,22.8,0,Centre,0,False,False,0,27.99580913390843,-2.056182572174297,False,False,0.40281985281109134
C000707,25.17,Genie,Capitale-Nationale,G2E,79334,7,1.6,0,Centre,0,False,False,0,26.17672199477992,-3.8752697113028063,False,False,0.5110757637054562
C009601,30.51,Arts et lettres,Montreal,H3T,84846,6,7.2,0,Centre,0,False,False,1,31.37290456695422,1.3209128608714913,False,False,0.45294544574780965
C013004,24.31,Sciences sociales,Gaspesie-Iles-de-la-Madeleine,G4X,95302,14,291.6,0,Remote,0,False,False,0,26.323443989559834,-3.7285477165228933,False,False,0.4787533438514558
C013871,24.98,Sciences,Cote-Nord,G4R,61706,18,304.8,0,Remote,0,False,False,0,27.56871370086265,-2.483278005220079,False,False,0.48341170675769585
C012451,27.99,Arts et lettres,Capitale-Nationale,G3A,53462,5,18.7,0,Centre,0,False,False,0,28.709087139128513,-1.3429045669542141,False,False,0.4357150806337071
C008063,28.57,Arts et lettres,Montreal,H2X,72493,6,13.1,0,Centre,0,False,False,0,29.432904566954218,-0.61908713912851,False,False,0.4131383357312015
C009437,32.82,Arts et lettres,Montreal,H1A,33070,7,3.4,0,Centre,0,False,True,1,33.826721994779916,3.7747302886971887,False,False,0.5624600159941913
C007493,27.66,Genie,Capitale-Nationale,G1V,69166,12,12.8,0,Centre,0,False,False,0,29.38580913390843,-0.6661825721742964,False,False,0.40260115772504795
C001408,25.37,Sante,Montreal,H1A,67942,10,13.2,0,Centre,0,False,False,0,26.808174278257027,-3.2438174278257,False,False,0.40589841478149497
C004181,29.06,Arts et lettres,Capitale-Nationale,G1R,108411,9,20.3,1,Centre,0,False,False,1,30.354356850431323,0.3023651443485953,True,False,0.4098206252770983
C004379,25.03,Sante,Cote-Nord,G5B,82234,14,199.0,0,Remote,0,False,False,0,27.043443989559837,-3.008547716522891,False,False,0.44862563411121786
C010524,28.78,Genie,Montreal,H3T,78201,6,31.8,0,Centre,0,False,False,0,29.64290456695422,-0.40908713912850914,True,False,0.41373483369993447
C000150,24.91,Sciences sociales,Montreal,H4L,46394,11,27.4,1,Centre,0,False,False,0,26.49199170608273,-3.5599999999999987,False,False,0.4244296763773061
C001804,22.41,Sciences,Montreal,H2X,103756,8,7.7,0,Centre,0,False,False,0,23.560539422605622,-6.491452283477106,False,False,0.49022725421142926
C001224,25.04,Sciences sociales,Cote-Nord,G5B,59157,10,68.3,0,Remote,0,False,False,0,26.478174278257026,-3.573817427825702,False,False,0.421405715370355
C004081,25.85,Genie,Montreal,H8N,77525,8,29.1,0,Centre,0,False,False,0,27.000539422605623,-3.0514522834771043,False,False,0.39831595117085866
C013124,31.46,Sciences sociales,Montreal,H8N,164028,17,71.2,0,Centre,-1,True,True,1,33.90489627303695,3.8529045669542192,False,False,0.5783812737418166
C010529,30.92,Sciences,Capitale-Nationale,G1V,82442,12,13.1,0,Centre,0,False,False,1,32.645809133908436,2.5938174278257087,False,False,0.43005161101946054
C000743,25.79,Genie,Capitale-Nationale,G1V,55011,7,15.2,0,Centre,0,False,False,0,26.79672199477992,-3.255269711302809,False,False,0.4154572138330539
C010737,30.59,Sciences sociales,Capitale-Nationale,G1V,59680,7,22.4,0,Centre,0,False,False,1,31.59672199477992,1.5447302886971919,False,False,0.4100700825623963
C012556,30.8,Genie,Gaspesie-Iles-de-la-Madeleine,G0C,48453,16,173.2,1,Remote,0,False,False,1,33.10107884521124,3.0490871391285133,False,False,0.4616347977617243
C007213,25.98,Sante,Montreal,H2X,82844,11,10.3,0,Centre,0,False,False,0,27.56199170608273,-2.4899999999999984,False,False,0.41655123477194844
C008896,25.1,Sante,Capitale-Nationale,G3A,43718,5,61.5,0,Centre,0,False,False,0,25.819087139128513,-4.232904566954215,False,False,0.49105368250138
C000192,26.63,Genie,Cote-Nord,G4R,27542,14,105.8,0,Remote,0,False,False,0,28.643443989559835,-1.408547716522893,False,False,0.46519919178349617
C001612,31.29,Genie,Capitale-Nationale,G1V,79857,13,30.4,0,Centre,0,False,False,1,33.159626561734136,3.1076348556514084,False,False,0.4423301401604012
C011684,23.59,Sciences,Montreal,H3T,47797,11,22.8,0,Centre,0,False,False,0,25.17199170608273,-4.879999999999999,False,False,0.4365564428490875
C000490,26.46,Arts et lettres,Capitale-Nationale,G1V,37540,6,15.9,0,Centre,0,False,False,0,27.322904566954218,-2.7290871391285094,False,False,0.45870138835561886
C000839,26.36,Sciences,Bas-Saint-Laurent,G5L,74172,14,170.2,0,Remote,0,False,False,0,28.373443989559835,-1.6785477165228926,False,False,0.4248845534814746
C007908,27.17,Sante,Gaspesie-Iles-de-la-Madeleine,G0C,43992,13,238.6,1,Remote,0,False,False,0,29.039626561734135,-1.0123651443485926,False,False,0.4237237933216967
C001773,31.49,Sciences,Montreal,H4L,105932,10,8.3,0,Centre,0,False,False,1,32.928174278257025,2.8761825721742973,False,False,0.46535923499008847
C008102,27.61,Sciences,Capitale-Nationale,G2E,168004,9,23.6,1,Centre,0,False,False,0,28.904356850431324,-1.147634855651404,False,False,0.4883101919881763
C003159,29.95,Genie,Montreal,H1A,58572,7,20.8,0,Centre,0,False,False,1,30.95672199477992,0.9047302886971913,False,False,0.40459351540643695
C008795,26.15,Arts et lettres,Montreal,H1A,50361,7,10.5,0,Centre,0,False,False,0,27.156721994779918,-2.8952697113028094,False,False,0.4283637827270243
C012679,23.41,Sante,Montreal,H4L,68287,8,33.3,0,Centre,0,False,False,0,24.560539422605622,-5.491452283477106,False,False,0.4311009381786649
C001740,33.48,Genie,Montreal,H3T,198481,10,19.3,0,Centre,0,False,True,1,34.91817427825703,4.866182572174299,False,False,0.5744875975075855
C008314,23.63,Genie,Capitale-Nationale,G1V,116295,11,10.7,0,Centre,0,False,False,0,25.211991706082728,-4.84,False,False,0.47346243424461965
C007844,24.42,Arts et lettres,Bas-Saint-Laurent,G5N,88027,11,175.4,1,Remote,0,False,False,0,26.00199170608273,-4.049999999999997,False,False,0.45458107326070096
C004783,24.03,Arts et lettres,Capitale-Nationale,G2E,41463,8,30.3,0,Centre,0,False,False,0,25.180539422605623,-4.871452283477105,False,False,0.44789640889430155
C001203,31.81,Genie,Montreal,H1A,64341,8,19.2,1,Centre,0,False,False,1,32.96053942260562,2.908547716522893,False,False,0.4249471163375606
C003534,32.55,Sante,Montreal,H8N,127936,11,24.6,1,Centre,0,False,False,1,34.13199170608273,4.080000000000002,False,False,0.4927822142823342
C004200,25.51,Sciences,Montreal,H4L,99930,8,17.2,0,Centre,0,False,False,0,26.660539422605623,-3.391452283477104,False,False,0.41529376081343256
C011518,29.31,Genie,Cote-Nord,G5B,34778,8,261.3,1,Remote,0,False,False,1,30.46053942260562,0.408547716522893,True,False,0.47358544858543294
C005632,31.7,Sante,Gaspesie-Iles-de-la-Madeleine,G0C,45657,14,214.3,1,Remote,0,False,False,1,33.713443989559835,3.6614522834771073,False,False,0.4625113424027329
C006378,27.6,Sciences sociales,Cote-Nord,G4R,82638,13,174.1,1,Remote,0,False,False,0,29.469626561734135,-0.5823651443485929,False,False,0.43051289226756717
C003834,26.73,Sante,Bas-Saint-Laurent,G5L,23262,13,167.6,1,Remote,0,False,False,0,28.599626561734134,-1.4523651443485939,False,False,0.47867944936871637
C002217,24.43,Sciences sociales,Montreal,H4L,104653,10,38.9,1,Centre,0,False,False,0,25.868174278257026,-4.183817427825701,False,False,0.4420524318798808
C009111,24.8,Sciences sociales,Bas-Saint-Laurent,G5L,43420,14,67.8,1,Remote,0,False,False,0,26.813443989559836,-3.2385477165228913,False,False,0.4495457694593823
C013581,29.04,Sciences sociales,Bas-Saint-Laurent,G5N,44698,12,169.6,0,Remote,0,False,False,1,30.76580913390843,0.7138174278257026,False,False,0.42104161381686145
C004836,26.82,Arts et lettres,Montreal,H8N,64191,12,41.0,0,Centre,0,False,False,0,28.54580913390843,-1.5061825721742963,False,False,0.4094352426477446
C007325,32.85,Sante,Cote-Nord,G5B,46796,18,465.6,1,Remote,0,False,True,1,35.43871370086265,5.386721994779922,False,False,0.5699219640884783
C000913,26.36,Genie,Montreal,H2X,101916,7,12.0,1,Centre,0,False,False,0,27.36672199477992,-2.6852697113028086,False,False,0.4203488759081594
C012209,25.04,Sciences sociales,Capitale-Nationale,G2E,68354,10,23.7,0,Centre,0,False,False,0,26.478174278257026,-3.573817427825702,False,False,0.40253170505430536
C001806,29.84,Sciences,Montreal,H1A,89324,7,6.6,0,Centre,0,False,False,1,30.84672199477992,0.7947302886971919,False,False,0.4397162144604495
C012753,25.62,Arts et lettres,Capitale-Nationale,G1R,94653,8,17.4,0,Centre,0,False,False,0,26.770539422605623,-3.2814522834771047,False,False,0.4092527648163913
C008764,29.24,Genie,Cote-Nord,G5B,39671,15,274.2,0,Remote,0,False,False,1,31.397261417385536,1.3452697113028087,False,False,0.4508558464621327
C005580,27.29,Sciences,Montreal,H2X,58024,11,8.6,0,Centre,0,False,False,0,28.871991706082728,-1.1799999999999997,False,False,0.4145636411137394
C004849,28.69,Genie,Gaspesie-Iles-de-la-Madeleine,G5C,54555,14,265.8,1,Remote,0,False,False,1,30.703443989559837,0.6514522834771093,False,False,0.4288572657522929
C009702,27.95,Sciences sociales,Montreal,H1A,65959,15,14.4,0,Centre,0,False,False,1,30.107261417385537,0.055269711302809554,True,False,0.4397790712863766
C007026,27.88,Arts et lettres,Gaspesie-Iles-de-la-Madeleine,G0C,61968,13,104.4,1,Remote,0,False,False,0,29.749626561734132,-0.3023651443485953,True,False,0.4141687583432346
C010310,28.06,Genie,Capitale-Nationale,G3A,87331,12,22.0,0,Centre,0,False,False,0,29.78580913390843,-0.26618257217429786,True,False,0.40271384991088743
C011709,27.05,Sciences sociales,Bas-Saint-Laurent,G5L,38359,10,199.9,1,Remote,0,False,False,0,28.488174278257027,-1.5638174278257004,False,False,0.4298337726930802
C006907,28.82,Sciences sociales,Montreal,H2X,65967,9,35.6,0,Centre,0,False,False,1,30.114356850431324,0.06236514434859686,True,False,0.3944535239317372
C008324,26.56,Sciences sociales,Montreal,H1A,72496,7,6.3,0,Centre,0,False,False,0,27.56672199477992,-2.4852697113028093,False,False,0.4309406439937948
C013235,29.33,Genie,Bas-Saint-Laurent,G0L,50489,23,241.3,1,Remote,0,False,False,1,32.63780083999116,2.5858091339084304,False,False,0.5430002252582519
C007816,28.81,Sciences sociales,Montreal,H2X,38076,10,25.1,0,Centre,0,False,False,1,30.248174278257025,0.19618257217429758,True,False,0.4192395365083937
C010634,26.98,Genie,Montreal,H8N,39333,11,12.9,0,Centre,0,False,False,0,28.56199170608273,-1.4899999999999984,False,False,0.43346751715675413
C000190,31.56,Sciences,Montreal,H1A,140807,11,21.4,0,Centre,0,False,False,1,33.14199170608273,3.09,False,False,0.47844116394064923
C009336,28.15,Genie,Montreal,H4L,142746,10,22.2,0,Centre,0,False,False,0,29.588174278257025,-0.46381742782570257,True,False,0.451135069390516
C004246,25.76,Sante,Gaspesie-Iles-de-la-Madeleine,G4X,127499,13,322.5,1,Remote,0,False,False,0,27.629626561734135,-2.4223651443485927,False,False,0.5138378732939285
C006641,32.2,Sciences sociales,Montreal,H2X,56917,10,32.3,0,Centre,0,False,False,1,33.638174278257026,3.586182572174298,False,False,0.4340634865414027
C009170,25.19,Sciences sociales,Montreal,H8N,64652,8,1.4,1,Centre,0,False,False,0,26.340539422605623,-3.7114522834771044,False,False,0.5109167806217154
C001782,36.52,Genie,Montreal,H8N,99560,10,4.9,0,Centre,-1,True,True,1,37.95817427825703,7.9061825721743055,False,False,0.5787071527143729
C002776,30.86,Sciences,Montreal,H2X,81310,10,26.3,1,Centre,0,False,False,1,32.29817427825702,2.2461825721742947,False,False,0.40951700305178823
C006219,24.44,Arts et lettres,Montreal,H1A,68116,10,6.2,0,Centre,0,False,False,0,25.878174278257028,-4.1738174278257,False,False,0.4422351112983952
C009975,32.31,Arts et lettres,Montreal,H4L,35899,8,33.9,0,Centre,0,False,False,1,33.46053942260562,3.408547716522893,False,False,0.4796310742464391
C013662,24.41,Genie,Montreal,H2X,38165,11,5.1,1,Centre,0,False,False,0,25.99199170608273,-4.059999999999999,False,False,0.4962395279566964
C000758,22.38,Genie,Montreal,H4L,63510,7,27.6,1,Centre,0,False,False,0,23.38672199477992,-6.665269711302809,False,False,0.45717048237189284
C007559,28.2,Sciences,Capitale-Nationale,G2E,281008,12,3.2,0,Centre,-1,True,True,0,29.92580913390843,-0.1261825721742973,True,False,0.5862691984517037
C008684,25.12,Sante,Cote-Nord,G0G,98364,10,151.2,0,Remote,0,False,False,0,26.558174278257027,-3.4938174278257,False,False,0.44698516213195094
C001905,26.35,Sciences sociales,Montreal,H2X,151441,10,33.1,0,Centre,0,False,False,0,27.788174278257028,-2.2638174278256997,False,False,0.4687028959542673
C005740,25.44,Arts et lettres,Montreal,H2X,77645,5,16.4,0,Centre,0,False,False,0,26.159087139128516,-3.8929045669542113,False,False,0.44321222331380783
C013112,25.56,Genie,Montreal,H2X,38059,10,33.2,0,Centre,0,False,False,0,26.998174278257025,-3.0538174278257024,False,False,0.43239294382553956
C000364,33.27,Arts et lettres,Bas-Saint-Laurent,G5N,33035,11,202.3,1,Remote,0,False,False,1,34.851991706082735,4.800000000000008,False,False,0.5120690580098652
C007344,28.28,Sciences,Bas-Saint-Laurent,G5L,26521,7,103.0,0,Remote,0,False,False,0,29.28672199477992,-0.7652697113028069,False,False,0.49319395187642356
C000372,28.62,Sante,Montreal,H3T,30885,9,8.8,0,Centre,0,False,False,0,29.914356850431325,-0.13763485565140243,True,False,0.47105170668198326
C011760,24.64,Sciences,Montreal,H1A,79922,7,18.1,0,Centre,0,False,False,0,25.64672199477992,-4.405269711302807,False,False,0.418299247215972
C003208,26.66,Sciences sociales,Capitale-Nationale,G3A,89888,12,20.3,0,Centre,0,False,False,0,28.38580913390843,-1.6661825721742964,False,False,0.40984411759493944
C012171,27.76,Sciences sociales,Capitale-Nationale,G1V,101306,10,32.6,0,Centre,0,False,False,0,29.198174278257028,-0.8538174278256996,False,False,0.4081290498057527
C001680,28.47,Sciences sociales,Cote-Nord,G4R,32931,13,378.2,0,Remote,0,False,False,1,30.339626561734132,0.28763485565140456,True,False,0.4705069892708302
C001841,29.67,Genie,Montreal,H2X,50072,3,20.6,0,Centre,0,False,False,1,30.10145228347711,0.04946057739438103,True,False,0.49116220895829005
C000709,24.33,Arts et lettres,Capitale-Nationale,G3A,75454,8,49.2,0,Centre,0,False,False,0,25.48053942260562,-4.571452283477107,False,False,0.43507311731273157
C007261,25.17,Genie,Capitale-Nationale,G3A,78233,4,18.1,1,Centre,0,False,False,0,25.74526971130281,-4.306721994779917,False,False,0.47065705735676255
C006329,24.58,Genie,Gaspesie-Iles-de-la-Madeleine,G5C,49362,15,640.1,0,Remote,0,False,False,0,26.73726141738554,-3.314730288697188,False,False,0.5161073924653617
C009813,29.42,Genie,Gaspesie-Iles-de-la-Madeleine,G5C,55084,16,252.6,1,Remote,0,False,False,1,31.721078845211245,1.6690871391285178,False,False,0.44713035535300993
C001428,28.26,Sciences,Montreal,H2X,67117,12,24.0,0,Centre,0,False,False,0,29.985809133908432,-0.06618257217429502,True,False,0.39634174441719244
C000055,26.92,Sante,Gaspesie-Iles-de-la-Madeleine,G0C,41076,12,287.7,1,Remote,0,False,False,0,28.645809133908433,-1.4061825721742949,False,False,0.4328277313229886
C012788,25.68,Sciences,Cote-Nord,G5B,71760,7,271.8,0,Remote,0,False,False,0,26.68672199477992,-3.3652697113028083,False,False,0.4649136564421447
C003190,26.43,Sciences sociales,Montreal,H4L,39476,9,4.3,0,Centre,0,False,False,0,27.724356850431324,-2.3276348556514037,False,False,0.475119884071631
C001955,28.88,Genie,Cote-Nord,G4R,43505,16,360.2,0,Remote,0,False,False,1,31.181078845211243,1.129087139128515,False,False,0.47097705552892605
C012112,27.39,Arts et lettres,Montreal,H3T,78173,9,26.8,0,Centre,0,False,False,0,28.684356850431325,-1.3676348556514029,False,False,0.38923031830774774
C001349,24.41,Sciences,Bas-Saint-Laurent,G5N,56481,10,205.9,1,Remote,0,False,False,0,25.848174278257027,-4.203817427825701,False,False,0.43716366775352616
C000195,23.55,Genie,Bas-Saint-Laurent,G5N,45932,15,248.1,0,Remote,0,False,False,0,25.70726141738554,-4.344730288697189,False,False,0.4642482473107275
C003144,25.65,Sciences,Montreal,H1A,82601,7,8.1,0,Centre,0,False,False,0,26.656721994779918,-3.3952697113028094,False,False,0.4259979494989189
C009412,30.28,Sante,Cote-Nord,G4R,16209,10,131.4,0,Remote,0,False,False,1,31.718174278257028,1.6661825721743,False,False,0.5424058786177006
C000694,30.67,Arts et lettres,Gaspesie-Iles-de-la-Madeleine,G5C,28788,16,101.3,0,Remote,0,False,False,1,32.971078845211245,2.919087139128518,False,False,0.5078199180911123
C006465,29.32,Genie,Montreal,H1A,83431,10,18.8,0,Centre,0,False,False,1,30.758174278257027,0.7061825721742991,False,False,0.3928916194027522
C005135,26.96,Sciences,Capitale-Nationale,G1R,134454,8,1.5,0,Centre,0,False,False,0,28.110539422605623,-1.9414522834771049,False,False,0.5400960744675357
C012504,23.85,Sciences sociales,Bas-Saint-Laurent,G5N,34056,14,191.7,0,Remote,0,False,False,0,25.863443989559837,-4.188547716522891,False,False,0.4738461298799356
C010632,24.82,Arts et lettres,Capitale-Nationale,G3A,54555,9,38.1,1,Centre,0,False,False,0,26.114356850431324,-3.937634855651403,False,False,0.41886198014413645
C002597,25.57,Sante,Capitale-Nationale,G3A,57074,11,12.7,0,Centre,0,False,False,0,27.15199170608273,-2.8999999999999986,False,False,0.4170325636843377
C012362,25.57,Genie,Montreal,H2X,180539,9,22.1,0,Centre,0,False,False,0,26.864356850431324,-3.187634855651403,False,False,0.5041864608149259
C006374,26.4,Arts et lettres,Montreal,H4L,84469,11,25.2,0,Centre,0,False,False,0,27.981991706082727,-2.0700000000000003,False,False,0.40288673463676894
C008619,29.82,Sciences sociales,Gaspesie-Iles-de-la-Madeleine,G5C,64491,11,305.2,0,Remote,0,False,False,1,31.40199170608273,1.3500000000000014,False,False,0.43899308076951776
C003215,25.47,Genie,Montreal,H1A,148811,10,4.0,1,Centre,0,False,False,0,26.908174278257025,-3.1438174278257023,False,False,0.5125872027914377
C002492,31.65,Sciences,Montreal,H3T,53785,10,5.3,0,Centre,0,False,False,1,33.08817427825703,3.036182572174301,False,False,0.46363048259365436
C003686,25.27,Sciences,Capitale-Nationale,G1V,52226,10,25.9,1,Centre,0,False,False,0,26.708174278257026,-3.3438174278257016,False,False,0.40895577034346897
C012082,26.21,Arts et lettres,Capitale-Nationale,G3A,62175,12,85.4,0,Centre,0,False,False,0,27.935809133908432,-2.1161825721742957,False,False,0.41704294029751143
C013874,24.74,Arts et lettres,Montreal,H8N,31807,8,32.2,0,Centre,0,False,False,0,25.89053942260562,-4.161452283477107,False,False,0.4620021019453132
C002810,26.63,Sciences,Gaspesie-Iles-de-la-Madeleine,G4X,26070,15,159.5,1,Remote,0,False,False,0,28.787261417385537,-1.2647302886971907,False,False,0.4825779104552477
C008036,26.55,Sciences,Bas-Saint-Laurent,G0L,33628,19,109.6,1,Remote,0,False,False,0,29.28253112868835,-0.7694605773943763,False,False,0.5014090777502234
C012996,27.06,Sciences sociales,Bas-Saint-Laurent,G5N,63906,9,279.2,0,Remote,0,False,False,0,28.354356850431323,-1.6976348556514047,False,False,0.43654105866403436
C009943,30.23,Sciences,Capitale-Nationale,G1V,45502,11,8.2,1,Centre,0,False,False,1,31.81199170608273,1.7600000000000016,False,False,0.43869141912229415
C006621,27.85,Sante,Montreal,H2X,71497,8,11.9,0,Centre,0,False,False,0,29.000539422605623,-1.0514522834771043,False,False,0.3974580174256864
C005127,27.31,Sciences sociales,Gaspesie-Iles-de-la-Madeleine,G4X,53207,15,84.7,0,Remote,0,False,False,0,29.467261417385537,-0.584730288697191,False,False,0.43033112212967517
C003326,29.47,Sciences sociales,Gaspesie-Iles-de-la-Madeleine,G0C,43808,15,141.4,0,Remote,0,False,False,1,31.62726141738554,1.5752697113028127,False,False,0.4389323223312409
C009817,33.12,Sante,Bas-Saint-Laurent,G0L,100537,7,119.6,1,Remote,0,False,False,1,34.12672199477991,4.074730288697186,False,False,0.5205716511281988
C000723,31.75,Sante,Cote-Nord,G0G,87685,8,488.9,1,Remote,0,False,False,1,32.90053942260562,2.8485477165228907,False,False,0.5366532505505313
C000009,24.69,Arts et lettres,Capitale-Nationale,G1V,24705,7,15.4,0,Centre,0,False,False,0,25.69672199477992,-4.355269711302807,False,False,0.514357518151041
C009867,23.63,Genie,Gaspesie-Iles-de-la-Madeleine,G4X,68182,12,204.7,1,Remote,0,False,False,0,25.35580913390843,-4.696182572174298,False,False,0.45130065591039153
C003955,28.08,Sciences,Bas-Saint-Laurent,G0L,83291,9,249.1,0,Remote,0,False,False,0,29.374356850431322,-0.6776348556514051,False,False,0.43860367701911823
C004647,26.71,Arts et lettres,Cote-Nord,G0G,153893,15,240.9,0,Remote,0,False,False,0,28.867261417385542,-1.1847302886971853,False,False,0.5290041623093124
C004441,26.84,Genie,Montreal,H2X,117927,7,17.1,0,Centre,0,False,False,0,27.84672199477992,-2.205269711302808,False,False,0.4339802310243839
C008599,26.67,Sciences,Bas-Saint-Laurent,G0L,44478,13,124.4,0,Remote,0,False,False,0,28.539626561734135,-1.5123651443485926,False,False,0.4211712621872681
C007731,23.2,Sciences sociales,Montreal,H1A,86372,13,30.6,1,Centre,0,False,False,0,25.069626561734133,-4.982365144348595,False,False,0.4652609306088713
C013722,32.55,Sciences,Bas-Saint-Laurent,G5N,102089,7,392.2,0,Remote,0,False,True,1,33.55672199477991,3.5047302886971856,False,False,0.5562155973448818
C004332,23.75,Sciences,Bas-Saint-Laurent,G5L,41210,11,70.7,0,Remote,0,False,False,0,25.33199170608273,-4.719999999999999,False,False,0.45591675194226444
C008205,24.68,Genie,Montreal,H4L,73408,10,25.8,0,Centre,0,False,False,0,26.118174278257026,-3.9338174278257014,False,False,0.40871740329948025
C006575,25.6,Arts et lettres,Montreal,H1A,42841,7,15.1,0,Centre,0,False,False,0,26.60672199477992,-3.4452697113028066,False,False,0.43704152529199647
C010912,29.01,Sciences,Montreal,H4L,57389,9,27.2,0,Centre,0,False,False,1,30.304356850431326,0.25236514434859814,True,False,0.3904550566283045
C002991,27.37,Sante,Gaspesie-Iles-de-la-Madeleine,G0C,63224,18,257.6,1,Remote,0,False,False,0,29.95871370086265,-0.09327800522007834,True,False,0.4635654151743201
C007039,25.64,Sciences sociales,Capitale-Nationale,G2E,74884,7,14.3,0,Centre,0,False,False,0,26.64672199477992,-3.4052697113028074,False,False,0.40805163560913194
C011786,32.12,Sante,Gaspesie-Iles-de-la-Madeleine,G5C,27002,8,278.8,1,Remote,0,False,False,1,33.270539422605616,3.218547716522888,False,False,0.5419984009917457
C008992,26.69,Sciences,Gaspesie-Iles-de-la-Madeleine,G4X,29148,15,281.4,0,Remote,0,False,False,0,28.84726141738554,-1.2047302886971885,False,False,0.4669485718239233
C006063,23.72,Sciences sociales,Montreal,H4L,95038,14,9.5,0,Centre,0,False,False,0,25.733443989559834,-4.318547716522893,False,False,0.4819975713316681
C011235,25.36,Genie,Montreal,H2X,85353,7,16.4,1,Centre,0,False,False,0,26.36672199477992,-3.6852697113028086,False,False,0.4144867515070535
C009148,26.42,Sciences,Bas-Saint-Laurent,G5L,72430,16,108.9,0,Remote,0,False,False,0,28.721078845211245,-1.3309128608714822,False,False,0.44846886514635764
C003107,23.5,Sciences sociales,Bas-Saint-Laurent,G5N,42194,15,220.3,0,Remote,0,False,False,0,25.65726141738554,-4.394730288697186,False,False,0.47118311283293235
C011289,27.18,Genie,Capitale-Nationale,G1V,84477,4,22.8,0,Centre,0,False,False,0,27.75526971130281,-2.2967219947799187,False,False,0.4520396965090093
C005573,26.83,Sciences,Capitale-Nationale,G3A,80182,4,40.9,0,Centre,0,False,False,0,27.405269711302807,-2.64672199477992,False,False,0.4712635785511978
C010277,23.78,Sciences sociales,Bas-Saint-Laurent,G0L,82814,9,144.4,0,Remote,0,False,False,0,25.074356850431325,-4.977634855651402,False,False,0.4617793917707487
C012129,25.61,Sante,Capitale-Nationale,G3A,48517,10,14.5,1,Centre,0,False,False,0,27.048174278257026,-3.0038174278257017,False,False,0.4138195897079031
C001972,30.82,Genie,Bas-Saint-Laurent,G0L,55548,12,157.7,0,Remote,0,False,False,1,32.545809133908435,2.4938174278257073,False,False,0.43126038035245723
C006218,30.82,Arts et lettres,Bas-Saint-Laurent,G5L,47858,20,160.7,0,Remote,0,False,False,1,33.69634855651405,3.6443568504313255,False,False,0.5163757813338684
C007226,33.21,Genie,Montreal,H8N,40260,6,16.3,1,Centre,0,False,False,1,34.072904566954215,4.020912860871487,False,False,0.5102104689756678
C006819,28.64,Sciences sociales,Montreal,H3T,38484,9,21.8,0,Centre,0,False,False,0,29.934356850431325,-0.11763485565140286,True,False,0.41491690463015063
C010739,25.1,Arts et lettres,Cote-Nord,G5B,36335,11,145.9,1,Remote,0,False,False,0,26.68199170608273,-3.3699999999999974,False,False,0.443975775749439
C008909,24.16,Arts et lettres,Bas-Saint-Laurent,G0L,52071,9,347.3,0,Remote,0,False,False,0,25.454356850431324,-4.597634855651403,False,False,0.47781585286409334
C000889,31.31,Sante,Cote-Nord,G0G,35845,9,336.9,0,Remote,0,False,False,1,32.60435685043132,2.5523651443485953,False,False,0.500774986821767
C006517,25.75,Sciences,Montreal,H3T,30603,8,23.4,0,Centre,0,False,False,0,26.900539422605622,-3.1514522834771057,False,False,0.4568866757722724
C010539,28.48,Sciences,Capitale-Nationale,G1V,61543,10,33.0,1,Centre,0,False,False,0,29.918174278257027,-0.13381742782570072,True,False,0.3924816050171005
C010058,25.43,Arts et lettres,Bas-Saint-Laurent,G0L,110782,16,272.4,1,Remote,0,False,False,0,27.731078845211243,-2.320912860871484,False,False,0.5036581934428856
C001797,30.02,Sciences sociales,Gaspesie-Iles-de-la-Madeleine,G0C,40688,21,120.8,1,Remote,0,False,False,1,33.04016598433976,2.9881742782570306,False,False,0.5339563264788438
C007485,31.19,Sciences,Capitale-Nationale,G1V,31015,12,36.1,1,Centre,0,False,False,1,32.91580913390843,2.8638174278257047,False,False,0.47532952045328736
C001160,27.04,Sciences sociales,Cote-Nord,G4R,39911,11,314.2,1,Remote,0,False,False,0,28.621991706082728,-1.4299999999999997,False,False,0.44065676859736796
C003693,28.08,Genie,Capitale-Nationale,G1R,85408,14,8.9,0,Centre,0,False,False,1,30.093443989559834,0.04145228347710628,True,False,0.4494042546710986
C010893,27.23,Genie,Montreal,H3T,30369,7,17.5,0,Centre,0,False,False,0,28.23672199477992,-1.8152697113028076,False,False,0.4650477279851288
C008119,30.82,Sciences,Capitale-Nationale,G1V,108920,14,19.7,0,Centre,0,False,False,1,32.83344398955984,2.781452283477112,False,False,0.47185843989395304
C002524,30.37,Genie,Cote-Nord,G4R,34115,11,119.4,0,Remote,0,False,False,1,31.95199170608273,1.9000000000000021,False,False,0.44855081607392483
C002496,21.54,Arts et lettres,Montreal,H8N,57852,7,12.3,0,Centre,0,False,False,0,22.54672199477992,-7.505269711302809,False,False,0.4956219368601136
C012980,26.5,Sciences,Capitale-Nationale,G2E,55273,15,23.8,0,Centre,0,False,False,0,28.65726141738554,-1.3947302886971862,False,False,0.4358902893317832
C004395,30.68,Sante,Capitale-Nationale,G1R,36206,4,9.4,0,Centre,0,False,False,1,31.25526971130281,1.2032780052200813,False,False,0.5268209166395595
C002843,25.96,Genie,Gaspesie-Iles-de-la-Madeleine,G4X,57756,15,322.6,1,Remote,0,False,False,0,28.117261417385542,-1.9347302886971853,False,False,0.446088287030076
C013845,28.24,Sciences sociales,Bas-Saint-Laurent,G5N,42869,15,149.3,1,Remote,0,False,False,1,30.397261417385536,0.3452697113028087,True,False,0.4334362558943758
C013376,33.82,Sante,Montreal,H2X,59176,5,37.6,0,Centre,0,False,False,1,34.53908713912851,4.487095433045784,False,False,0.5193096575137989
C004448,22.85,Genie,Cote-Nord,G0G,50843,12,157.8,0,Remote,0,False,False,0,24.575809133908432,-5.476182572174295,False,False,0.46215236135602944
C009657,24.94,Sciences sociales,Montreal,H3T,101369,6,24.6,0,Centre,0,False,False,0,25.80290456695422,-4.249087139128509,False,False,0.444896699161976
C011342,29.16,Sciences sociales,Montreal,H4L,80389,9,13.5,0,Centre,0,False,False,1,30.454356850431324,0.4023651443485967,True,False,0.39417691469299654
C013771,30.23,Genie,Capitale-Nationale,G2E,90251,6,12.7,0,Centre,0,False,False,1,31.092904566954218,1.0409128608714902,False,False,0.4322049753447853
C005849,23.01,Genie,Capitale-Nationale,G1V,92703,11,21.0,0,Centre,0,False,False,0,24.59199170608273,-5.459999999999997,False,False,0.4557188667379813
C008172,24.49,Sciences sociales,Montreal,H2X,77631,12,12.2,0,Centre,0,False,False,0,26.21580913390843,-3.836182572174298,False,False,0.4288598917889282
C007477,27.63,Arts et lettres,Bas-Saint-Laurent,G5N,54250,9,213.3,1,Remote,0,False,False,0,28.924356850431323,-1.1276348556514044,False,False,0.4208907282755833
C013340,30.01,Sciences,Cote-Nord,G0G,37791,21,208.9,1,Remote,0,False,False,1,33.03016598433976,2.9781742782570326,False,False,0.5373978791755842
C012779,27.49,Genie,Bas-Saint-Laurent,G0L,60118,14,136.7,0,Remote,0,False,False,0,29.503443989559834,-0.5485477165228936,False,False,0.41602783361018286
C004285,24.63,Arts et lettres,Montreal,H4L,104358,8,2.6,0,Centre,0,False,False,0,25.78053942260562,-4.271452283477107,False,False,0.5000606502390252
C003898,21.96,Sciences,Montreal,H1A,61373,14,14.0,0,Centre,0,False,False,0,23.973443989559836,-6.078547716522891,False,False,0.4980433232522467
C003363,32.62,Genie,Capitale-Nationale,G2E,59517,8,20.2,0,Centre,0,False,False,1,33.770539422605616,3.718547716522888,False,False,0.441205466530066
C012831,26.65,Sciences sociales,Capitale-Nationale,G3A,53349,6,22.6,0,Centre,0,False,False,0,27.512904566954216,-2.5390871391285117,False,False,0.4205624753817627
C006814,30.55,Genie,Montreal,H2X,116288,10,21.4,0,Centre,0,False,False,1,31.988174278257027,1.9361825721742996,False,False,0.4368923723048777
C000259,31.42,Sciences sociales,Montreal,H1A,59453,6,2.0,0,Centre,0,False,False,1,32.282904566954215,2.230912860871488,False,False,0.5297037629199273
C011833,23.21,Arts et lettres,Montreal,H1A,49499,10,49.2,0,Centre,0,False,False,0,24.648174278257027,-5.4038174278257,False,False,0.4475535134866184
C009858,26.85,Genie,Montreal,H8N,48466,5,9.6,1,Centre,0,False,False,0,27.569087139128513,-2.4829045669542147,False,False,0.4618580968751177
C008775,23.79,Sciences,Gaspesie-Iles-de-la-Madeleine,G4X,61343,10,181.7,1,Remote,0,False,False,0,25.228174278257026,-4.823817427825702,False,False,0.4454586293281577
C005121,24.76,Genie,Montreal,H1A,42846,5,44.2,0,Centre,0,False,False,0,25.479087139128517,-4.572904566954211,False,False,0.48764255071105334
C008183,26.9,Sciences,Gaspesie-Iles-de-la-Madeleine,G0C,39959,9,365.3,1,Remote,0,False,False,0,28.194356850431323,-1.8576348556514048,False,False,0.46431120525784014
C003011,29.45,Genie,Bas-Saint-Laurent,G5L,50264,20,218.8,1,Remote,0,False,False,1,32.32634855651405,2.274356850431321,False,False,0.5035475234837823
C011900,31.36,Genie,Montreal,H2X,34042,8,38.4,0,Centre,0,False,False,1,32.51053942260562,2.45854771652289,False,False,0.4670278366368142
C003437,28.47,Sciences,Capitale-Nationale,G1R,114756,9,42.3,1,Centre,0,False,False,0,29.764356850431323,-0.28763485565140456,True,False,0.4359303518298074
C000042,22.83,Genie,Montreal,H2X,127549,10,40.6,0,Centre,0,False,False,0,24.268174278257025,-5.783817427825703,False,False,0.5020259708143274
C006366,25.03,Sciences,Capitale-Nationale,G1V,89315,8,2.4,1,Centre,0,False,False,0,26.180539422605623,-3.8714522834771046,False,False,0.48895681262600765
C003808,23.32,Arts et lettres,Bas-Saint-Laurent,G0L,36311,16,228.8,1,Remote,0,False,False,0,25.621078845211244,-4.430912860871484,False,False,0.4929159670857236
C004098,33.89,Sciences sociales,Montreal,H3T,170513,9,3.3,0,Centre,0,False,True,1,35.18435685043132,5.132365144348594,False,False,0.6007578634508524
C011974,21.64,Arts et lettres,Montreal,H3T,42719,7,24.6,0,Centre,0,False,False,0,22.64672199477992,-7.405269711302807,False,False,0.5036689971963216
C005222,24.25,Arts et lettres,Cote-Nord,G4R,23114,6,131.7,0,Remote,0,False,True,0,25.112904566954217,-4.93908713912851,False,False,0.5506176108986492
C006113,30.28,Sciences,Montreal,H8N,79949,10,11.4,0,Centre,0,False,False,1,31.718174278257028,1.6661825721743,False,False,0.40946612309422303
C003385,26.08,Genie,Cote-Nord,G5B,57238,9,155.1,0,Remote,0,False,False,0,27.374356850431322,-2.677634855651405,False,False,0.4241677655858729
C010435,28.6,Sante,Montreal,H1A,120031,7,5.2,0,Centre,0,False,False,0,29.60672199477992,-0.44526971130280657,True,False,0.4682552716663261
C009018,29.65,Sciences,Capitale-Nationale,G3A,54274,8,28.1,1,Centre,0,False,False,1,30.80053942260562,0.7485477165228929,False,False,0.3994325456920741
C000002,27.98,Arts et lettres,Montreal,H1A,251027,11,12.8,0,Centre,0,False,False,0,29.56199170608273,-0.48999999999999844,True,False,0.5432971717920584
C001212,26.67,Sciences,Montreal,H1A,68982,9,21.5,0,Centre,0,False,False,0,27.964356850431326,-2.0876348556514017,False,False,0.3879135334410045
C013597,27.97,Arts et lettres,Montreal,H4L,69409,7,23.4,0,Centre,0,False,False,0,28.97672199477992,-1.0752697113028091,False,False,0.39477708384602184
C008123,29.09,Sciences,Capitale-Nationale,G1R,179332,7,26.9,0,Centre,0,False,False,1,30.09672199477992,0.04473028869719187,True,False,0.5084015036321508
C003743,26.97,Sciences,Montreal,H2X,79697,6,36.7,1,Centre,0,False,False,0,27.832904566954216,-2.2190871391285114,False,False,0.4228377101909092
C007740,29.98,Sciences,Gaspesie-Iles-de-la-Madeleine,G0C,44754,15,156.1,0,Remote,0,False,False,1,32.13726141738554,2.0852697113028107,False,False,0.4447981706803505
C010355,23.89,Sciences,Capitale-Nationale,G1V,60752,6,15.6,0,Centre,0,False,False,0,24.752904566954218,-5.29908713912851,False,False,0.44729651459718295
C009041,27.28,Sciences sociales,Montreal,H1A,131524,13,10.4,0,Centre,0,False,False,0,29.149626561734134,-0.9023651443485932,False,False,0.48293957835077617
C004720,22.01,Sciences,Bas-Saint-Laurent,G0L,93796,12,215.0,1,Remote,0,False,False,0,23.735809133908432,-6.316182572174295,False,False,0.5122227072194941
C004279,29.59,Sciences,Gaspesie-Iles-de-la-Madeleine,G0C,75218,9,364.6,0,Remote,0,False,False,1,30.884356850431324,0.8323651443485964,False,False,0.46537032161693703
C011062,25.42,Genie,Cote-Nord,G5B,72835,12,262.3,0,Remote,0,False,False,0,27.145809133908433,-2.906182572174295,False,False,0.43865119129715485
C006244,24.16,Arts et lettres,Capitale-Nationale,G1R,57833,10,11.7,0,Centre,0,False,False,0,25.598174278257027,-4.453817427825701,False,False,0.4292012340499673
C003946,30.77,Sciences,Gaspesie-Iles-de-la-Madeleine,G4X,49608,21,193.4,0,Remote,0,False,False,1,33.79016598433976,3.7381742782570306,False,False,0.5322795062620045
C006606,29.98,Genie,Montreal,H8N,151470,10,12.3,0,Centre,0,False,False,1,31.418174278257027,1.3661825721742993,False,False,0.4681098010637705
C007338,28.93,Sante,Bas-Saint-Laurent,G5L,48343,10,113.7,1,Remote,0,False,False,1,30.368174278257026,0.31618257217429857,True,False,0.4127745161743274
C004757,24.66,Genie,Capitale-Nationale,G2E,64256,13,64.0,0,Centre,0,False,False,0,26.529626561734133,-3.522365144348594,False,False,0.43385927332224317
C009968,28.89,Arts et lettres,Montreal,H4L,61441,9,5.0,0,Centre,0,False,False,1,30.184356850431325,0.13236514434859714,True,False,0.4248668077093933
C005895,28.94,Genie,Montreal,H3T,49424,13,27.7,1,Centre,0,False,False,1,30.809626561734134,0.757634855651407,False,False,0.4167416150260276
C013297,24.97,Sante,Cote-Nord,G5B,48408,11,53.7,0,Remote,0,False,False,0,26.551991706082728,-3.5,False,False,0.4263154607181225
C000648,28.38,Sciences,Montreal,H8N,84938,7,16.3,0,Centre,0,False,False,0,29.38672199477992,-0.665269711302809,False,False,0.4016984877210612
C009074,29.22,Sciences,Montreal,H4L,51402,6,18.1,1,Centre,0,False,False,1,30.082904566954216,0.03091286087148859,True,False,0.41883369913312024
C013748,22.08,Sciences sociales,Capitale-Nationale,G1V,137038,8,14.5,1,Centre,0,False,False,0,23.23053942260562,-6.821452283477107,False,False,0.5197775179648553
C013447,26.22,Sante,Montreal,H3T,109802,11,6.9,0,Centre,0,False,False,0,27.801991706082728,-2.25,False,False,0.45126614313770264
C006691,26.91,Sciences,Gaspesie-Iles-de-la-Madeleine,G5C,103804,18,391.9,0,Remote,0,False,False,0,29.49871370086265,-0.5532780052200792,False,False,0.5248402346641902
C013796,32.69,Arts et lettres,Capitale-Nationale,G1V,174270,6,11.8,0,Centre,0,False,True,1,33.55290456695421,3.500912860871484,False,False,0.5692302486788487
C003778,30.26,Sante,Montreal,H1A,79306,6,21.9,1,Centre,0,False,False,1,31.12290456695422,1.0709128608714913,False,False,0.4210521956081716
C000423,30.16,Genie,Montreal,H1A,66489,6,22.2,1,Centre,0,False,False,1,31.022904566954217,0.9709128608714899,False,False,0.417538780558521
C006461,31.83,Arts et lettres,Montreal,H2X,57948,10,5.8,0,Centre,0,False,False,1,33.26817427825702,3.2161825721742936,False,False,0.4622022538627662
C001185,28.34,Sciences sociales,Gaspesie-Iles-de-la-Madeleine,G0C,100525,10,430.0,1,Remote,0,False,False,0,29.778174278257026,-0.2738174278257013,True,False,0.4913019836962974
C007100,30.08,Genie,Montreal,H3T,97952,7,19.5,0,Centre,0,False,False,1,31.086721994779918,1.0347302886971903,False,False,0.4176649031574306
C008813,30.27,Genie,Montreal,H3T,83076,10,11.5,1,Centre,0,False,False,1,31.708174278257026,1.6561825721742984,False,False,0.410937677579697
C011112,26.21,Sciences sociales,Bas-Saint-Laurent,G0L,30412,15,55.3,1,Remote,0,False,False,0,28.367261417385542,-1.6847302886971853,False,False,0.4774211551740353
C013120,27.44,Sciences sociales,Montreal,H1A,86427,10,11.6,0,Centre,0,False,False,0,28.878174278257028,-1.1738174278256999,False,False,0.40265767495627747
C001186,25.51,Genie,Montreal,H8N,91529,9,8.5,1,Centre,0,False,False,0,26.804356850431326,-3.247634855651402,False,False,0.42647449563261824
C005169,29.08,Arts et lettres,Bas-Saint-Laurent,G5L,27327,9,122.3,0,Remote,0,False,False,1,30.374356850431322,0.32236514434859487,True,False,0.4694298668749816
C003804,26.03,Arts et lettres,Bas-Saint-Laurent,G5N,43852,14,262.1,0,Remote,0,False,False,0,28.043443989559837,-2.008547716522891,False,False,0.43302707888971415
C005503,28.11,Sciences sociales,Capitale-Nationale,G1V,83745,7,59.8,1,Centre,0,False,False,0,29.11672199477992,-0.9352697113028086,False,False,0.42741206217333877
C005862,25.66,Sciences,Cote-Nord,G0G,51013,11,143.0,0,Remote,0,False,False,0,27.24199170608273,-2.8099999999999987,False,False,0.417936319339582
C009538,28.34,Genie,Capitale-Nationale,G3A,64258,10,11.7,1,Centre,0,False,False,0,29.778174278257026,-0.2738174278257013,True,False,0.397051073135331
C009448,28.45,Arts et lettres,Montreal,H3T,81384,14,23.4,0,Centre,0,False,False,1,30.463443989559835,0.4114522834771073,True,False,0.4232851235915493
C006032,28.12,Sciences,Montreal,H3T,51509,11,49.6,0,Centre,0,False,False,0,29.70199170608273,-0.34999999999999787,True,False,0.40927524979895663
C003885,27.6,Sante,Gaspesie-Iles-de-la-Madeleine,G4X,78306,16,396.6,0,Remote,0,False,False,0,29.901078845211245,-0.15091286087148248,True,False,0.47920156761701493
C004432,26.28,Sante,Montreal,H3T,137153,13,11.9,0,Centre,0,False,False,0,28.149626561734134,-1.9023651443485932,False,False,0.48302374408491255
C000871,28.04,Sante,Montreal,H1A,41143,9,36.5,0,Centre,0,False,False,0,29.334356850431323,-0.7176348556514043,False,False,0.41543924258483345
C002039,23.0,Genie,Gaspesie-Iles-de-la-Madeleine,G4X,62812,10,378.0,0,Remote,0,False,False,0,24.438174278257026,-5.613817427825701,False,False,0.496965749885256
C006365,30.36,Sciences,Bas-Saint-Laurent,G0L,84519,16,325.6,1,Remote,0,False,False,1,32.66107884521124,2.6090871391285155,False,False,0.49282442235788304
C004911,23.31,Genie,Montreal,H3T,47055,5,17.8,1,Centre,0,False,False,0,24.029087139128514,-6.022904566954214,False,False,0.48086090447781216
C006672,24.38,Sciences sociales,Montreal,H2X,83758,10,14.1,0,Centre,0,False,False,0,25.818174278257025,-4.233817427825702,False,False,0.4210461064153094
C011536,27.37,Genie,Bas-Saint-Laurent,G0L,21083,20,112.2,1,Remote,0,False,True,1,30.246348556514054,0.19435685043132622,True,False,0.568024497021771
C004981,24.97,Arts et lettres,Montreal,H1A,59751,8,11.9,0,Centre,0,False,False,0,26.12053942260562,-3.931452283477107,False,False,0.41727667175164435
C010651,32.94,Arts et lettres,Capitale-Nationale,G1R,52922,7,19.9,1,Centre,0,False,False,1,33.946721994779914,3.894730288697186,False,False,0.46034644318776474
C007956,31.53,Sciences sociales,Capitale-Nationale,G2E,84624,9,32.4,0,Centre,0,False,False,1,32.82435685043132,2.772365144348594,False,False,0.424305839240018
C012297,27.71,Sciences,Gaspesie-Iles-de-la-Madeleine,G0C,52253,12,244.9,0,Remote,0,False,False,0,29.435809133908432,-0.6161825721742957,False,False,0.41336420555888986
C002327,30.23,Arts et lettres,Capitale-Nationale,G1R,124853,8,33.3,0,Centre,0,False,False,1,31.380539422605622,1.3285477165228947,False,False,0.4466960518024136
C000169,29.35,Genie,Montreal,H1A,58178,5,11.5,0,Centre,0,False,False,1,30.069087139128513,0.017095433045785313,True,False,0.4379053505116348
C013067,27.79,Sciences sociales,Gaspesie-Iles-de-la-Madeleine,G4X,56894,19,195.0,1,Remote,0,False,False,1,30.52253112868835,0.4705394226056221,True,False,0.4811280589839505
C008812,29.2,Sciences sociales,Bas-Saint-Laurent,G0L,57655,12,247.5,1,Remote,0,False,False,1,30.92580913390843,0.8738174278257027,False,False,0.42092136639739763
C009640,28.87,Arts et lettres,Montreal,H1A,56852,9,21.5,0,Centre,0,False,False,1,30.164356850431325,0.11236514434859757,True,False,0.3904690655342276
C009431,24.5,Sciences sociales,Montreal,H3T,61936,4,19.5,1,Centre,0,False,False,0,25.07526971130281,-4.976721994779918,False,False,0.47394628507750497
C007879,28.75,Genie,Capitale-Nationale,G2E,137590,10,29.8,1,Centre,0,False,False,1,30.188174278257026,0.13618257217429885,True,False,0.44733398463058754
C006639,30.51,Arts et lettres,Montreal,H8N,85268,11,5.9,0,Centre,0,False,False,1,32.09199170608273,2.0400000000000027,False,False,0.4431248350730494
C003038,21.7,Sciences,Bas-Saint-Laurent,G5L,55995,12,122.5,1,Remote,0,False,False,0,23.42580913390843,-6.626182572174297,False,False,0.486543057004032
C012698,26.47,Sciences sociales,Montreal,H1A,155835,10,19.1,1,Centre,0,False,False,0,27.908174278257025,-2.1438174278257023,False,False,0.4680293087065374
C002262,28.33,Genie,Gaspesie-Iles-de-la-Madeleine,G5C,83434,14,288.0,0,Remote,0,False,False,1,30.343443989559834,0.2914522834771063,True,False,0.44921998429952764
C012610,29.65,Genie,Capitale-Nationale,G1R,47790,7,26.6,0,Centre,0,False,False,1,30.656721994779918,0.6047302886971906,False,False,0.41306127996608105
C003901,28.54,Genie,Montreal,H1A,84153,4,37.3,0,Centre,0,False,False,0,29.11526971130281,-0.9367219947799192,False,False,0.46320045632341567
C006359,34.27,Genie,Gaspesie-Iles-de-la-Madeleine,G4X,57676,16,344.1,0,Remote,0,False,True,1,36.57107884521125,6.519087139128519,False,False,0.5517703954026034
C002588,28.52,Sciences,Capitale-Nationale,G1R,88509,9,36.2,0,Centre,0,False,False,0,29.814356850431324,-0.23763485565140385,True,False,0.39790711413710733
C001396,26.3,Sciences,Capitale-Nationale,G1R,44371,14,23.7,1,Centre,0,False,False,0,28.313443989559836,-1.7385477165228913,False,False,0.4344226845743454
C001571,28.04,Sciences sociales,Gaspesie-Iles-de-la-Madeleine,G4X,78277,8,414.3,1,Remote,0,False,False,0,29.19053942260562,-0.8614522834771066,False,False,0.48467983022531513
C001528,31.98,Genie,Montreal,H1A,84475,9,5.4,0,Centre,0,False,False,1,33.274356850431325,3.222365144348597,False,False,0.46881104968315446
C008352,23.42,Sciences,Cote-Nord,G0G,68153,16,199.1,0,Remote,0,False,False,0,25.721078845211245,-4.330912860871482,False,False,0.47918060531788625
C007829,25.7,Sciences,Gaspesie-Iles-de-la-Madeleine,G0C,135539,14,208.2,1,Remote,0,False,False,0,27.713443989559835,-2.3385477165228927,False,False,0.5010530159577561
C003679,25.16,Arts et lettres,Montreal,H1A,164038,12,23.5,0,Centre,0,False,False,0,26.88580913390843,-3.1661825721742964,False,False,0.5074833677175613
C006342,31.02,Sante,Montreal,H3T,45005,13,10.3,1,Centre,0,False,False,1,32.88962656173413,2.8376348556514053,False,False,0.4633888795019693
C009495,33.26,Sciences,Capitale-Nationale,G2E,30606,10,34.1,0,Centre,0,False,False,1,34.69817427825703,4.6461825721743,False,False,0.5171949340123082
C012283,29.69,Sciences sociales,Montreal,H2X,145095,6,33.6,0,Centre,0,False,False,1,30.55290456695422,0.500912860871491,False,False,0.4791123578557393
C008746,26.31,Genie,Montreal,H8N,89970,9,8.6,0,Centre,0,False,False,0,27.604356850431323,-2.4476348556514047,False,False,0.41439252964289225
C000612,26.7,Arts et lettres,Cote-Nord,G5B,76653,13,131.4,0,Remote,0,False,False,0,28.569626561734133,-1.482365144348595,False,False,0.42208922690639705
C001756,31.42,Genie,Montreal,H3T,52487,9,12.7,0,Centre,0,False,False,1,32.71435685043132,2.6623651443485947,False,False,0.42708202115332033
C007898,19.72,Arts et lettres,Capitale-Nationale,G1R,64588,8,20.7,1,Centre,0,False,False,0,20.87053942260562,-9.181452283477107,False,False,0.5254782077888587
C003359,32.36,Sciences,Cote-Nord,G4R,28913,9,299.8,0,Remote,0,False,False,1,33.65435685043132,3.6023651443485925,False,False,0.5328351708767121
C008531,28.18,Genie,Montreal,H2X,58774,8,31.0,0,Centre,0,False,False,0,29.33053942260562,-0.721452283477106,False,False,0.39503972685480504
C000923,26.94,Sciences,Gaspesie-Iles-de-la-Madeleine,G4X,38827,14,318.9,0,Remote,0,False,False,0,28.953443989559837,-1.0985477165228907,False,False,0.44384987205573645
C010029,27.39,Arts et lettres,Cote-Nord,G5B,36235,14,523.7,0,Remote,0,False,False,0,29.403443989559836,-0.6485477165228914,False,False,0.49749852845787124
C012083,25.24,Sciences,Montreal,H2X,80727,8,12.2,0,Centre,0,False,False,0,26.39053942260562,-3.6614522834771073,False,False,0.4116626375618766
C002411,20.14,Genie,Capitale-Nationale,G1V,89916,10,37.9,0,Centre,0,False,False,0,21.578174278257027,-8.4738174278257,False,False,0.529595651432897
C006615,28.87,Sante,Gaspesie-Iles-de-la-Madeleine,G0C,109044,13,154.7,0,Remote,0,False,False,1,30.739626561734134,0.6876348556514067,False,False,0.45626305807554646
C007948,21.48,Arts et lettres,Montreal,H1A,100297,9,8.7,1,Centre,0,False,False,0,22.774356850431325,-7.277634855651403,False,False,0.5109374636197943
C000051,26.72,Sciences,Cote-Nord,G0G,32938,9,179.5,0,Remote,0,False,False,0,28.014356850431323,-2.0376348556514046,False,False,0.4453707659542214
C003442,28.74,Genie,Gaspesie-Iles-de-la-Madeleine,G5C,44578,15,236.1,1,Remote,0,False,False,1,30.897261417385536,0.8452697113028087,False,False,0.4323772117027986
C006704,34.64,Sciences sociales,Capitale-Nationale,G3A,78891,7,14.4,0,Centre,0,False,False,1,35.64672199477992,5.594730288697189,False,False,0.5077000209270789
C003005,26.6,Sante,Montreal,H1A,83194,10,36.8,1,Centre,0,False,False,0,28.038174278257028,-2.0138174278256997,False,False,0.404941458447915
C006863,27.4,Arts et lettres,Montreal,H2X,49796,9,23.8,0,Centre,0,False,False,0,28.694356850431323,-1.3576348556514048,False,False,0.3964274829245811
C013289,28.7,Sante,Gaspesie-Iles-de-la-Madeleine,G0C,36455,15,202.2,0,Remote,0,False,False,1,30.857261417385537,0.8052697113028096,False,False,0.44093808285588504
C007901,25.88,Genie,Bas-Saint-Laurent,G5L,26105,14,230.2,0,Remote,0,False,False,0,27.893443989559835,-2.158547716522893,False,False,0.47691000979730774
C001519,25.76,Arts et lettres,Capitale-Nationale,G2E,83975,6,11.9,1,Centre,0,False,False,0,26.62290456695422,-3.4290871391285087,False,False,0.42570613134195157
C012314,26.8,Sciences,Montreal,H8N,71336,14,24.6,0,Centre,0,False,False,0,28.813443989559836,-1.2385477165228913,False,False,0.4219501135178001
C009127,35.44,Sciences,Montreal,H4L,111226,13,38.4,0,Centre,0,False,True,1,37.309626561734134,7.257634855651407,False,False,0.5686718524157244
C007385,27.01,Sciences sociales,Montreal,H4L,40999,7,17.2,1,Centre,0,False,False,0,28.01672199477992,-2.0352697113028064,False,False,0.4336381867803646
C011388,27.25,Sciences,Gaspesie-Iles-de-la-Madeleine,G4X,41469,20,280.8,1,Remote,0,False,False,1,30.126348556514053,0.07435685043132523,True,False,0.5109487367995743
C004422,28.14,Sciences sociales,Gaspesie-Iles-de-la-Madeleine,G5C,49408,9,197.6,1,Remote,0,False,False,0,29.434356850431325,-0.6176348556514029,False,False,0.422882379597596
C001787,26.54,Genie,Capitale-Nationale,G2E,50638,4,18.9,0,Centre,0,False,False,0,27.11526971130281,-2.9367219947799192,False,False,0.46640488772935595
C010084,23.59,Sciences sociales,Gaspesie-Iles-de-la-Madeleine,G5C,54249,15,215.0,0,Remote,0,False,False,0,25.747261417385538,-4.30473028869719,False,False,0.45926271453290074
C003517,29.88,Sciences,Capitale-Nationale,G2E,76021,6,21.3,0,Centre,0,False,False,1,30.742904566954216,0.6909128608714887,False,False,0.417434774316206
C013440,29.59,Sciences,Montreal,H4L,82143,12,7.4,1,Centre,0,False,False,1,31.31580913390843,1.2638174278257033,False,False,0.4328395720638604
C008393,27.46,Sante,Capitale-Nationale,G3A,85902,11,17.4,0,Centre,0,False,False,0,29.04199170608273,-1.009999999999998,False,False,0.4011483059930266
C013969,25.12,Arts et lettres,Capitale-Nationale,G1R,81406,11,10.0,0,Centre,0,False,False,0,26.70199170608273,-3.349999999999998,False,False,0.4287556568895941
C005538,26.39,Genie,Montreal,H8N,93105,13,24.0,1,Centre,0,False,False,0,28.259626561734134,-1.7923651443485937,False,False,0.4280964038947162
C003609,27.8,Arts et lettres,Gaspesie-Iles-de-la-Madeleine,G5C,43673,20,257.5,1,Remote,0,False,False,1,30.676348556514053,0.6243568504313259,False,False,0.5041374665195768
C004520,29.94,Genie,Gaspesie-Iles-de-la-Madeleine,G4X,47454,16,171.1,1,Remote,0,False,False,1,32.24107884521124,2.189087139128514,False,False,0.4545603521282331
C013806,27.74,Sciences sociales,Capitale-Nationale,G1R,95931,9,21.9,1,Centre,0,False,False,0,29.034356850431323,-1.017634855651405,False,False,0.3957629040322306
C004012,30.61,Sante,Capitale-Nationale,G2E,62532,12,23.7,0,Centre,0,False,False,1,32.335809133908434,2.2838174278257064,False,False,0.41149903344132654
C000942,22.93,Sciences,Montreal,H2X,53238,9,12.4,0,Centre,0,False,False,0,24.224356850431324,-5.827634855651404,False,False,0.449080493479419
C010331,37.72,Sciences sociales,Bas-Saint-Laurent,G0L,91618,20,185.1,1,Remote,-1,True,True,1,40.59634855651405,10.544356850431324,False,False,0.6242934509701632
C006306,30.71,Sciences,Capitale-Nationale,G2E,39659,7,19.0,0,Centre,0,False,False,1,31.71672199477992,1.6647302886971929,False,False,0.4442898933440489
C009727,29.4,Sciences sociales,Montreal,H3T,98553,10,11.8,0,Centre,0,False,False,1,30.838174278257025,0.7861825721742974,False,False,0.4120354462648822
C006933,27.8,Genie,Montreal,H4L,52477,11,8.3,0,Centre,0,False,False,0,29.38199170608273,-0.6699999999999982,False,False,0.41659418690450295
C011058,29.59,Sciences,Capitale-Nationale,G1V,54799,14,37.2,1,Centre,0,False,False,1,31.603443989559835,1.5514522834771078,False,False,0.42659531268072487
C002676,27.56,Sciences,Cote-Nord,G4R,82003,6,196.0,0,Remote,0,False,False,0,28.422904566954216,-1.6290871391285116,False,False,0.46679018965876357
C007300,34.43,Genie,Montreal,H1A,86954,7,17.1,1,Centre,0,False,False,1,35.436721994779916,5.384730288697188,False,False,0.5039089947877957
C000243,27.81,Sante,Montreal,H8N,69066,12,9.1,1,Centre,0,False,False,0,29.53580913390843,-0.5161825721742979,False,False,0.4115855758241965
C004218,23.93,Genie,Montreal,H1A,45928,10,13.0,0,Centre,0,False,False,0,25.368174278257026,-4.683817427825701,False,False,0.4405014456750339
C007574,28.39,Arts et lettres,Montreal,H3T,76033,9,14.7,0,Centre,0,False,False,0,29.684356850431325,-0.36763485565140286,True,False,0.39026602154968393
C000795,26.79,Sciences,Cote-Nord,G4R,51278,16,131.7,0,Remote,0,False,False,0,29.091078845211243,-0.9609128608714848,False,False,0.43513502778675894
C010230,28.66,Sante,Cote-Nord,G0G,23789,14,211.1,1,Remote,0,False,False,1,30.673443989559836,0.6214522834771081,False,False,0.48704542440727056
C011851,25.63,Sciences sociales,Bas-Saint-Laurent,G5N,111273,11,305.0,0,Remote,0,False,False,0,27.211991706082728,-2.84,False,False,0.48147609908986416
C005477,26.34,Arts et lettres,Montreal,H8N,47206,9,10.7,0,Centre,0,False,False,0,27.634356850431324,-2.4176348556514036,False,False,0.41657878877500987
C003232,33.54,Sante,Montreal,H1A,108244,10,14.0,0,Centre,0,False,False,1,34.97817427825703,4.9261825721743016,False,False,0.4986826630909865
C006505,26.79,Sciences,Montreal,H4L,62439,13,7.5,0,Centre,0,False,False,0,28.659626561734132,-1.3923651443485952,False,False,0.43819655688666204
C010394,30.56,Sciences sociales,Gaspesie-Iles-de-la-Madeleine,G4X,41157,14,159.8,1,Remote,0,False,False,1,32.573443989559834,2.5214522834771067,False,False,0.4454238548142091
C009896,27.59,Sante,Bas-Saint-Laurent,G5L,24150,11,195.1,0,Remote,0,False,False,0,29.17199170608273,-0.879999999999999,False,False,0.4749101730443949
C011546,22.43,Arts et lettres,Bas-Saint-Laurent,G5N,17502,11,226.8,0,Remote,-1,True,True,0,24.01199170608273,-6.039999999999999,False,False,0.5811661742387056
C000520,24.57,Sante,Capitale-Nationale,G3A,51304,12,11.2,0,Centre,0,False,False,0,26.29580913390843,-3.7561825721742963,False,False,0.4339253896322762
C003095,24.59,Sciences,Cote-Nord,G4R,79191,16,179.6,1,Remote,0,False,False,0,26.891078845211243,-3.160912860871484,False,False,0.4679410438429808
C005303,27.14,Sciences sociales,Montreal,H3T,56714,4,6.1,1,Centre,0,False,False,0,27.71526971130281,-2.336721994779918,False,False,0.4870660963152344
C009527,29.65,Sciences sociales,Montreal,H2X,137292,7,13.1,0,Centre,0,False,False,1,30.656721994779918,0.6047302886971906,False,False,0.4550851093734677
C012322,29.06,Sante,Cote-Nord,G0G,32282,15,225.8,1,Remote,0,False,False,1,31.217261417385537,1.165269711302809,False,False,0.45418691158650315
C006780,24.21,Sciences sociales,Cote-Nord,G5B,40932,13,184.9,1,Remote,0,False,False,0,26.079626561734134,-3.9723651443485934,False,False,0.44605233998263477
C006628,32.16,Sante,Capitale-Nationale,G1V,45395,8,3.0,1,Centre,0,False,False,1,33.310539422605615,3.2585477165228873,False,False,0.5184070144135429
C011524,28.98,Genie,Gaspesie-Iles-de-la-Madeleine,G5C,56587,14,253.4,1,Remote,0,False,False,1,30.993443989559836,0.9414522834771084,False,False,0.4257145001965908
C004287,28.58,Sante,Gaspesie-Iles-de-la-Madeleine,G0C,61827,14,217.7,1,Remote,0,False,False,1,30.593443989559834,0.5414522834771063,False,False,0.41749769346434407
C008641,32.47,Arts et lettres,Montreal,H4L,57134,4,21.4,0,Centre,0,False,False,1,33.04526971130281,2.9932780052200805,False,False,0.4938214847673848
C012422,30.61,Genie,Capitale-Nationale,G1R,112840,6,16.8,0,Centre,0,False,False,1,31.472904566954217,1.4209128608714892,False,False,0.45694114948822484
C010463,26.7,Sciences sociales,Montreal,H3T,48340,13,31.9,1,Centre,0,False,False,0,28.569626561734133,-1.482365144348595,False,False,0.41735136420025404
C006803,25.63,Sciences,Capitale-Nationale,G2E,39022,11,11.8,0,Centre,0,False,False,0,27.211991706082728,-2.84,False,False,0.4432610452843297
C006902,27.68,Sciences sociales,Montreal,H2X,77413,10,21.2,0,Centre,0,False,False,0,29.118174278257026,-0.9338174278257014,False,False,0.3884794014598138
C006381,23.94,Arts et lettres,Gaspesie-Iles-de-la-Madeleine,G0C,39663,15,227.3,1,Remote,0,False,False,0,26.09726141738554,-3.9547302886971885,False,False,0.46952816063927516
C013974,35.88,Genie,Montreal,H2X,19715,11,13.1,0,Centre,-1,True,True,1,37.461991706082735,7.410000000000007,False,False,0.6055540220146975
C008829,21.66,Sante,Bas-Saint-Laurent,G5L,25598,12,156.0,1,Remote,0,False,True,0,23.38580913390843,-6.666182572174296,False,False,0.5498085657732228
C005131,27.23,Genie,Bas-Saint-Laurent,G0L,136207,16,300.8,0,Remote,0,False,False,0,29.531078845211244,-0.5209128608714835,False,False,0.5254128761434104
C010018,29.31,Sciences sociales,Montreal,H4L,80200,4,38.7,0,Centre,0,False,False,0,29.885269711302808,-0.16672199477991967,True,False,0.4651500426133576
C006586,26.59,Sante,Capitale-Nationale,G3A,41436,8,57.2,0,Centre,0,False,False,0,27.74053942260562,-2.311452283477106,False,False,0.43284716505555554
C011437,24.87,Sante,Montreal,H2X,30562,6,28.2,1,Centre,0,False,False,0,25.73290456695422,-4.319087139128509,False,False,0.49825706541281567
C012211,27.79,Arts et lettres,Montreal,H3T,52242,10,18.6,0,Centre,0,False,False,0,29.228174278257026,-0.823817427825702,False,False,0.3932414657106237
C007636,35.8,Genie,Montreal,H3T,75786,6,5.8,1,Centre,0,False,True,1,36.66290456695421,6.610912860871483,False,False,0.55936984969743
C012199,29.74,Sante,Montreal,H3T,43599,11,31.3,1,Centre,0,False,False,1,31.321991706082727,1.2699999999999996,False,False,0.41547804521759024
C000143,31.26,Genie,Montreal,H1A,62319,8,10.7,1,Centre,0,False,False,1,32.41053942260562,2.358547716522896,False,False,0.4259891474995062
C006994,29.74,Sciences,Cote-Nord,G4R,87490,13,111.1,0,Remote,0,False,False,1,31.60962656173413,1.5576348556514041,False,False,0.4391106518545435
C010100,29.1,Arts et lettres,Gaspesie-Iles-de-la-Madeleine,G4X,73564,15,118.9,0,Remote,0,False,False,1,31.257261417385543,1.2052697113028152,False,False,0.4368858461601626
C008954,31.37,Genie,Gaspesie-Iles-de-la-Madeleine,G5C,43613,19,329.1,1,Remote,0,False,False,1,34.10253112868835,4.05053942260562,False,False,0.536922270709124
C009504,32.11,Sante,Capitale-Nationale,G3A,83284,8,56.3,0,Centre,0,False,False,1,33.26053942260562,3.20854771652289,False,False,0.4582038444310729
C013644,33.58,Arts et lettres,Montreal,H4L,98323,14,31.6,0,Centre,0,False,False,1,35.59344398955984,5.54145228347711,False,False,0.51975329199459
C000790,28.23,Arts et lettres,Capitale-Nationale,G1R,74060,13,27.1,1,Centre,0,False,False,1,30.099626561734134,0.04763485565140613,True,False,0.414179092375991
C008382,32.46,Sciences sociales,Montreal,H1A,44331,7,25.9,0,Centre,0,False,False,1,33.46672199477992,3.4147302886971893,False,False,0.4685732681840902
C012271,31.67,Genie,Bas-Saint-Laurent,G5N,38051,10,266.0,1,Remote,0,False,False,1,33.108174278257025,3.056182572174297,False,False,0.4841581841292171
C013860,35.73,Sante,Capitale-Nationale,G3A,39026,9,6.9,1,Centre,0,False,True,1,37.02435685043132,6.97236514434859,False,False,0.5614594726451525
C009342,23.18,Genie,Capitale-Nationale,G1V,62808,8,9.0,0,Centre,0,False,False,0,24.33053942260562,-5.721452283477106,False,False,0.44910397751112446
C002436,29.72,Sante,Montreal,H2X,54358,11,67.3,0,Centre,0,False,False,1,31.301991706082728,1.25,False,False,0.4159356455888634
C007250,31.34,Sciences,Montreal,H2X,67555,9,23.8,0,Centre,0,False,False,1,32.634356850431324,2.5823651443485964,False,False,0.41181354962123984
C010834,27.05,Sciences,Bas-Saint-Laurent,G0L,26419,18,136.6,0,Remote,0,False,False,0,29.63871370086265,-0.4132780052200786,True,False,0.5189877789756628
C013641,25.36,Sciences sociales,Bas-Saint-Laurent,G0L,82772,8,206.2,1,Remote,0,False,False,0,26.51053942260562,-3.5414522834771063,False,False,0.4503903137713352
C012496,30.85,Arts et lettres,Montreal,H2X,104123,13,29.4,1,Centre,0,False,False,1,32.71962656173414,2.6676348556514107,False,False,0.4548414619382423
C003388,29.8,Arts et lettres,Montreal,H4L,48980,5,31.7,1,Centre,0,False,False,1,30.519087139128516,0.46709543304578816,True,False,0.4515943915362101
C009465,27.18,Sciences,Gaspesie-Iles-de-la-Madeleine,G0C,43392,16,405.8,0,Remote,0,False,False,0,29.481078845211243,-0.5709128608714842,False,False,0.4701221125349779
C005059,30.67,Sciences sociales,Montreal,H1A,75284,9,7.3,1,Centre,0,False,False,1,31.964356850431326,1.9123651443485983,False,False,0.42953379160523303
C011149,24.29,Genie,Gaspesie-Iles-de-la-Madeleine,G4X,106524,12,108.4,1,Remote,0,False,False,0,26.01580913390843,-4.036182572174297,False,False,0.46010667192949706
C009909,26.23,Sciences,Capitale-Nationale,G1R,38218,8,46.6,0,Centre,0,False,False,0,27.380539422605622,-2.6714522834771053,False,False,0.4370156247926744
C010682,30.78,Sciences,Montreal,H4L,80810,7,18.8,0,Centre,0,False,False,1,31.78672199477992,1.7347302886971931,False,False,0.41459200106255745
C000948,29.94,Genie,Capitale-Nationale,G1R,98865,8,30.7,0,Centre,0,False,False,1,31.090539422605623,1.0385477165228956,False,False,0.4118882353135899
C013127,29.65,Sante,Montreal,H8N,62868,11,13.3,1,Centre,0,False,False,1,31.231991706082727,1.1799999999999997,False,False,0.40090886550099347
C003848,32.06,Genie,Bas-Saint-Laurent,G5L,62713,15,152.9,1,Remote,0,False,False,1,34.217261417385544,4.165269711302816,False,False,0.4696543722700436
C004592,29.86,Sciences sociales,Capitale-Nationale,G2E,70168,9,39.8,1,Centre,0,False,False,1,31.154356850431324,1.102365144348596,False,False,0.40479525549164636
C006354,29.8,Genie,Bas-Saint-Laurent,G0L,72349,18,217.0,0,Remote,0,False,False,1,32.388713700862645,2.336721994779918,False,False,0.47838936184006736
C010914,30.97,Sciences sociales,Montreal,H1A,124515,10,2.5,0,Centre,0,False,False,1,32.40817427825702,2.356182572174294,False,False,0.5232662695125949
C010495,28.26,Sciences sociales,Capitale-Nationale,G1R,55288,4,25.4,0,Centre,0,False,False,0,28.83526971130281,-1.2167219947799168,False,False,0.45460665764160213
C012510,29.38,Sciences sociales,Montreal,H2X,35348,8,5.7,0,Centre,0,False,False,1,30.53053942260562,0.4785477165228933,True,False,0.4692928171113784
C006909,29.03,Sciences,Montreal,H8N,74268,11,11.6,1,Centre,0,False,False,1,30.61199170608273,0.5600000000000023,False,False,0.4019178499580922
C000082,24.56,Arts et lettres,Gaspesie-Iles-de-la-Madeleine,G5C,48229,14,371.6,1,Remote,0,False,False,0,26.573443989559834,-3.4785477165228933,False,False,0.46412737798104275
C004265,29.15,Sciences,Cote-Nord,G4R,38340,18,114.6,1,Remote,0,False,False,1,31.738713700862647,1.6867219947799192,False,False,0.4810722901406809
C000041,28.01,Sciences sociales,Capitale-Nationale,G1R,51535,12,24.4,0,Centre,0,False,False,0,29.735809133908432,-0.316182572174295,True,False,0.4011612228240325
C013457,26.83,Genie,Capitale-Nationale,G3A,76044,8,11.3,0,Centre,0,False,False,0,27.98053942260562,-2.0714522834771074,False,False,0.4002720419755479
C012917,26.78,Sante,Bas-Saint-Laurent,G5N,44558,17,430.9,0,Remote,0,False,False,0,29.224896273036947,-0.8270954330457805,False,False,0.4917416698714148
C008299,28.23,Sciences,Bas-Saint-Laurent,G0L,99740,14,134.2,0,Remote,0,False,False,1,30.243443989559836,0.1914522834771084,True,False,0.44363891316925225
C011370,26.57,Sciences sociales,Capitale-Nationale,G1V,98781,12,19.0,0,Centre,0,False,False,0,28.29580913390843,-1.7561825721742963,False,False,0.4143931067713874
C001643,31.85,Sciences sociales,Bas-Saint-Laurent,G0L,36341,12,214.6,0,Remote,0,False,False,1,33.575809133908436,3.5238174278257084,False,False,0.4717903058920538
C013090,30.0,Arts et lettres,Bas-Saint-Laurent,G5L,70120,12,317.5,1,Remote,0,False,False,1,31.72580913390843,1.6738174278257034,False,False,0.44874774393055666
C013041,27.23,Sciences sociales,Gaspesie-Iles-de-la-Madeleine,G5C,71579,11,241.4,1,Remote,0,False,False,0,28.81199170608273,-1.2399999999999984,False,False,0.418849251135685
C008328,24.52,Genie,Cote-Nord,G0G,67247,13,125.7,0,Remote,0,False,False,0,26.389626561734133,-3.6623651443485947,False,False,0.42985813267667916
C006799,28.64,Sciences sociales,Montreal,H1A,68100,6,19.8,1,Centre,0,False,False,0,29.502904566954218,-0.5490871391285097,False,False,0.40415882701207095
C002403,29.93,Sciences sociales,Cote-Nord,G4R,64321,14,166.5,1,Remote,0,False,False,1,31.943443989559835,1.8914522834771077,False,False,0.4312299739201654
C011466,24.91,Genie,Cote-Nord,G4R,15631,9,294.2,1,Remote,-1,True,True,0,26.204356850431324,-3.8476348556514033,False,False,0.5682252772661803
C003654,28.32,Sante,Bas-Saint-Laurent,G5N,34549,15,161.7,0,Remote,0,False,False,1,30.47726141738554,0.4252697113028141,True,False,0.4438009436571847
C005913,31.21,Sciences,Capitale-Nationale,G1V,79158,11,5.1,0,Centre,0,False,False,1,32.79199170608273,2.7400000000000055,False,False,0.4554141489909176
C013676,25.71,Genie,Montreal,H1A,57232,12,25.5,1,Centre,0,False,False,0,27.435809133908432,-2.6161825721742957,False,False,0.41170345585942664
C005940,27.52,Arts et lettres,Bas-Saint-Laurent,G5N,74668,14,381.9,1,Remote,0,False,False,0,29.533443989559835,-0.5185477165228924,False,False,0.45498661252742784
C000980,32.61,Genie,Gaspesie-Iles-de-la-Madeleine,G0C,42157,3,274.5,0,Remote,-1,True,True,1,33.041452283477106,2.9894605773943788,False,False,0.5867888897635158
C005559,25.72,Genie,Cote-Nord,G5B,26984,17,329.6,0,Remote,0,False,False,0,28.164896273036945,-1.8870954330457828,False,False,0.5194599518896269
C004612,27.18,Arts et lettres,Montreal,H8N,73299,15,33.7,0,Centre,0,False,False,0,29.33726141738554,-0.7147302886971865,False,False,0.43850159794611654
C000591,23.16,Genie,Bas-Saint-Laurent,G5L,70828,13,141.3,0,Remote,0,False,False,0,25.029626561734133,-5.022365144348594,False,False,0.4612812126261654
C002916,27.68,Arts et lettres,Capitale-Nationale,G2E,105649,13,11.0,1,Centre,0,False,False,0,29.549626561734133,-0.5023651443485946,False,False,0.44383410046414856
C001045,29.49,Sante,Montreal,H3T,91407,13,12.1,0,Centre,0,False,False,1,31.35962656173413,1.3076348556514041,False,False,0.4353010189010982
C006660,23.26,Arts et lettres,Bas-Saint-Laurent,G5L,39799,15,217.1,0,Remote,0,False,False,0,25.41726141738554,-4.634730288697188,False,False,0.48131021481847275
C013950,21.19,Genie,Gaspesie-Iles-de-la-Madeleine,G0C,61328,9,252.9,1,Remote,0,False,False,0,22.484356850431325,-7.567634855651402,False,False,0.5214857727952115
C009003,28.9,Arts et lettres,Capitale-Nationale,G3A,128980,17,7.4,0,Centre,-1,True,False,1,31.344896273036944,1.292904566954217,False,False,0.5357249077958844
C003392,27.65,Sciences,Gaspesie-Iles-de-la-Madeleine,G4X,148822,9,181.9,0,Remote,0,False,False,0,28.944356850431323,-1.1076348556514048,False,False,0.489239248669332
C008374,34.99,Sciences sociales,Bas-Saint-Laurent,G0L,32167,9,156.2,1,Remote,-1,True,True,1,36.28435685043132,6.232365144348595,False,False,0.5586376381480592
C012677,28.65,Sciences,Montreal,H8N,94991,15,5.3,0,Centre,0,False,False,1,30.80726141738554,0.7552697113028124,False,False,0.4959583762174033
C000701,29.48,Sciences,Cote-Nord,G5B,37301,12,211.8,0,Remote,0,False,False,1,31.20580913390843,1.1538174278257038,False,False,0.4332143525984677
C007522,27.68,Genie,Capitale-Nationale,G1V,62367,8,26.5,0,Centre,0,False,False,0,28.83053942260562,-1.221452283477106,False,False,0.3883117367730997
C007713,30.56,Genie,Montreal,H8N,104666,8,6.8,0,Centre,0,False,False,1,31.71053942260562,1.658547716522893,False,False,0.45159772409157717
C007377,33.38,Sciences,Cote-Nord,G4R,95644,19,86.9,0,Remote,-1,True,True,1,36.11253112868835,6.0605394226056255,False,False,0.5797312599091938
C006371,25.73,Sciences sociales,Montreal,H8N,69371,7,17.7,0,Centre,0,False,False,0,26.73672199477992,-3.3152697113028076,False,False,0.40527137538683966
C003027,28.02,Arts et lettres,Bas-Saint-Laurent,G0L,83538,11,460.1,0,Remote,0,False,False,0,29.60199170608273,-0.4499999999999993,True,False,0.4833982702977012
C009890,27.02,Sciences sociales,Cote-Nord,G4R,64625,17,203.6,1,Remote,0,False,False,0,29.464896273036945,-0.587095433045782,False,False,0.4468341258928414
C002367,27.74,Sciences sociales,Cote-Nord,G4R,21936,11,232.8,1,Remote,0,False,False,0,29.321991706082727,-0.7300000000000004,False,False,0.48998837474076196
C010064,29.47,Sante,Montreal,H1A,61470,13,13.3,0,Centre,0,False,False,1,31.339626561734132,1.2876348556514046,False,False,0.4201166115525838
C003353,28.45,Genie,Montreal,H4L,38117,8,27.3,0,Centre,0,False,False,0,29.60053942260562,-0.4514522834771064,True,False,0.4192925777351036
C005925,32.29,Arts et lettres,Capitale-Nationale,G3A,123188,6,14.5,0,Centre,0,False,False,1,33.15290456695421,3.1009128608714853,False,False,0.49810185210977875
C013461,26.73,Sciences,Bas-Saint-Laurent,G5L,70088,13,163.4,0,Remote,0,False,False,0,28.599626561734134,-1.4523651443485939,False,False,0.41670083222821386
C013365,25.09,Genie,Capitale-Nationale,G2E,86666,10,19.0,0,Centre,0,False,False,0,26.528174278257026,-3.5238174278257013,False,False,0.408655371874444
C004113,29.96,Arts et lettres,Montreal,H4L,47907,11,9.1,1,Centre,0,False,False,1,31.54199170608273,1.490000000000002,False,False,0.42590288015794264
C006186,30.41,Sante,Capitale-Nationale,G2E,77718,9,44.9,0,Centre,0,False,False,1,31.704356850431324,1.6523651443485967,False,False,0.41668917435951497
C012870,29.66,Sciences,Bas-Saint-Laurent,G5L,107235,16,367.4,0,Remote,0,False,False,1,31.961078845211244,1.9090871391285162,False,False,0.5128999752427538
C009888,21.26,Sciences sociales,Capitale-Nationale,G1V,45682,6,10.6,0,Centre,0,False,False,0,22.12290456695422,-7.929087139128509,False,False,0.526121383428319
C000776,26.43,Sciences,Montreal,H4L,100628,5,11.7,0,Centre,0,False,False,0,27.14908713912851,-2.9029045669542164,False,False,0.45170256547072474
C013536,22.64,Sciences sociales,Capitale-Nationale,G1V,149394,14,14.0,1,Centre,0,False,False,0,24.653443989559836,-5.3985477165228914,False,False,0.5435876803349724
C006293,27.58,Sciences,Gaspesie-Iles-de-la-Madeleine,G5C,35601,12,206.5,1,Remote,0,False,False,0,29.30580913390843,-0.7461825721742983,False,False,0.4251192491982305
C013856,31.04,Sante,Montreal,H4L,40704,8,22.2,0,Centre,0,False,False,1,32.19053942260562,2.13854771652289,False,False,0.4362230464097796
C007293,23.84,Sante,Montreal,H2X,127395,4,27.8,1,Centre,0,False,False,0,24.41526971130281,-5.6367219947799185,False,False,0.5314542626609682
C008097,24.0,Arts et lettres,Bas-Saint-Laurent,G0L,112179,10,101.9,1,Remote,0,False,False,0,25.438174278257026,-4.613817427825701,False,False,0.4743899546312262
C002408,25.21,Genie,Capitale-Nationale,G1R,51317,4,15.4,1,Centre,0,False,False,0,25.78526971130281,-4.2667219947799175,False,False,0.48455684714664843
C010501,25.54,Arts et lettres,Bas-Saint-Laurent,G5N,42293,8,397.5,1,Remote,0,False,False,0,26.69053942260562,-3.3614522834771066,False,False,0.48818140103756097
C004270,27.77,Sciences,Bas-Saint-Laurent,G0L,37555,15,196.0,1,Remote,0,False,False,0,29.927261417385537,-0.12473028869719016,True,False,0.44076562868729385
C013911,25.09,Arts et lettres,Capitale-Nationale,G1R,59808,11,13.1,1,Centre,0,False,False,0,26.67199170608273,-3.379999999999999,False,False,0.41977611496435974
C004406,27.54,Sciences sociales,Capitale-Nationale,G1V,78372,7,15.3,0,Centre,0,False,False,0,28.54672199477992,-1.5052697113028088,False,False,0.4004900887815511
C004390,33.06,Genie,Capitale-Nationale,G2E,74437,7,2.3,0,Centre,0,False,False,1,34.06672199477992,4.014730288697191,False,False,0.5397352873375014
C001536,23.81,Sante,Cote-Nord,G0G,119983,14,396.7,1,Remote,0,False,False,0,25.823443989559834,-4.228547716522893,False,False,0.5408190607321348
C005416,30.35,Sante,Montreal,H8N,35882,9,19.3,1,Centre,0,False,False,1,31.644356850431326,1.592365144348598,False,False,0.4343353630536553
C009379,24.99,Arts et lettres,Montreal,H3T,100821,5,8.0,0,Centre,0,False,False,0,25.709087139128513,-4.342904566954214,False,False,0.4803556712602219
C002641,29.22,Genie,Capitale-Nationale,G1R,37852,5,6.3,1,Centre,0,False,False,0,29.93908713912851,-0.11290456695421724,True,False,0.5000401625449082
C000997,28.07,Sciences sociales,Montreal,H3T,66823,7,6.7,0,Centre,0,False,False,0,29.07672199477992,-0.9752697113028077,False,False,0.4225735865564782
C004658,22.47,Sciences,Montreal,H3T,78733,8,19.8,0,Centre,0,False,False,0,23.62053942260562,-6.431452283477107,False,False,0.45019588976964936
C003571,24.65,Sante,Capitale-Nationale,G1V,48504,11,19.3,0,Centre,0,False,False,0,26.231991706082727,-3.8200000000000003,False,False,0.42133278191814205
C001843,26.34,Sciences,Gaspesie-Iles-de-la-Madeleine,G5C,38709,13,65.8,0,Remote,0,False,False,0,28.209626561734133,-1.8423651443485944,False,False,0.43709983546973463
C013420,25.44,Arts et lettres,Capitale-Nationale,G3A,78055,8,10.9,0,Centre,0,False,False,0,26.590539422605623,-3.4614522834771044,False,False,0.41058137185897203
C010069,27.74,Sciences sociales,Cote-Nord,G4R,29106,11,148.1,1,Remote,0,False,False,0,29.321991706082727,-0.7300000000000004,False,False,0.44856656544570067
C011995,21.67,Arts et lettres,Capitale-Nationale,G2E,68532,14,9.3,0,Centre,0,False,False,0,23.683443989559837,-6.36854771652289,False,False,0.5134422684272836
C009337,27.41,Sante,Bas-Saint-Laurent,G5L,51323,12,102.8,0,Remote,0,False,False,0,29.13580913390843,-0.9161825721742964,False,False,0.4095767832127618
C010443,26.03,Genie,Bas-Saint-Laurent,G0L,96978,11,223.9,1,Remote,0,False,False,0,27.61199170608273,-2.4399999999999977,False,False,0.4482215204377576
C002600,29.25,Genie,Montreal,H3T,78177,12,25.2,0,Centre,0,False,False,1,30.97580913390843,0.9238174278257034,False,False,0.40558028665361856
C007225,28.3,Genie,Montreal,H4L,38786,8,17.6,0,Centre,0,False,False,0,29.450539422605623,-0.601452283477105,False,False,0.4209139568300323
C008816,26.63,Sante,Cote-Nord,G5B,70619,9,243.9,0,Remote,0,False,False,0,27.924356850431323,-2.1276348556514044,False,False,0.42945584473173637
C001299,28.04,Sciences sociales,Montreal,H8N,75334,10,34.4,0,Centre,0,False,False,0,29.478174278257026,-0.573817427825702,False,False,0.3954003278683455
C001416,25.54,Genie,Gaspesie-Iles-de-la-Madeleine,G5C,77134,13,396.0,1,Remote,0,False,False,0,27.409626561734132,-2.642365144348595,False,False,0.4701541135177132
C012308,30.24,Sciences,Montreal,H4L,39830,5,7.0,0,Centre,0,False,False,1,30.959087139128513,0.9070954330457859,False,False,0.5017367013870173
C010196,25.76,Genie,Montreal,H3T,77355,7,9.6,0,Centre,0,False,False,0,26.76672199477992,-3.2852697113028064,False,False,0.4181669375749089
C003611,33.69,Genie,Gaspesie-Iles-de-la-Madeleine,G0C,91172,14,243.3,1,Remote,0,False,False,1,35.70344398955984,5.651452283477109,False,False,0.5207541436450653
C002562,26.56,Sciences sociales,Cote-Nord,G0G,73337,10,240.5,1,Remote,0,False,False,0,27.998174278257025,-2.0538174278257024,False,False,0.42512782366770535
C003924,29.41,Sciences,Montreal,H3T,151120,11,2.6,0,Centre,0,False,False,1,30.99199170608273,0.9400000000000013,False,False,0.5291029823504464
C010967,28.75,Genie,Cote-Nord,G5B,23481,11,119.3,1,Remote,0,False,False,1,30.33199170608273,0.28000000000000114,True,False,0.48107311643224815
C000649,33.72,Sante,Montreal,H2X,44434,10,33.8,0,Centre,0,False,False,1,35.15817427825702,5.106182572174294,False,False,0.49195888173953645
C011920,23.76,Sciences sociales,Bas-Saint-Laurent,G0L,19931,15,159.5,0,Remote,0,False,True,0,25.91726141738554,-4.134730288697188,False,False,0.5521075509207451
C013478,24.59,Sciences sociales,Bas-Saint-Laurent,G0L,28200,10,209.3,1,Remote,0,False,False,0,26.028174278257026,-4.023817427825701,False,False,0.4835610689134456
C011434,30.32,Arts et lettres,Capitale-Nationale,G2E,82584,10,10.7,1,Centre,0,False,False,1,31.758174278257027,1.7061825721742991,False,False,0.4149172000185678
C002059,26.17,Genie,Montreal,H1A,37040,3,14.2,0,Centre,0,False,False,0,26.60145228347711,-3.450539422605619,False,False,0.5314773288140884
C002434,26.44,Genie,Gaspesie-Iles-de-la-Madeleine,G4X,65548,12,126.7,0,Remote,0,False,False,0,28.165809133908432,-1.8861825721742953,False,False,0.41135067327582214
C004770,28.16,Sciences sociales,Montreal,H4L,33955,7,28.1,1,Centre,0,False,False,0,29.16672199477992,-0.8852697113028078,False,False,0.4407441445768861
C009769,26.39,Genie,Capitale-Nationale,G1V,84504,9,20.8,0,Centre,0,False,False,0,27.684356850431325,-2.367634855651403,False,False,0.3934372168550733
C009208,25.67,Arts et lettres,Gaspesie-Iles-de-la-Madeleine,G0C,37891,21,483.3,0,Remote,0,False,True,0,28.690165984339757,-1.3618257217429708,False,False,0.5758829753331117
C007622,30.37,Sciences sociales,Montreal,H4L,87525,14,11.7,0,Centre,0,False,False,1,32.38344398955984,2.331452283477109,False,False,0.4543583872956777
C001096,30.68,Genie,Capitale-Nationale,G2E,49431,7,38.4,0,Centre,0,False,False,1,31.68672199477992,1.6347302886971917,False,False,0.43047591175251204
C009058,29.84,Genie,Montreal,H8N,148556,8,6.8,0,Centre,0,False,False,1,30.99053942260562,0.9385477165228941,False,False,0.48130972427021645
C003785,26.46,Sciences sociales,Gaspesie-Iles-de-la-Madeleine,G5C,51627,14,350.7,1,Remote,0,False,False,0,28.473443989559836,-1.5785477165228912,False,False,0.4358582990037923
C011772,24.94,Sciences,Montreal,H3T,78092,15,9.5,1,Centre,0,False,False,0,27.09726141738554,-2.9547302886971885,False,False,0.47699975191247074
C008272,24.86,Sante,Bas-Saint-Laurent,G5L,48396,11,136.7,1,Remote,0,False,False,0,26.441991706082728,-3.6099999999999994,False,False,0.42848974315488075
C000456,24.5,Sciences,Montreal,H1A,60362,11,7.6,0,Centre,0,False,False,0,26.08199170608273,-3.969999999999999,False,False,0.4403637171703637
C002259,27.02,Sciences,Bas-Saint-Laurent,G0L,70036,23,141.1,1,Remote,0,False,False,1,30.32780083999116,0.27580913390843165,True,False,0.5389306144100701
C003889,24.84,Sciences,Bas-Saint-Laurent,G5L,60693,15,215.7,1,Remote,0,False,False,0,26.997261417385538,-3.05473028869719,False,False,0.4407698690017711
C003570,31.12,Genie,Gaspesie-Iles-de-la-Madeleine,G5C,85216,11,356.3,0,Remote,0,False,False,1,32.70199170608273,2.650000000000002,False,False,0.48089666187222474
C010077,26.54,Sante,Montreal,H1A,70178,9,12.2,0,Centre,0,False,False,0,27.834356850431323,-2.2176348556514043,False,False,0.39862812515583895
C004388,27.67,Arts et lettres,Capitale-Nationale,G3A,94590,4,27.3,1,Centre,0,False,False,0,28.24526971130281,-1.8067219947799167,False,False,0.4635060341913141
C009666,27.89,Sciences,Montreal,H3T,114253,9,29.8,1,Centre,0,False,False,0,29.184356850431325,-0.8676348556514029,False,False,0.4184732975514567
C012168,30.03,Sante,Capitale-Nationale,G2E,54422,6,18.7,0,Centre,0,False,False,1,30.89290456695422,0.8409128608714909,False,False,0.42414129776366793
C004856,27.16,Genie,Montreal,H3T,70437,5,39.6,0,Centre,0,False,False,0,27.879087139128515,-2.1729045669542124,False,False,0.4442361562895692
C013677,29.12,Arts et lettres,Montreal,H2X,172498,6,32.0,1,Centre,0,False,False,0,29.98290456695422,-0.06908713912850928,True,False,0.5228364081066298
C007119,26.05,Genie,Bas-Saint-Laurent,G0L,46384,10,93.0,0,Remote,0,False,False,0,27.488174278257027,-2.5638174278257004,False,False,0.41972641365667457
C000823,28.57,Genie,Capitale-Nationale,G1V,64101,17,5.5,0,Centre,0,False,False,1,31.014896273036946,0.9629045669542187,False,False,0.497633987236423
C002510,26.07,Genie,Capitale-Nationale,G2E,48568,9,12.0,1,Centre,0,False,False,0,27.364356850431324,-2.687634855651403,False,False,0.41274764211006093
C000429,26.37,Genie,Montreal,H2X,47951,5,6.5,0,Centre,0,False,False,0,27.089087139128516,-2.9629045669542116,False,False,0.4780772544659191
C009518,25.36,Arts et lettres,Montreal,H1A,65523,6,12.8,0,Centre,0,False,False,0,26.222904566954217,-3.829087139128511,False,False,0.4264767262816753
C004913,26.79,Arts et lettres,Cote-Nord,G4R,207245,13,127.3,1,Remote,-1,True,True,0,28.659626561734132,-1.3923651443485952,False,False,0.5516754400582145
C007316,28.22,Sciences sociales,Gaspesie-Iles-de-la-Madeleine,G5C,62609,10,205.5,0,Remote,0,False,False,0,29.658174278257025,-0.3938174278257023,True,False,0.41407469430326904
C011432,27.31,Sciences sociales,Montreal,H8N,44509,10,31.4,0,Centre,0,False,False,0,28.748174278257025,-1.3038174278257024,False,False,0.4053401468915699
C001306,27.85,Sciences,Capitale-Nationale,G1R,79270,11,18.8,1,Centre,0,False,False,0,29.43199170608273,-0.6199999999999974,False,False,0.3948256257287442
C013578,23.96,Genie,Montreal,H1A,37959,9,32.1,0,Centre,0,False,False,0,25.254356850431325,-4.797634855651403,False,False,0.455639244570387
C011853,27.39,Genie,Capitale-Nationale,G2E,71852,8,18.9,0,Centre,0,False,False,0,28.540539422605622,-1.5114522834771051,False,False,0.38959828180342726
C002976,24.69,Sciences,Capitale-Nationale,G3A,62488,6,4.9,0,Centre,0,False,False,0,25.55290456695422,-4.499087139128509,False,False,0.468732002091956
C007402,28.07,Genie,Montreal,H8N,51557,8,6.9,1,Centre,0,False,False,0,29.220539422605622,-0.8314522834771054,False,False,0.4276008583936069
C013114,26.62,Sante,Montreal,H3T,42674,12,28.8,0,Centre,0,False,False,0,28.345809133908432,-1.7061825721742956,False,False,0.42200320758713794
C006584,29.74,Genie,Cote-Nord,G5B,20962,11,123.7,0,Remote,0,False,False,1,31.321991706082727,1.2699999999999996,False,False,0.5053598571897763
C004427,28.66,Sciences,Gaspesie-Iles-de-la-Madeleine,G0C,73456,12,149.2,0,Remote,0,False,False,1,30.38580913390843,0.33381742782570356,True,False,0.41274478962539435
C001602,28.16,Genie,Montreal,H1A,94485,9,11.3,0,Centre,0,False,False,0,29.454356850431324,-0.5976348556514033,False,False,0.4055147935437298
C002064,29.2,Genie,Montreal,H4L,55927,13,15.5,0,Centre,0,False,False,1,31.069626561734133,1.017634855651405,False,False,0.41848950715042244
C007444,23.39,Sciences,Montreal,H8N,36869,9,11.8,1,Centre,0,False,False,0,24.684356850431325,-5.367634855651403,False,False,0.47675680495129447
C003346,24.48,Genie,Capitale-Nationale,G1R,181036,10,27.3,0,Centre,0,False,False,0,25.918174278257027,-4.133817427825701,False,False,0.5193218010965056
C004327,27.75,Sciences sociales,Montreal,H2X,53240,9,29.2,0,Centre,0,False,False,0,29.044356850431324,-1.0076348556514034,False,False,0.39366483018604853
C010941,30.4,Sciences,Montreal,H3T,44503,15,11.7,1,Centre,0,False,False,1,32.55726141738554,2.5052697113028124,False,False,0.47519184215226995
C002104,36.69,Sciences,Cote-Nord,G5B,98843,11,257.9,0,Remote,-1,True,True,1,38.27199170608273,8.220000000000002,False,False,0.5718110298444469
C003832,24.12,Genie,Capitale-Nationale,G3A,118860,9,20.3,1,Centre,0,False,False,0,25.414356850431325,-4.637634855651402,False,False,0.4520698029616331
C006296,25.1,Arts et lettres,Gaspesie-Iles-de-la-Madeleine,G5C,69329,13,321.5,1,Remote,0,False,False,0,26.969626561734135,-3.082365144348593,False,False,0.44759795556718596
C006851,31.04,Genie,Capitale-Nationale,G1R,92518,16,5.8,0,Centre,0,False,False,1,33.34107884521124,3.2890871391285152,False,False,0.5209391067051806
C003097,28.16,Genie,Montreal,H8N,26046,6,23.3,0,Centre,0,False,False,0,29.022904566954217,-1.0290871391285101,False,False,0.4997567490784195
C008545,27.89,Sciences,Capitale-Nationale,G2E,160713,14,14.3,0,Centre,0,False,False,0,29.903443989559836,-0.14854771652289145,True,False,0.5101291762242898
C003102,32.21,Sciences,Montreal,H3T,99623,17,27.3,0,Centre,0,False,False,1,34.65489627303695,4.602904566954219,False,False,0.5256909729346445
C001369,24.24,Arts et lettres,Capitale-Nationale,G1R,58220,7,9.3,0,Centre,0,False,False,0,25.246721994779918,-4.8052697113028096,False,False,0.442847202747716
C007433,40.0,Sciences sociales,Capitale-Nationale,G1V,47408,5,2.5,0,Centre,-1,True,True,1,40.71908713912851,10.667095433045784,False,False,0.6352736010072713
C011754,18.67,Sante,Cote-Nord,G0G,35134,7,164.0,0,Remote,-1,True,True,0,19.67672199477992,-10.375269711302806,False,False,0.5863320793134075
C013292,26.89,Arts et lettres,Gaspesie-Iles-de-la-Madeleine,G5C,17770,20,277.1,0,Remote,-1,True,True,0,29.766348556514053,-0.2856431495686742,True,False,0.5860372398576724
C011147,23.27,Sante,Montreal,H8N,122345,13,57.6,0,Centre,0,False,False,0,25.139626561734133,-4.912365144348595,False,False,0.5049760922049691
C007919,31.6,Sante,Bas-Saint-Laurent,G0L,57008,13,155.8,0,Remote,0,False,False,1,33.46962656173414,3.4176348556514107,False,False,0.4469389272565195
C006038,31.13,Sciences sociales,Gaspesie-Iles-de-la-Madeleine,G5C,106990,12,170.6,0,Remote,0,False,False,1,32.85580913390843,2.8038174278257024,False,False,0.4761377224445931
C012133,26.4,Sciences sociales,Montreal,H1A,57063,5,61.3,0,Centre,0,False,False,0,27.11908713912851,-2.9329045669542175,False,False,0.4655398901465773
C004124,25.15,Sante,Cote-Nord,G5B,38527,20,187.6,0,Remote,0,False,False,0,28.02634855651405,-2.025643149568676,False,False,0.5190472205745089
C010540,25.03,Arts et lettres,Gaspesie-Iles-de-la-Madeleine,G4X,49482,11,104.7,1,Remote,0,False,False,0,26.61199170608273,-3.4399999999999977,False,False,0.4282862829770415
C000548,21.97,Genie,Bas-Saint-Laurent,G0L,337931,18,276.3,0,Remote,-1,True,True,0,24.558713700862647,-5.4932780052200805,False,False,0.6439082136724246
C009887,32.1,Genie,Montreal,H2X,65479,6,23.9,0,Centre,0,False,False,1,32.962904566954215,2.9109128608714876,False,False,0.4488187844506772
C009936,23.26,Sante,Montreal,H3T,79459,7,16.9,0,Centre,0,False,False,0,24.26672199477992,-5.785269711302806,False,False,0.43980304995310876
C004339,29.88,Arts et lettres,Bas-Saint-Laurent,G5N,53486,12,137.9,1,Remote,0,False,False,1,31.60580913390843,1.5538174278257024,False,False,0.4179068271457667
C013727,30.45,Sante,Capitale-Nationale,G1V,88778,8,6.4,0,Centre,0,False,False,1,31.60053942260562,1.5485477165228936,False,False,0.43608880092376306
C011209,21.75,Sante,Gaspesie-Iles-de-la-Madeleine,G5C,77052,10,343.2,0,Remote,0,False,False,0,23.188174278257026,-6.863817427825701,False,False,0.5218434145259971
C013589,27.51,Sciences,Capitale-Nationale,G1R,92891,7,34.4,0,Centre,0,False,False,0,28.51672199477992,-1.5352697113028064,False,False,0.4107794453436249
C000144,27.59,Arts et lettres,Capitale-Nationale,G1R,58663,5,12.4,0,Centre,0,False,False,0,28.309087139128515,-1.7429045669542127,False,False,0.4341061237750107
C002352,26.93,Arts et lettres,Montreal,H2X,95519,9,49.6,1,Centre,0,False,False,0,28.224356850431324,-1.8276348556514037,False,False,0.41795043490472794
C010846,29.54,Sante,Cote-Nord,G4R,103496,21,309.1,0,Remote,0,False,True,1,32.560165984339754,2.5081742782570267,False,False,0.56040630747863
C013079,25.27,Sciences sociales,Montreal,H4L,52654,9,16.7,0,Centre,0,False,False,0,26.564356850431324,-3.487634855651404,False,False,0.41129171006794074
C003032,29.6,Sciences sociales,Gaspesie-Iles-de-la-Madeleine,G4X,46753,17,209.4,1,Remote,0,False,False,1,32.04489627303695,1.9929045669542198,False,False,0.46006145910959906
C007098,30.87,Genie,Bas-Saint-Laurent,G5N,81447,16,212.0,0,Remote,0,False,False,1,33.17107884521124,3.1190871391285135,False,False,0.4804136260068548
C011544,28.21,Genie,Cote-Nord,G0G,46099,13,348.1,0,Remote,0,False,False,1,30.079626561734134,0.027634855651406554,True,False,0.44271088258317276
C013250,25.77,Genie,Montreal,H1A,30285,6,14.1,0,Centre,0,False,False,0,26.632904566954217,-3.4190871391285107,False,False,0.49063431037943084
C004233,25.08,Sciences sociales,Montreal,H2X,106789,9,22.4,0,Centre,0,False,False,0,26.374356850431322,-3.677634855651405,False,False,0.42658289385758735
C013142,29.86,Arts et lettres,Bas-Saint-Laurent,G0L,25096,17,208.1,0,Remote,0,False,False,1,32.304896273036945,2.252904566954218,False,False,0.5217681651515051
C005342,28.99,Genie,Bas-Saint-Laurent,G0L,31937,16,80.8,1,Remote,0,False,False,1,31.291078845211242,1.2390871391285145,False,False,0.4769517926678015
C006190,28.12,Arts et lettres,Bas-Saint-Laurent,G5L,59757,7,402.4,0,Remote,0,False,False,0,29.12672199477992,-0.925269711302807,False,False,0.4830033162026319
C002199,31.3,Genie,Capitale-Nationale,G3A,128901,9,17.3,0,Centre,0,False,False,1,32.594356850431325,2.5423651443485973,False,False,0.46297316408418415
C007467,22.63,Arts et lettres,Gaspesie-Iles-de-la-Madeleine,G5C,90793,14,186.2,0,Remote,0,False,False,0,24.643443989559835,-5.408547716522893,False,False,0.4966285569841939
C001031,29.19,Genie,Cote-Nord,G4R,25632,13,432.9,1,Remote,0,False,False,1,31.059626561734134,1.007634855651407,False,False,0.5163961897050807
C002048,24.73,Genie,Montreal,H1A,184737,7,23.5,0,Centre,0,False,False,0,25.73672199477992,-4.315269711302808,False,False,0.5250002084845891
C010775,25.12,Sciences,Capitale-Nationale,G2E,90174,13,0.6,0,Centre,0,False,False,0,26.989626561734134,-3.0623651443485933,False,False,0.5478579933036682
C000019,27.41,Genie,Montreal,H2X,52065,10,30.3,0,Centre,0,False,False,0,28.848174278257027,-1.203817427825701,False,False,0.3962485442830817
C005669,29.93,Sciences sociales,Montreal,H8N,77976,16,31.7,0,Centre,0,False,False,1,32.23107884521124,2.179087139128516,False,False,0.46282169388273325
C001356,30.76,Genie,Montreal,H1A,47315,10,5.6,0,Centre,0,False,False,1,32.19817427825703,2.1461825721743004,False,False,0.45575756128644423
C012337,25.99,Sante,Gaspesie-Iles-de-la-Madeleine,G0C,23562,15,231.1,1,Remote,0,False,False,0,28.147261417385536,-1.9047302886971913,False,False,0.49493391738793086
C005148,27.16,Genie,Cote-Nord,G4R,43620,8,88.5,1,Remote,0,False,False,0,28.310539422605622,-1.7414522834771056,False,False,0.4295245220695404
C003324,25.51,Genie,Montreal,H2X,57151,8,16.3,1,Centre,0,False,False,0,26.660539422605623,-3.391452283477104,False,False,0.4096022041742536
C008099,32.96,Arts et lettres,Montreal,H1A,60602,7,23.2,0,Centre,0,False,False,1,33.96672199477992,3.9147302886971893,False,False,0.45891237537796015
C004582,26.56,Genie,Montreal,H4L,28815,6,32.9,0,Centre,0,False,False,0,27.422904566954216,-2.6290871391285116,False,False,0.4928300246563485
C005557,25.7,Sciences sociales,Montreal,H1A,44265,7,8.0,0,Centre,0,False,False,0,26.70672199477992,-3.3452697113028087,False,False,0.4539375804275639
C008083,24.47,Arts et lettres,Capitale-Nationale,G1R,84905,6,18.5,0,Centre,0,False,False,0,25.332904566954216,-4.719087139128511,False,False,0.4368629150398417
C010735,24.34,Sciences sociales,Cote-Nord,G4R,71008,10,216.1,0,Remote,0,False,False,0,25.778174278257026,-4.273817427825701,False,False,0.4442497416931185
C003944,25.2,Sciences sociales,Montreal,H8N,61481,7,16.6,1,Centre,0,False,False,0,26.20672199477992,-3.8452697113028087,False,False,0.4170333887550663
C001686,29.15,Sciences sociales,Montreal,H2X,32471,13,2.3,0,Centre,0,False,False,1,31.019626561734132,0.9676348556514043,False,False,0.5378660660009078
C011430,30.91,Sante,Bas-Saint-Laurent,G5L,65156,15,338.1,0,Remote,0,False,False,1,33.06726141738554,3.0152697113028104,False,False,0.47115737015030035
C009878,28.6,Sante,Montreal,H2X,33154,9,7.3,0,Centre,0,False,False,0,29.894356850431326,-0.157634855651402,True,False,0.46117570312827844
C000209,33.79,Sante,Capitale-Nationale,G3A,64265,6,10.4,1,Centre,0,False,False,1,34.65290456695421,4.600912860871485,False,False,0.49681024489297665
C001939,20.21,Genie,Montreal,H4L,36222,7,8.1,0,Centre,0,False,True,0,21.21672199477992,-8.835269711302807,False,False,0.5770907258925515
C011842,28.63,Genie,Montreal,H3T,41108,7,4.2,1,Centre,0,False,False,0,29.63672199477992,-0.415269711302809,True,False,0.47909494710849265
C002468,27.49,Sciences sociales,Bas-Saint-Laurent,G0L,26421,8,301.8,1,Remote,0,False,False,0,28.64053942260562,-1.4114522834771073,False,False,0.502591768638594
C012963,28.79,Arts et lettres,Cote-Nord,G0G,41634,12,323.9,0,Remote,0,False,False,1,30.51580913390843,0.46381742782570257,True,False,0.44411360072949796
C006261,27.43,Arts et lettres,Bas-Saint-Laurent,G5L,31118,17,113.5,1,Remote,0,False,False,0,29.874896273036946,-0.1770954330457819,True,False,0.4800318835837712
C011569,25.62,Sciences sociales,Montreal,H3T,81203,11,27.7,0,Centre,0,False,False,0,27.20199170608273,-2.849999999999998,False,False,0.40765697714789234
C002394,27.95,Arts et lettres,Bas-Saint-Laurent,G5L,44005,14,236.7,0,Remote,0,False,False,0,29.963443989559835,-0.08854771652289273,True,False,0.42474483381965894
C010158,26.5,Sciences sociales,Bas-Saint-Laurent,G5N,91499,9,233.6,0,Remote,0,False,False,0,27.794356850431324,-2.2576348556514034,False,False,0.4454409703706035
C008016,24.75,Sciences,Montreal,H2X,81428,10,6.5,0,Centre,0,False,False,0,26.188174278257026,-3.863817427825701,False,False,0.436220741136304
C001713,23.72,Sciences sociales,Capitale-Nationale,G3A,72168,10,71.6,0,Centre,0,False,False,0,25.158174278257025,-4.893817427825702,False,False,0.4419825104755125
C011450,21.76,Sante,Gaspesie-Iles-de-la-Madeleine,G0C,25412,24,189.2,1,Remote,-1,True,True,0,25.211618267816867,-4.8403734382658605,False,False,0.6365363321041418
C005070,25.21,Arts et lettres,Montreal,H8N,123234,10,4.6,0,Centre,0,False,False,0,26.648174278257027,-3.4038174278257003,False,False,0.49559258016837693
C013755,28.25,Genie,Montreal,H2X,86664,8,11.3,0,Centre,0,False,False,0,29.400539422605622,-0.6514522834771057,False,False,0.3987696432164742
C007683,25.93,Genie,Bas-Saint-Laurent,G5L,114667,8,296.4,1,Remote,0,False,False,0,27.08053942260562,-2.971452283477106,False,False,0.49449730050308405
C007822,34.3,Sciences,Gaspesie-Iles-de-la-Madeleine,G0C,28206,17,182.2,0,Remote,0,False,True,1,36.74489627303694,6.6929045669542155,False,False,0.5765492608533819
C003771,25.84,Sante,Bas-Saint-Laurent,G5L,54480,20,373.8,0,Remote,0,False,False,0,28.716348556514053,-1.335643149568675,False,False,0.5256359148890202
C008683,30.72,Sante,Bas-Saint-Laurent,G5L,42166,11,88.4,1,Remote,0,False,False,1,32.30199170608273,2.2500000000000036,False,False,0.4397724903313575
C007654,30.48,Sciences sociales,Cote-Nord,G5B,79590,11,130.1,1,Remote,0,False,False,1,32.06199170608273,2.0100000000000016,False,False,0.43142256802510803
C000386,27.92,Sciences,Montreal,H8N,79949,13,20.1,0,Centre,0,False,False,0,29.789626561734135,-0.2623651443485926,True,False,0.4135870177499821
C004261,28.82,Arts et lettres,Bas-Saint-Laurent,G0L,43149,12,169.7,1,Remote,0,False,False,1,30.54580913390843,0.4938174278257037,True,False,0.42130397505020745
C013534,31.14,Genie,Montreal,H1A,57740,14,19.2,1,Centre,0,False,False,1,33.15344398955984,3.101452283477112,False,False,0.4493658713060687
C001134,26.54,Arts et lettres,Capitale-Nationale,G3A,72156,8,11.2,1,Centre,0,False,False,0,27.69053942260562,-2.3614522834771066,False,False,0.4025472529640583
C006403,28.58,Sciences,Capitale-Nationale,G2E,104061,5,5.2,0,Centre,0,False,False,0,29.29908713912851,-0.7529045669542178,False,False,0.482639124185781
C003498,26.99,Arts et lettres,Montreal,H8N,80222,10,9.4,0,Centre,0,False,False,0,28.428174278257025,-1.6238174278257027,False,False,0.41142809299233823
C004116,27.66,Sciences sociales,Montreal,H2X,59345,14,29.5,0,Centre,0,False,False,0,29.673443989559836,-0.3785477165228919,True,False,0.41602808080499853
C003869,24.01,Genie,Capitale-Nationale,G2E,54532,6,12.6,1,Centre,0,False,False,0,24.87290456695422,-5.179087139128509,False,False,0.45546797785781173
C006762,24.61,Sante,Bas-Saint-Laurent,G0L,56451,11,104.3,0,Remote,0,False,False,0,26.191991706082728,-3.8599999999999994,False,False,0.4282903381729933
C008316,28.59,Arts et lettres,Bas-Saint-Laurent,G5N,54842,9,152.1,0,Remote,0,False,False,0,29.884356850431324,-0.16763485565140357,True,False,0.4154070901067034
C001129,32.7,Arts et lettres,Gaspesie-Iles-de-la-Madeleine,G4X,59349,20,186.6,1,Remote,0,False,True,1,35.576348556514056,5.524356850431328,False,False,0.551416803351025
C004899,21.5,Sante,Montreal,H1A,59013,11,1.8,1,Centre,-1,True,True,0,23.08199170608273,-6.969999999999999,False,False,0.5605995557150663
C000888,29.95,Arts et lettres,Capitale-Nationale,G1R,73233,7,12.5,0,Centre,0,False,False,1,30.95672199477992,0.9047302886971913,False,False,0.4120062760377127
C005156,29.84,Sciences sociales,Gaspesie-Iles-de-la-Madeleine,G4X,29577,15,280.2,1,Remote,0,False,False,1,31.997261417385538,1.9452697113028101,False,False,0.482880324846735
C012131,26.89,Genie,Capitale-Nationale,G1R,52068,9,24.9,0,Centre,0,False,False,0,28.184356850431325,-1.8676348556514029,False,False,0.3963374067655286
C001603,36.71,Genie,Bas-Saint-Laurent,G5N,52767,14,348.8,0,Remote,-1,True,True,1,38.72344398955984,8.671452283477112,False,False,0.5650346528840561
C009883,25.85,Arts et lettres,Montreal,H4L,103851,13,12.7,1,Centre,0,False,False,0,27.719626561734135,-2.332365144348593,False,False,0.44247155639296104
C001485,31.78,Sciences sociales,Capitale-Nationale,G2E,49832,9,17.4,0,Centre,0,False,False,1,33.07435685043132,3.022365144348594,False,False,0.4308505813229914
C011973,26.41,Genie,Cote-Nord,G0G,43950,11,285.1,0,Remote,0,False,False,0,27.99199170608273,-2.0599999999999987,False,False,0.4344008362452775
C007457,28.7,Arts et lettres,Montreal,H1A,86041,7,23.8,0,Centre,0,False,False,0,29.70672199477992,-0.3452697113028087,True,False,0.39589274309821754
C007547,26.16,Genie,Montreal,H2X,57475,12,10.7,0,Centre,0,False,False,0,27.88580913390843,-2.1661825721742964,False,False,0.4173387790103111
C007042,30.14,Sciences,Montreal,H8N,33876,6,3.8,0,Centre,0,False,False,1,31.002904566954218,0.9509128608714903,False,False,0.5243182774968209
C007085,29.77,Sciences sociales,Montreal,H3T,64869,9,9.1,1,Centre,0,False,False,1,31.064356850431324,1.0123651443485961,False,False,0.4065949462503563
C013097,26.66,Arts et lettres,Bas-Saint-Laurent,G5N,60400,11,110.6,0,Remote,0,False,False,0,28.24199170608273,-1.8099999999999987,False,False,0.4117884578097615
C006067,27.86,Sante,Montreal,H2X,39618,10,8.6,0,Centre,0,False,False,0,29.298174278257026,-0.7538174278257017,False,False,0.44193122850616207
C003671,22.88,Genie,Cote-Nord,G4R,117503,16,216.9,1,Remote,0,False,False,0,25.181078845211243,-4.870912860871485,False,False,0.5448031396317736
C009797,29.31,Sciences sociales,Montreal,H8N,70969,11,3.5,0,Centre,0,False,False,1,30.891991706082727,0.8399999999999999,False,False,0.4520162082548515
C004591,27.47,Arts et lettres,Cote-Nord,G5B,73571,18,119.7,0,Remote,0,False,False,1,30.058713700862647,0.006721994779919527,True,False,0.4649011849651095
C005113,26.01,Arts et lettres,Montreal,H1A,70529,10,14.3,0,Centre,0,False,False,0,27.448174278257028,-2.6038174278256996,False,False,0.40033555974709717
C008152,28.6,Sciences,Capitale-Nationale,G2E,93752,7,21.1,0,Centre,0,False,False,0,29.60672199477992,-0.44526971130280657,True,False,0.4011558698556974
C003896,26.7,Arts et lettres,Bas-Saint-Laurent,G5N,52821,18,285.0,0,Remote,0,False,False,0,29.288713700862647,-0.76327800522008,False,False,0.4678917396551763
C013037,19.45,Sciences sociales,Bas-Saint-Laurent,G5N,47680,14,491.8,0,Remote,-1,True,True,0,21.463443989559835,-8.588547716522893,False,False,0.5938001543039703
C001604,22.62,Genie,Capitale-Nationale,G2E,23633,11,11.8,0,Centre,-1,True,True,0,24.20199170608273,-5.849999999999998,False,False,0.5549132073793925
C012357,25.0,Sciences,Montreal,H2X,84631,11,6.1,0,Centre,0,False,False,0,26.58199170608273,-3.469999999999999,False,False,0.4437237771099983
C008467,27.89,Sciences sociales,Montreal,H4L,117884,12,69.6,0,Centre,0,False,False,0,29.61580913390843,-0.436182572174296,True,False,0.4547661972832754
C006956,26.98,Sciences,Montreal,H4L,65269,7,23.9,0,Centre,0,False,False,0,27.98672199477992,-2.0652697113028076,False,False,0.3974922432908958
C008270,31.9,Sciences sociales,Capitale-Nationale,G3A,73645,8,18.0,0,Centre,0,False,False,1,33.05053942260562,2.9985477165228893,False,False,0.4307086840813925
C004962,31.55,Sciences,Montreal,H1A,71557,10,7.5,0,Centre,0,False,False,1,32.98817427825703,2.9361825721742996,False,False,0.4447195407730574
C013620,24.86,Sciences sociales,Capitale-Nationale,G2E,60006,12,11.5,0,Centre,0,False,False,0,26.58580913390843,-3.466182572174297,False,False,0.4247474271828822
C011214,27.22,Sciences sociales,Gaspesie-Iles-de-la-Madeleine,G5C,58812,12,67.3,1,Remote,0,False,False,0,28.94580913390843,-1.1061825721742977,False,False,0.4137639169572713
C002152,31.89,Sciences sociales,Gaspesie-Iles-de-la-Madeleine,G4X,26720,10,486.4,0,Remote,0,False,True,1,33.32817427825702,3.276182572174296,False,False,0.5654250521728489
C010706,29.11,Arts et lettres,Bas-Saint-Laurent,G5N,96123,13,274.6,1,Remote,0,False,False,1,30.979626561734133,0.9276348556514051,False,False,0.4584219277831002
C002359,22.46,Sante,Bas-Saint-Laurent,G0L,53335,15,248.6,1,Remote,0,False,False,0,24.617261417385542,-5.434730288697185,False,False,0.4849476588674163
C011799,25.7,Arts et lettres,Bas-Saint-Laurent,G0L,64722,15,240.8,1,Remote,0,False,False,0,27.857261417385537,-2.1947302886971904,False,False,0.4368938293963345
C005196,25.21,Genie,Gaspesie-Iles-de-la-Madeleine,G5C,32862,11,303.9,0,Remote,0,False,False,0,26.79199170608273,-3.259999999999998,False,False,0.4662978758003633
C007602,27.65,Sciences sociales,Capitale-Nationale,G3A,128862,10,7.7,1,Centre,0,False,False,0,29.088174278257025,-0.9638174278257026,False,False,0.4630815989764779
C001251,27.69,Genie,Montreal,H1A,50033,10,18.6,0,Centre,0,False,False,0,29.128174278257028,-0.9238174278256999,False,False,0.395710545492596
C005120,28.79,Sciences sociales,Montreal,H1A,85700,4,18.8,0,Centre,0,False,False,0,29.36526971130281,-0.6867219947799192,False,False,0.4488728984672377
C008647,22.34,Sciences sociales,Gaspesie-Iles-de-la-Madeleine,G0C,42934,6,186.9,0,Remote,0,False,False,0,23.202904566954217,-6.84908713912851,False,False,0.5232733817916033
C009008,26.96,Sciences,Cote-Nord,G4R,25136,12,90.1,1,Remote,0,False,False,0,28.685809133908432,-1.3661825721742957,False,False,0.4778895583993688
C000850,32.57,Sciences,Gaspesie-Iles-de-la-Madeleine,G5C,47858,10,227.3,0,Remote,0,False,False,1,34.00817427825703,3.9561825721743027,False,False,0.47304442932574514
C007434,32.05,Sciences,Gaspesie-Iles-de-la-Madeleine,G5C,97838,7,323.7,0,Remote,0,False,False,1,33.05672199477991,3.0047302886971856,False,False,0.5346039547148537
C000061,26.33,Sante,Gaspesie-Iles-de-la-Madeleine,G5C,45590,18,115.8,1,Remote,0,False,False,0,28.918713700862646,-1.133278005220081,False,False,0.4663284807664907
C006512,27.43,Sante,Bas-Saint-Laurent,G5N,35937,15,151.9,0,Remote,0,False,False,0,29.58726141738554,-0.46473028869718647,True,False,0.44100337608588847
C005251,25.06,Sciences,Montreal,H8N,83591,10,11.2,1,Centre,0,False,False,0,26.498174278257025,-3.5538174278257024,False,False,0.41564026572274376
C005023,27.54,Arts et lettres,Bas-Saint-Laurent,G5N,69435,12,237.3,1,Remote,0,False,False,0,29.26580913390843,-0.7861825721742974,False,False,0.41623642557078794
C003890,26.73,Genie,Montreal,H1A,117130,8,29.7,0,Centre,0,False,False,0,27.880539422605622,-2.1714522834771053,False,False,0.42950361326176467
C003203,23.82,Genie,Montreal,H8N,59978,9,66.2,1,Centre,0,False,False,0,25.114356850431324,-4.937634855651403,False,False,0.4405417584388726
C010751,26.57,Sante,Bas-Saint-Laurent,G5N,64500,16,241.4,1,Remote,0,False,False,0,28.871078845211244,-1.1809128608714836,False,False,0.44193908591136033
C001227,27.08,Genie,Gaspesie-Iles-de-la-Madeleine,G5C,65014,19,522.6,0,Remote,0,False,False,0,29.81253112868835,-0.23946057739437876,True,False,0.5391652776753173
C009713,31.12,Arts et lettres,Cote-Nord,G4R,45819,11,172.8,1,Remote,0,False,False,1,32.70199170608273,2.650000000000002,False,False,0.4384773199608938
C004663,29.38,Sciences sociales,Montreal,H1A,54436,4,43.2,0,Centre,0,False,False,0,29.955269711302808,-0.09672199477991938,True,False,0.4715787196651289
C004304,24.42,Sciences sociales,Bas-Saint-Laurent,G0L,54707,12,241.1,0,Remote,0,False,False,0,26.145809133908433,-3.906182572174295,False,False,0.4330474922942547
C003376,28.42,Arts et lettres,Cote-Nord,G0G,60188,9,70.1,0,Remote,0,False,False,0,29.714356850431326,-0.3376348556514017,True,False,0.40796723358587034
C002037,29.76,Arts et lettres,Cote-Nord,G0G,60064,18,236.5,0,Remote,0,False,False,1,32.348713700862646,2.2967219947799187,False,False,0.46788654571069244
C005193,24.98,Sciences sociales,Montreal,H3T,70231,8,21.3,0,Centre,0,False,False,0,26.130539422605622,-3.9214522834771053,False,False,0.40542900116900304
C001153,30.58,Sciences sociales,Gaspesie-Iles-de-la-Madeleine,G4X,47864,9,189.8,0,Remote,0,False,False,1,31.874356850431322,1.8223651443485949,False,False,0.43719182979987986
C007476,31.26,Sciences,Montreal,H8N,52658,10,16.3,0,Centre,0,False,False,1,32.69817427825703,2.6461825721743004,False,False,0.41682312363812396
C001469,26.76,Sciences sociales,Cote-Nord,G0G,28641,8,440.4,0,Remote,0,False,False,0,27.910539422605623,-2.141452283477104,False,False,0.5243525326812782
C003788,25.29,Sciences sociales,Montreal,H4L,82369,7,23.0,0,Centre,0,False,False,0,26.29672199477992,-3.755269711302809,False,False,0.41540978815374663
C004518,27.38,Genie,Montreal,H8N,103963,14,76.0,0,Centre,0,False,False,0,29.393443989559835,-0.658547716522893,False,False,0.4455352153052621
C007490,27.83,Sciences,Montreal,H4L,52090,17,21.5,1,Centre,0,False,False,1,30.274896273036944,0.22290456695421668,True,False,0.4596583081767905
C013720,27.04,Sante,Cote-Nord,G5B,77546,12,240.5,1,Remote,0,False,False,0,28.76580913390843,-1.2861825721742974,False,False,0.42431594727210975
C002383,28.86,Genie,Capitale-Nationale,G1V,60991,13,11.2,1,Centre,0,False,False,1,30.729626561734133,0.6776348556514051,False,False,0.4217930179058462
C000638,28.4,Genie,Capitale-Nationale,G2E,76103,11,20.4,0,Centre,0,False,False,0,29.981991706082727,-0.07000000000000028,True,False,0.39196727252229513
C004992,25.03,Genie,Gaspesie-Iles-de-la-Madeleine,G0C,57635,9,121.8,0,Remote,0,False,False,0,26.324356850431325,-3.7276348556514023,False,False,0.4321930271040732
C010963,30.32,Sante,Montreal,H8N,98302,8,12.2,1,Centre,0,False,False,1,31.470539422605622,1.4185477165228946,False,False,0.41797086857181603
C013481,30.8,Genie,Capitale-Nationale,G3A,161070,13,7.0,0,Centre,0,False,False,1,32.669626561734134,2.6176348556514064,False,False,0.535777862589875
C005013,26.15,Sante,Bas-Saint-Laurent,G0L,55517,16,125.5,0,Remote,0,False,False,0,28.451078845211242,-1.6009128608714853,False,False,0.4421970739071246
C003702,23.82,Sciences sociales,Capitale-Nationale,G1V,72112,13,9.1,1,Centre,0,False,False,0,25.689626561734134,-4.362365144348594,False,False,0.462832429818832
C011008,30.89,Arts et lettres,Capitale-Nationale,G1V,38564,7,21.0,0,Centre,0,False,False,1,31.89672199477992,1.8447302886971926,False,False,0.4497040839546016
C013261,23.98,Sciences sociales,Montreal,H8N,58751,8,41.2,1,Centre,0,False,False,0,25.130539422605622,-4.921452283477105,False,False,0.4344410096835198
C010057,28.32,Sciences,Montreal,H8N,48109,8,13.5,0,Centre,0,False,False,0,29.470539422605622,-0.5814522834771054,False,False,0.40674324337817735
C008562,30.73,Sciences,Gaspesie-Iles-de-la-Madeleine,G0C,96738,15,64.5,1,Remote,0,False,False,1,32.88726141738554,2.8352697113028107,False,False,0.4787212255990654
C003447,26.98,Arts et lettres,Montreal,H3T,143886,7,31.5,0,Centre,0,False,False,0,27.98672199477992,-2.0652697113028076,False,False,0.4631520102818262
C003969,28.2,Sciences,Bas-Saint-Laurent,G0L,61863,19,75.1,1,Remote,0,False,False,1,30.93253112868835,0.8805394226056222,False,False,0.48649473135756005
C001389,27.78,Arts et lettres,Cote-Nord,G4R,47847,8,203.6,0,Remote,0,False,False,0,28.930539422605623,-1.1214522834771046,False,False,0.42941358614584174
C008534,27.44,Sante,Cote-Nord,G5B,67683,10,407.7,0,Remote,0,False,False,0,28.878174278257028,-1.1738174278256999,False,False,0.45542338412615185
C011257,31.3,Sante,Montreal,H1A,111814,8,10.6,0,Centre,0,False,False,1,32.45053942260562,2.398547716522895,False,False,0.4602412469400764
C006064,30.21,Sciences,Cote-Nord,G5B,94737,11,144.2,1,Remote,0,False,False,1,31.79199170608273,1.740000000000002,False,False,0.444135735372504
C008231,35.72,Genie,Montreal,H2X,88482,2,35.0,1,Centre,-1,True,True,1,36.0076348556514,5.955643149568676,False,False,0.6099138840474027
C011203,22.34,Arts et lettres,Capitale-Nationale,G3A,68711,10,9.5,0,Centre,0,False,False,0,23.778174278257026,-6.273817427825701,False,False,0.4677199608485367
C011280,30.54,Genie,Montreal,H8N,111443,10,13.3,0,Centre,0,False,False,1,31.978174278257026,1.926182572174298,False,False,0.43864651951352435
C000995,34.91,Arts et lettres,Montreal,H4L,87363,12,27.5,1,Centre,0,False,False,1,36.63580913390843,6.583817427825704,False,False,0.5237461809030585
C012893,35.2,Sante,Montreal,H4L,52717,9,22.5,1,Centre,0,False,False,1,36.49435685043132,6.442365144348596,False,False,0.510846091292892
C000158,25.82,Genie,Bas-Saint-Laurent,G5L,96076,14,48.1,0,Remote,0,False,False,0,27.833443989559836,-2.2185477165228917,False,False,0.44755634586063353
C003877,25.22,Sante,Montreal,H2X,54408,11,14.9,0,Centre,0,False,False,0,26.801991706082728,-3.25,False,False,0.42007933700975075
C008214,28.45,Genie,Montreal,H4L,44128,15,16.7,1,Centre,0,False,False,1,30.607261417385537,0.5552697113028096,False,False,0.44917052983080497
C009021,32.45,Sante,Capitale-Nationale,G2E,91570,10,17.7,0,Centre,0,False,False,1,33.888174278257026,3.836182572174298,False,False,0.4486498826286659
C010583,33.17,Arts et lettres,Cote-Nord,G5B,65826,17,227.6,0,Remote,0,False,False,1,35.61489627303695,5.56290456695422,False,False,0.5221097804249867
C005917,32.28,Sciences sociales,Montreal,H4L,79113,5,5.7,0,Centre,0,False,False,1,32.99908713912851,2.947095433045785,False,False,0.511068959638857
C000902,29.98,Sciences,Bas-Saint-Laurent,G5L,27842,17,410.0,1,Remote,0,False,False,1,32.42489627303694,2.3729045669542153,False,False,0.5360541049133885
C006999,27.44,Sciences,Capitale-Nationale,G1V,93579,8,41.1,0,Centre,0,False,False,0,28.590539422605623,-1.4614522834771044,False,False,0.41245634121626423
C007847,25.83,Sante,Capitale-Nationale,G1V,130729,14,38.0,0,Centre,0,False,False,0,27.843443989559834,-2.2085477165228937,False,False,0.4842669463214338
C003821,34.4,Sciences sociales,Bas-Saint-Laurent,G5N,80434,8,355.4,0,Remote,0,False,True,1,35.55053942260562,5.498547716522889,False,False,0.5540385939808367
C007949,24.43,Sciences,Montreal,H8N,52255,10,12.8,1,Centre,0,False,False,0,25.868174278257026,-4.183817427825701,False,False,0.4273983940809618
